frame,idx,hdim_1,hdim_2,num,threshold_value,feature,time,timestr,lon,lat,ncells,case,domain,size_km2
0,4,0.0013991920369098422,21.054615619887336,9,0.3,1,2024-09-28 13:00:00,2024-09-28 13:00:00,13.755273078099437,51.850006995960186,0.0,case2,DOM02,0.0
0,7,32.44895218386287,162.01624698317036,8,0.3,2,2024-09-28 13:00:00,2024-09-28 13:00:00,14.460081234915853,52.012244760919316,0.0,case2,DOM02,0.0
0,8,30.9659704699379,168.15860370660752,19,0.3,3,2024-09-28 13:00:00,2024-09-28 13:00:00,14.490793018533038,52.004829852349694,0.0,case2,DOM02,0.0
0,12,36.17672361974015,147.63279744834188,11,0.3,4,2024-09-28 13:00:00,2024-09-28 13:00:00,14.38816398724171,52.0308836180987,0.0,case2,DOM02,0.0
0,21,96.96749747030647,141.08381560988076,31,0.3,5,2024-09-28 13:00:00,2024-09-28 13:00:00,14.355419078049405,52.334837487351535,0.0,case2,DOM02,0.0
0,27,136.99439380245514,139.8940579002445,97,0.3,6,2024-09-28 13:00:00,2024-09-28 13:00:00,14.349470289501221,52.534971969012275,0.0,case2,DOM02,0.0
0,28,139.5710869570619,54.543009559465894,26,0.3,7,2024-09-28 13:00:00,2024-09-28 13:00:00,13.922715047797329,52.54785543478531,0.0,case2,DOM02,0.0
0,29,139.99101118735945,157.29190823881154,6,0.3,8,2024-09-28 13:00:00,2024-09-28 13:00:00,14.436459541194058,52.54995505593679,0.0,case2,DOM02,0.0
0,35,27.684366996082655,96.9608786290792,132,0.5,11,2024-09-28 13:00:00,2024-09-28 13:00:00,14.134804393145396,51.988421834980414,187.0,case2,DOM02,35.26975580344398
0,38,32.195581004580234,69.16495899642382,17,0.5,12,2024-09-28 13:00:00,2024-09-28 13:00:00,13.995824794982118,52.0109779050229,97.0,case2,DOM02,18.295007021037783
0,40,39.35918535848277,97.56777067778104,25,0.5,13,2024-09-28 13:00:00,2024-09-28 13:00:00,14.137838853388905,52.04679592679241,96.0,case2,DOM02,18.10639870123327
0,41,46.48738841823035,82.46296376296843,206,0.5,14,2024-09-28 13:00:00,2024-09-28 13:00:00,14.062314818814842,52.08243694209115,377.0,case2,DOM02,71.10533656630149
0,44,56.25995296355182,109.11012755452774,68,0.5,15,2024-09-28 13:00:00,2024-09-28 13:00:00,14.195550637772639,52.13129976481776,373.0,case2,DOM02,70.35090328708344
0,49,91.16698477407407,115.75786779018165,28,0.5,18,2024-09-28 13:00:00,2024-09-28 13:00:00,14.228789338950909,52.30583492387037,137.0,case2,DOM02,25.839339813218313
0,53,114.89069499853021,123.7365682610339,5,0.5,20,2024-09-28 13:00:00,2024-09-28 13:00:00,14.26868284130517,52.424453474992646,77.0,case2,DOM02,14.52284062494752
0,54,114.91851286499114,129.84909325111894,7,0.5,21,2024-09-28 13:00:00,2024-09-28 13:00:00,14.299245466255595,52.42459256432495,42.0,case2,DOM02,7.921549431789557
0,55,114.34423541577787,138.7015896521963,11,0.5,22,2024-09-28 13:00:00,2024-09-28 13:00:00,14.343507948260982,52.42172117707889,66.0,case2,DOM02,12.448149107097873
0,56,118.08496167641857,91.55902103621094,72,0.5,23,2024-09-28 13:00:00,2024-09-28 13:00:00,14.107795105181054,52.44042480838209,155.0,case2,DOM02,29.234289569699552
0,66,35.45610119833166,38.59209734836027,29,0.7,27,2024-09-28 13:00:00,2024-09-28 13:00:00,13.842960486741802,52.027280505991655,143.0,case2,DOM02,26.970989732045393
0,69,101.0,45.741064567909014,6,0.7,28,2024-09-28 13:00:00,2024-09-28 13:00:00,13.878705322839545,52.355,329.0,case2,DOM02,62.05213721568486
1,4,0.0,21.053156258826345,10,0.3,30,2024-09-28 13:05:00,2024-09-28 13:05:00,13.755265781294133,51.85,0.0,case2,DOM02,0.0
1,6,30.779665242757176,169.5174007898697,14,0.3,31,2024-09-28 13:05:00,2024-09-28 13:05:00,14.497587003949349,52.003898326213786,0.0,case2,DOM02,0.0
1,8,35.330733673274054,150.46601684800692,6,0.3,32,2024-09-28 13:05:00,2024-09-28 13:05:00,14.402330084240035,52.02665366836637,0.0,case2,DOM02,0.0
1,12,96.72445528161454,140.82488188544087,35,0.3,33,2024-09-28 13:05:00,2024-09-28 13:05:00,14.354124409427204,52.33362227640807,0.0,case2,DOM02,0.0
1,16,137.34664792926776,139.73378212407056,97,0.3,34,2024-09-28 13:05:00,2024-09-28 13:05:00,14.348668910620352,52.53673323964634,0.0,case2,DOM02,0.0
1,18,139.49883619781608,55.47559506295978,30,0.3,35,2024-09-28 13:05:00,2024-09-28 13:05:00,13.9273779753148,52.54749418098908,0.0,case2,DOM02,0.0
1,22,20.26829658392611,42.018273546141636,80,0.5,37,2024-09-28 13:05:00,2024-09-28 13:05:00,13.860091367730707,51.95134148291963,131.0,case2,DOM02,24.707689894391233
1,23,27.475554412230363,97.24627016791487,130,0.5,38,2024-09-28 13:05:00,2024-09-28 13:05:00,14.136231350839575,51.98737777206115,178.0,case2,DOM02,33.57228092520336
1,27,32.3302459565808,67.67641483946845,5,0.5,39,2024-09-28 13:05:00,2024-09-28 13:05:00,13.988382074197343,52.011651229782906,127.0,case2,DOM02,23.953256615173185
1,30,39.68882403285005,98.37250509303556,19,0.5,40,2024-09-28 13:05:00,2024-09-28 13:05:00,14.141862525465179,52.04844412016425,99.0,case2,DOM02,18.67222366064681
1,31,46.49471175285174,82.62504363782847,191,0.5,41,2024-09-28 13:05:00,2024-09-28 13:05:00,14.063125218189143,52.082473558764256,366.0,case2,DOM02,69.03064504845185
1,35,56.05065927564238,111.39152005609976,45,0.5,42,2024-09-28 13:05:00,2024-09-28 13:05:00,14.2069576002805,52.130253296378214,368.0,case2,DOM02,69.40786168806088
1,40,59.62389194871963,106.51124234327402,6,0.5,43,2024-09-28 13:05:00,2024-09-28 13:05:00,14.18255621171637,52.1481194597436,31.0,case2,DOM02,5.846857913939911
1,47,90.29934888013592,115.82014985248765,19,0.5,46,2024-09-28 13:05:00,2024-09-28 13:05:00,14.229100749262438,52.30149674440068,130.0,case2,DOM02,24.519081574586725
1,50,101.07269859221839,45.052920092247064,244,0.5,48,2024-09-28 13:05:00,2024-09-28 13:05:00,13.875264600461236,52.35536349296109,331.0,case2,DOM02,62.42935385529388
1,53,114.77707116822505,133.1561226510525,5,0.5,49,2024-09-28 13:05:00,2024-09-28 13:05:00,14.315780613255262,52.42388535584112,82.0,case2,DOM02,15.465882223970086
1,54,115.39156213598734,128.31910189134098,6,0.5,50,2024-09-28 13:05:00,2024-09-28 13:05:00,14.291595509456705,52.42695781067994,68.0,case2,DOM02,12.8253657467069
1,55,118.01444251387791,91.74410429892016,72,0.5,51,2024-09-28 13:05:00,2024-09-28 13:05:00,14.1087205214946,52.44007221256939,167.0,case2,DOM02,31.49758940735371
1,61,13.122996262105687,67.63767661980282,308,0.7,54,2024-09-28 13:05:00,2024-09-28 13:05:00,13.988188383099015,51.915614981310526,783.0,case2,DOM02,147.68031440693386
1,62,10.675094585644239,86.58276162862286,8,0.7,55,2024-09-28 13:05:00,2024-09-28 13:05:00,14.082913808143115,51.90337547292822,108.0,case2,DOM02,20.36969853888743
1,63,35.27489625314213,38.28206525080333,25,0.7,56,2024-09-28 13:05:00,2024-09-28 13:05:00,13.841410326254017,52.02637448126571,141.0,case2,DOM02,26.593773092436365
2,12,68.77254323522536,57.323671065485314,7,0.3,58,2024-09-28 13:10:00,2024-09-28 13:10:00,13.936618355327427,52.19386271617613,0.0,case2,DOM02,0.0
2,16,95.37589295508876,149.80376404627222,7,0.3,59,2024-09-28 13:10:00,2024-09-28 13:10:00,14.399018820231362,52.326879464775445,0.0,case2,DOM02,0.0
2,21,138.44506543267178,164.9274533719571,169,0.3,61,2024-09-28 13:10:00,2024-09-28 13:10:00,14.474637266859785,52.54222532716336,0.0,case2,DOM02,0.0
2,22,138.99799862098018,68.59639306120998,41,0.3,62,2024-09-28 13:10:00,2024-09-28 13:10:00,13.992981965306049,52.544989993104906,0.0,case2,DOM02,0.0
2,29,20.14692686589548,49.79980954677677,62,0.5,65,2024-09-28 13:10:00,2024-09-28 13:10:00,13.898999047733884,51.95073463432948,96.0,case2,DOM02,18.10639870123327
2,31,32.534242099687724,79.81940825904086,17,0.5,66,2024-09-28 13:10:00,2024-09-28 13:10:00,14.049097041295205,52.01267121049844,112.0,case2,DOM02,21.124131818105482
2,32,37.93544526971217,106.61368686979208,64,0.5,67,2024-09-28 13:10:00,2024-09-28 13:10:00,14.18306843434896,52.03967722634856,171.0,case2,DOM02,32.25202268657176
2,36,49.32668077342516,45.17705803811948,7,0.5,68,2024-09-28 13:10:00,2024-09-28 13:10:00,13.875885290190597,52.09663340386712,116.0,case2,DOM02,21.878565097323538
2,39,51.954873577283784,50.58548951561269,5,0.5,69,2024-09-28 13:10:00,2024-09-28 13:10:00,13.902927447578064,52.109774367886416,57.0,case2,DOM02,10.750674228857255
2,40,54.992911524613724,120.86926416876462,36,0.5,70,2024-09-28 13:10:00,2024-09-28 13:10:00,14.254346320843824,52.124964557623066,223.0,case2,DOM02,42.05965531640645
2,41,56.35964316468251,111.75030337822668,6,0.5,71,2024-09-28 13:10:00,2024-09-28 13:10:00,14.208751516891134,52.131798215823416,214.0,case2,DOM02,40.36218043816584
2,46,63.045664070305236,14.791547336158787,47,0.5,72,2024-09-28 13:10:00,2024-09-28 13:10:00,13.723957736680793,52.165228320351524,133.0,case2,DOM02,25.08490653400026
2,53,89.5548236788432,124.16460216562109,54,0.5,74,2024-09-28 13:10:00,2024-09-28 13:10:00,14.270823010828105,52.297774118394216,173.0,case2,DOM02,32.62923932618079
2,58,113.38887758202311,138.40518954464858,76,0.5,75,2024-09-28 13:10:00,2024-09-28 13:10:00,14.342025947723243,52.416944387910114,168.0,case2,DOM02,31.686197727158227
2,59,116.58024044193321,99.98698268391966,88,0.5,76,2024-09-28 13:10:00,2024-09-28 13:10:00,14.1499349134196,52.43290120220967,120.0,case2,DOM02,22.63299837654159
2,60,114.76474254407036,120.52309625515247,20,0.5,77,2024-09-28 13:10:00,2024-09-28 13:10:00,14.252615481275763,52.42382371272035,45.0,case2,DOM02,8.487374391203096
2,69,33.7450548017591,45.622940018562964,64,0.7,80,2024-09-28 13:10:00,2024-09-28 13:10:00,13.878114700092816,52.0187252740088,120.0,case2,DOM02,22.63299837654159
2,70,45.13266538010768,88.45402314043761,10,0.7,81,2024-09-28 13:10:00,2024-09-28 13:10:00,14.092270115702188,52.07566332690054,158.0,case2,DOM02,29.800114529113092
2,71,45.276757144746036,94.442882957758,9,0.7,82,2024-09-28 13:10:00,2024-09-28 13:10:00,14.12221441478879,52.076383785723735,163.0,case2,DOM02,30.74315612813566
2,74,99.0212784883461,57.722753088996306,61,0.7,84,2024-09-28 13:10:00,2024-09-28 13:10:00,13.93861376544498,52.34510639244173,296.0,case2,DOM02,55.82806266213592
3,10,78.88925016254552,57.86954014004105,316,0.3,86,2024-09-28 13:15:00,2024-09-28 13:15:00,13.939347700700205,52.24444625081273,0.0,case2,DOM02,0.0
3,11,68.51239313240434,62.022617086270955,6,0.3,87,2024-09-28 13:15:00,2024-09-28 13:15:00,13.960113085431356,52.19256196566202,0.0,case2,DOM02,0.0
3,13,70.56912689360287,54.204642576700074,7,0.3,88,2024-09-28 13:15:00,2024-09-28 13:15:00,13.921023212883501,52.20284563446801,0.0,case2,DOM02,0.0
3,25,120.5736096355557,177.54415877540814,75,0.3,89,2024-09-28 13:15:00,2024-09-28 13:15:00,14.53772079387704,52.45286804817778,0.0,case2,DOM02,0.0
3,31,13.275804472698262,17.97073571636307,7,0.5,92,2024-09-28 13:15:00,2024-09-28 13:15:00,13.739853678581815,51.91637902236349,73.0,case2,DOM02,13.768407345729466
3,33,19.18655452305913,56.486571631331074,34,0.5,94,2024-09-28 13:15:00,2024-09-28 13:15:00,13.932432858156655,51.94593277261529,61.0,case2,DOM02,11.505107508075309
3,34,30.147252227651396,28.91968666740168,21,0.5,95,2024-09-28 13:15:00,2024-09-28 13:15:00,13.794598433337008,52.00073626113826,53.0,case2,DOM02,9.996240949639201
3,37,35.992198409226546,116.76593484433813,112,0.5,96,2024-09-28 13:15:00,2024-09-28 13:15:00,14.23382967422169,52.029960992046135,291.0,case2,DOM02,54.885021063113356
3,41,46.453882930085534,44.58785365659726,11,0.5,97,2024-09-28 13:15:00,2024-09-28 13:15:00,13.872939268282986,52.082269414650426,68.0,case2,DOM02,12.8253657467069
3,44,51.309268296286994,56.68746315727812,9,0.5,98,2024-09-28 13:15:00,2024-09-28 13:15:00,13.93343731578639,52.10654634148143,94.0,case2,DOM02,17.729182061624243
3,46,54.37574982763895,127.33349496462223,20,0.5,99,2024-09-28 13:15:00,2024-09-28 13:15:00,14.286667474823112,52.12187874913819,411.0,case2,DOM02,77.51801943965495
3,52,61.5109930429299,21.682587104762835,56,0.5,100,2024-09-28 13:15:00,2024-09-28 13:15:00,13.758412935523815,52.15755496521465,130.0,case2,DOM02,24.519081574586725
3,54,75.69400687684296,114.04399922713517,86,0.5,101,2024-09-28 13:15:00,2024-09-28 13:15:00,14.220219996135677,52.228470034384216,188.0,case2,DOM02,35.45836412324849
3,58,88.72725082677614,131.3350691482221,84,0.5,102,2024-09-28 13:15:00,2024-09-28 13:15:00,14.30667534574111,52.29363625413388,153.0,case2,DOM02,28.857072930090528
3,63,112.23574602059142,143.46693707861442,159,0.5,105,2024-09-28 13:15:00,2024-09-28 13:15:00,14.367334685393072,52.411178730102954,221.0,case2,DOM02,41.682438676797425
3,70,31.94655001217963,52.752446919607756,83,0.7,109,2024-09-28 13:15:00,2024-09-28 13:15:00,13.913762234598039,52.0097327500609,141.0,case2,DOM02,26.593773092436365
3,71,43.350896772758134,99.09617385109219,59,0.7,110,2024-09-28 13:15:00,2024-09-28 13:15:00,14.145480869255461,52.06675448386379,223.0,case2,DOM02,42.05965531640645
3,75,97.89278190537664,65.89058218290587,86,0.7,112,2024-09-28 13:15:00,2024-09-28 13:15:00,13.97945291091453,52.339463909526884,259.0,case2,DOM02,48.849554829368934
3,77,115.47316936125485,107.71170932335924,27,0.7,114,2024-09-28 13:15:00,2024-09-28 13:15:00,14.188558546616797,52.427365846806275,102.0,case2,DOM02,19.23804862006035
4,8,47.631425304329554,26.86464523281674,25,0.3,115,2024-09-28 13:20:00,2024-09-28 13:20:00,13.784323226164084,52.08815712652165,0.0,case2,DOM02,0.0
4,12,67.60178208459646,66.82527407227948,250,0.3,116,2024-09-28 13:20:00,2024-09-28 13:20:00,13.984126370361396,52.18800891042298,0.0,case2,DOM02,0.0
4,16,80.11653710834024,77.61266269131922,126,0.3,117,2024-09-28 13:20:00,2024-09-28 13:20:00,14.038063313456597,52.2505826855417,0.0,case2,DOM02,0.0
4,19,114.01757605500185,93.63462813058078,32,0.3,118,2024-09-28 13:20:00,2024-09-28 13:20:00,14.118173140652903,52.42008788027501,0.0,case2,DOM02,0.0
4,29,28.243219768647474,35.896541060817405,41,0.5,122,2024-09-28 13:20:00,2024-09-28 13:20:00,13.829482705304088,51.99121609884324,60.0,case2,DOM02,11.316499188270795
4,32,44.56568127031785,51.1213418176172,22,0.5,123,2024-09-28 13:20:00,2024-09-28 13:20:00,13.905606709088085,52.07282840635159,54.0,case2,DOM02,10.184849269443715
4,33,49.79932445143385,64.97019148133529,33,0.5,124,2024-09-28 13:20:00,2024-09-28 13:20:00,13.974850957406677,52.09899662225717,64.0,case2,DOM02,12.070932467488849
4,35,53.248642339939025,136.59876171314562,9,0.5,125,2024-09-28 13:20:00,2024-09-28 13:20:00,14.332993808565728,52.1162432116997,245.0,case2,DOM02,46.20903835210574
4,36,53.92613405761114,140.4134527277834,6,0.5,126,2024-09-28 13:20:00,2024-09-28 13:20:00,14.352067263638917,52.11963067028805,78.0,case2,DOM02,14.711448944752034
4,38,59.92884568626043,28.544507885401696,57,0.5,127,2024-09-28 13:20:00,2024-09-28 13:20:00,13.79272253942701,52.1496442284313,81.0,case2,DOM02,15.277273904165574
4,41,87.54498361778441,138.0847187282501,87,0.5,129,2024-09-28 13:20:00,2024-09-28 13:20:00,14.340423593641251,52.28772491808892,151.0,case2,DOM02,28.4798562904815
4,44,100.45849975866035,49.55285523265049,41,0.5,130,2024-09-28 13:20:00,2024-09-28 13:20:00,13.897764276163253,52.352292498793304,66.0,case2,DOM02,12.448149107097873
4,46,110.75346513159899,152.28661836313742,161,0.5,131,2024-09-28 13:20:00,2024-09-28 13:20:00,14.411433091815688,52.403767325657995,202.0,case2,DOM02,38.09888060051168
4,48,132.8263973259109,37.04887779898177,9,0.5,132,2024-09-28 13:20:00,2024-09-28 13:20:00,13.83524438899491,52.51413198662956,23.0,case2,DOM02,4.337991355503805
4,56,30.034803640958412,59.28157704432948,99,0.7,136,2024-09-28 13:20:00,2024-09-28 13:20:00,13.946407885221648,52.000174018204795,214.0,case2,DOM02,40.36218043816584
4,58,42.14817696163047,104.96902952228186,74,0.7,138,2024-09-28 13:20:00,2024-09-28 13:20:00,14.17484514761141,52.060740884808155,168.0,case2,DOM02,31.686197727158227
4,62,96.80025271393194,74.88941475529106,99,0.7,141,2024-09-28 13:20:00,2024-09-28 13:20:00,14.024447073776455,52.33400126356966,201.0,case2,DOM02,37.91027228070717
4,64,112.29982364819276,35.89025428923807,11,0.7,142,2024-09-28 13:20:00,2024-09-28 13:20:00,13.82945127144619,52.41149911824096,174.0,case2,DOM02,32.8178476459853
4,65,114.23824561706095,116.83550686438872,50,0.7,143,2024-09-28 13:20:00,2024-09-28 13:20:00,14.234177534321944,52.421191228085306,98.0,case2,DOM02,18.4836153408423
4,66,119.77185943761282,32.007997260138715,220,0.7,144,2024-09-28 13:20:00,2024-09-28 13:20:00,13.810039986300694,52.448859297188065,503.0,case2,DOM02,94.86998486167016
4,69,128.91656204393817,51.98798824447728,152,0.7,145,2024-09-28 13:20:00,2024-09-28 13:20:00,13.909939941222387,52.49458281021969,722.0,case2,DOM02,136.1752068988586
5,5,4.6277143441426105,35.21810490512649,57,0.3,147,2024-09-28 13:25:00,2024-09-28 13:25:00,13.826090524525632,51.87313857172071,0.0,case2,DOM02,0.0
5,8,20.47157471985642,25.685106449865252,12,0.3,148,2024-09-28 13:25:00,2024-09-28 13:25:00,13.778425532249326,51.95235787359928,0.0,case2,DOM02,0.0
5,14,52.02691002681589,140.6314640565711,492,0.3,149,2024-09-28 13:25:00,2024-09-28 13:25:00,14.353157320282856,52.11013455013408,159.0,case2,DOM02,29.988722848917607
5,16,39.887111267749,9.011997574544981,9,0.3,150,2024-09-28 13:25:00,2024-09-28 13:25:00,13.695059987872725,52.04943555633874,0.0,case2,DOM02,0.0
5,17,41.78628203360958,2.2421374851523903,22,0.3,151,2024-09-28 13:25:00,2024-09-28 13:25:00,13.661210687425763,52.05893141016805,0.0,case2,DOM02,0.0
5,21,50.45074626699275,19.53085067044287,18,0.3,152,2024-09-28 13:25:00,2024-09-28 13:25:00,13.747654253352215,52.10225373133496,0.0,case2,DOM02,0.0
5,22,54.92803200595794,59.61222789058601,63,0.3,153,2024-09-28 13:25:00,2024-09-28 13:25:00,13.94806113945293,52.12464016002979,13.0,case2,DOM02,2.4519081574586723
5,26,67.52672138611668,70.55512830757803,170,0.3,154,2024-09-28 13:25:00,2024-09-28 13:25:00,14.002775641537891,52.18763360693058,44.0,case2,DOM02,8.298766071398582
5,27,60.0,111.57610680839174,5,0.3,155,2024-09-28 13:25:00,2024-09-28 13:25:00,14.207880534041958,52.15,0.0,case2,DOM02,0.0
5,34,112.80188613590289,100.60242962986678,22,0.3,156,2024-09-28 13:25:00,2024-09-28 13:25:00,14.153012148149333,52.41400943067951,4.0,case2,DOM02,0.754433279218053
5,40,19.496737041333862,114.92522207073117,10,0.5,158,2024-09-28 13:25:00,2024-09-28 13:25:00,14.224626110353656,51.94748368520667,2.0,case2,DOM02,0.3772166396090265
5,45,42.667714474488804,57.16806744679763,29,0.5,159,2024-09-28 13:25:00,2024-09-28 13:25:00,13.935840337233989,52.063338572372444,56.0,case2,DOM02,10.562065909052741
5,46,48.105065826065925,71.99111907012283,35,0.5,160,2024-09-28 13:25:00,2024-09-28 13:25:00,14.009955595350615,52.09052532913033,56.0,case2,DOM02,10.562065909052741
5,48,58.62512748405065,36.99942847927876,58,0.5,161,2024-09-28 13:25:00,2024-09-28 13:25:00,13.834997142396395,52.143125637420255,76.0,case2,DOM02,14.334232305143006
5,51,86.44663421681241,144.55535478139606,103,0.5,162,2024-09-28 13:25:00,2024-09-28 13:25:00,14.37277677390698,52.28223317108406,138.0,case2,DOM02,26.027948133022825
5,61,9.526118764725496,101.5098965893442,91,0.7,167,2024-09-28 13:25:00,2024-09-28 13:25:00,14.15754948294672,51.89763059382363,395.0,case2,DOM02,74.50028632278273
5,65,15.573710915528011,138.73529436912438,20,0.7,169,2024-09-28 13:25:00,2024-09-28 13:25:00,14.343676471845622,51.927868554577636,340.0,case2,DOM02,64.1268287335345
5,66,26.49766352627847,41.93036589568976,9,0.7,170,2024-09-28 13:25:00,2024-09-28 13:25:00,13.859651829478448,51.98248831763139,56.0,case2,DOM02,10.562065909052741
5,67,28.362804303269908,65.00606599520344,87,0.7,171,2024-09-28 13:25:00,2024-09-28 13:25:00,13.975030329976017,51.99181402151635,364.0,case2,DOM02,68.65342840884281
5,71,40.53647268457283,111.86022580965356,98,0.7,173,2024-09-28 13:25:00,2024-09-28 13:25:00,14.209301129048269,52.05268236342286,191.0,case2,DOM02,36.02418908266203
5,74,72.78152369910643,131.3297904701016,43,0.7,175,2024-09-28 13:25:00,2024-09-28 13:25:00,14.306648952350509,52.21390761849553,197.0,case2,DOM02,37.15583900148911
5,78,95.44443671168342,84.36778561079768,98,0.7,177,2024-09-28 13:25:00,2024-09-28 13:25:00,14.071838928053989,52.32722218355842,274.0,case2,DOM02,51.678679626436626
5,79,99.44788859673099,57.08961981231122,11,0.7,178,2024-09-28 13:25:00,2024-09-28 13:25:00,13.935448099061556,52.34723944298366,52.0,case2,DOM02,9.80763262983469
5,81,109.41142928962326,159.2952413977799,21,0.7,179,2024-09-28 13:25:00,2024-09-28 13:25:00,14.4464762069889,52.39705714644812,128.0,case2,DOM02,24.141864934977697
5,83,118.64719180611675,46.88297556590195,152,0.7,181,2024-09-28 13:25:00,2024-09-28 13:25:00,13.88441487782951,52.44323595903058,846.0,case2,DOM02,159.56263855461822
5,85,113.0555033656226,125.43529374471653,65,0.7,182,2024-09-28 13:25:00,2024-09-28 13:25:00,14.277176468723583,52.41527751682811,118.0,case2,DOM02,22.255781736932565
5,86,117.41491549782039,33.41000564157779,53,0.7,183,2024-09-28 13:25:00,2024-09-28 13:25:00,13.81705002820789,52.4370745774891,158.0,case2,DOM02,29.800114529113092
5,89,127.046420516803,62.34702522247018,151,0.7,184,2024-09-28 13:25:00,2024-09-28 13:25:00,13.961735126112352,52.485232102584014,515.0,case2,DOM02,97.13328469932432
5,90,124.44279474073852,37.05945489661503,6,0.7,185,2024-09-28 13:25:00,2024-09-28 13:25:00,13.835297274483075,52.472213973703695,1.0,case2,DOM02,0.18860831980451326
6,4,0.5116240849020245,45.50203668399058,8,0.3,186,2024-09-28 13:30:00,2024-09-28 13:30:00,13.877510183419954,51.85255812042451,0.0,case2,DOM02,0.0
6,9,50.56227247915834,150.24250978569944,191,0.3,187,2024-09-28 13:30:00,2024-09-28 13:30:00,14.401212548928497,52.10281136239579,12.0,case2,DOM02,2.263299837654159
6,12,48.90034536259052,27.19122382548799,14,0.3,188,2024-09-28 13:30:00,2024-09-28 13:30:00,13.785956119127441,52.09450172681295,0.0,case2,DOM02,0.0
6,13,50.808934541126476,64.40934115932895,7,0.3,189,2024-09-28 13:30:00,2024-09-28 13:30:00,13.972046705796645,52.10404467270563,0.0,case2,DOM02,0.0
6,15,54.150549701322234,71.33315289616753,8,0.3,190,2024-09-28 13:30:00,2024-09-28 13:30:00,14.006665764480838,52.12075274850661,0.0,case2,DOM02,0.0
6,18,59.0,112.67302170562492,6,0.3,191,2024-09-28 13:30:00,2024-09-28 13:30:00,14.213365108528125,52.145,0.0,case2,DOM02,0.0
6,21,83.0,51.030393869668984,5,0.3,193,2024-09-28 13:30:00,2024-09-28 13:30:00,13.905151969348344,52.265,0.0,case2,DOM02,0.0
6,24,111.49607758300208,106.81711613128437,17,0.3,195,2024-09-28 13:30:00,2024-09-28 13:30:00,14.184085580656422,52.40748038791501,2.0,case2,DOM02,0.3772166396090265
6,33,12.125545583236924,9.09901410576087,6,0.5,196,2024-09-28 13:30:00,2024-09-28 13:30:00,13.695495070528805,51.91062772791618,24.0,case2,DOM02,4.526599675308318
6,40,40.46794837876511,64.93982343719266,41,0.5,198,2024-09-28 13:30:00,2024-09-28 13:30:00,13.974699117185963,52.052339741893825,74.0,case2,DOM02,13.95701566553398
6,42,46.415444730826486,79.11716600853464,39,0.5,200,2024-09-28 13:30:00,2024-09-28 13:30:00,14.045585830042674,52.08207722365413,51.0,case2,DOM02,9.619024310030175
6,43,57.21798760318298,44.93158705634362,54,0.5,201,2024-09-28 13:30:00,2024-09-28 13:30:00,13.874657935281718,52.136089938015914,68.0,case2,DOM02,12.8253657467069
6,45,68.51188073663144,70.12779724320927,28,0.5,202,2024-09-28 13:30:00,2024-09-28 13:30:00,14.000638986216046,52.192559403683155,73.0,case2,DOM02,13.768407345729466
6,60,11.212555731690713,27.748605577737717,64,0.7,208,2024-09-28 13:30:00,2024-09-28 13:30:00,13.788743027888689,51.90606277865845,133.0,case2,DOM02,25.08490653400026
6,62,24.510411652453016,50.410211407526084,27,0.7,210,2024-09-28 13:30:00,2024-09-28 13:30:00,13.90205105703763,51.972552058262266,59.0,case2,DOM02,11.127890868466283
6,63,26.922938151399094,70.66736877955317,84,0.7,211,2024-09-28 13:30:00,2024-09-28 13:30:00,14.003336843897767,51.98461469075699,495.0,case2,DOM02,93.36111830323405
6,64,31.19477108879748,137.99415102410296,102,0.7,212,2024-09-28 13:30:00,2024-09-28 13:30:00,14.339970755120515,52.00597385544399,208.0,case2,DOM02,39.23053051933876
6,67,38.631534018632955,117.01805280662492,89,0.7,214,2024-09-28 13:30:00,2024-09-28 13:30:00,14.235090264033124,52.043157670093166,290.0,case2,DOM02,54.69641274330884
6,70,71.36420491053718,139.59921145431312,96,0.7,216,2024-09-28 13:30:00,2024-09-28 13:30:00,14.347996057271565,52.20682102455269,215.0,case2,DOM02,40.550788757970345
6,71,85.18855554554753,152.251472778934,40,0.7,217,2024-09-28 13:30:00,2024-09-28 13:30:00,14.41125736389467,52.275942777727735,127.0,case2,DOM02,23.953256615173185
6,72,86.65837537026138,18.8104809757432,22,0.7,218,2024-09-28 13:30:00,2024-09-28 13:30:00,13.744052404878715,52.28329187685131,403.0,case2,DOM02,76.00915288121884
6,73,94.14314638352413,93.8260667941581,99,0.7,219,2024-09-28 13:30:00,2024-09-28 13:30:00,14.119130333970789,52.32071573191762,404.0,case2,DOM02,76.19776120102335
6,74,98.45568557491808,64.99721572530026,23,0.7,220,2024-09-28 13:30:00,2024-09-28 13:30:00,13.9749860786265,52.34227842787459,72.0,case2,DOM02,13.579799025924954
6,75,101.25308968305349,49.9355243620959,21,0.7,221,2024-09-28 13:30:00,2024-09-28 13:30:00,13.89967762181048,52.356265448415265,230.0,case2,DOM02,43.37991355503805
6,77,111.21078332140239,132.99376424442286,57,0.7,223,2024-09-28 13:30:00,2024-09-28 13:30:00,14.314968821222115,52.406053916607014,187.0,case2,DOM02,35.26975580344398
6,79,120.36327693195379,63.57463077558985,315,0.7,224,2024-09-28 13:30:00,2024-09-28 13:30:00,13.96787315387795,52.45181638465977,1531.0,case2,DOM02,288.7593376207098
7,6,0.6442758241046297,159.51307726939038,5,0.3,228,2024-09-28 13:35:00,2024-09-28 13:35:00,14.447565386346952,51.85322137912052,0.0,case2,DOM02,0.0
7,15,47.47608185943067,34.00517663096866,13,0.3,229,2024-09-28 13:35:00,2024-09-28 13:35:00,13.820025883154843,52.087380409297154,0.0,case2,DOM02,0.0
7,17,49.616303608387874,157.20361307948124,7,0.3,230,2024-09-28 13:35:00,2024-09-28 13:35:00,14.436018065397407,52.09808151804194,0.0,case2,DOM02,0.0
7,23,72.5124380407309,121.93671401386909,17,0.3,231,2024-09-28 13:35:00,2024-09-28 13:35:00,14.259683570069345,52.212562190203656,2.0,case2,DOM02,0.3772166396090265
7,24,74.47473109230631,113.98064500201727,7,0.3,232,2024-09-28 13:35:00,2024-09-28 13:35:00,14.219903225010087,52.22237365546153,0.0,case2,DOM02,0.0
7,26,76.82332675778929,107.34595389688256,14,0.3,233,2024-09-28 13:35:00,2024-09-28 13:35:00,14.186729769484414,52.23411663378894,0.0,case2,DOM02,0.0
7,28,81.99654432787787,58.85931933121675,42,0.3,234,2024-09-28 13:35:00,2024-09-28 13:35:00,13.944296596656084,52.25998272163939,12.0,case2,DOM02,2.263299837654159
7,47,43.29770402191483,137.78020642018808,94,0.5,238,2024-09-28 13:35:00,2024-09-28 13:35:00,14.33890103210094,52.06648852010957,145.0,case2,DOM02,27.34820637165442
7,48,44.191815245158004,86.76782338401208,43,0.5,239,2024-09-28 13:35:00,2024-09-28 13:35:00,14.08383911692006,52.07095907622579,57.0,case2,DOM02,10.750674228857255
7,52,67.93021406549619,75.96844739848898,54,0.5,241,2024-09-28 13:35:00,2024-09-28 13:35:00,14.029842236992444,52.18965107032748,101.0,case2,DOM02,19.04944030025584
7,56,84.90459182604916,6.143200660520531,30,0.5,242,2024-09-28 13:35:00,2024-09-28 13:35:00,13.680716003302603,52.274522959130245,62.0,case2,DOM02,11.693715827879823
7,66,9.088389406919317,34.89263251798362,81,0.7,247,2024-09-28 13:35:00,2024-09-28 13:35:00,13.824463162589918,51.8954419470346,148.0,case2,DOM02,27.91403133106796
7,70,10.448545884602858,124.60710976402768,5,0.7,250,2024-09-28 13:35:00,2024-09-28 13:35:00,14.273035548820138,51.902242729423016,225.0,case2,DOM02,42.43687195601548
7,71,22.782085371053434,57.74830699468715,44,0.7,251,2024-09-28 13:35:00,2024-09-28 13:35:00,13.938741534973435,51.96391042685527,82.0,case2,DOM02,15.465882223970086
7,72,25.715830821534272,76.88375721519466,84,0.7,252,2024-09-28 13:35:00,2024-09-28 13:35:00,14.034418786075973,51.97857915410767,611.0,case2,DOM02,115.2396834005576
7,73,29.60794579868151,146.9888721062606,127,0.7,253,2024-09-28 13:35:00,2024-09-28 13:35:00,14.384944360531303,51.998039728993405,261.0,case2,DOM02,49.22677146897796
7,75,36.60292505793838,121.62285908988002,78,0.7,255,2024-09-28 13:35:00,2024-09-28 13:35:00,14.258114295449401,52.03301462528969,213.0,case2,DOM02,40.17357211836132
7,77,56.01126536434859,53.77384250385303,12,0.7,256,2024-09-28 13:35:00,2024-09-28 13:35:00,13.918869212519265,52.130056326821745,68.0,case2,DOM02,12.8253657467069
7,79,70.31032493442457,147.69116084768405,128,0.7,258,2024-09-28 13:35:00,2024-09-28 13:35:00,14.38845580423842,52.20155162467213,226.0,case2,DOM02,42.625480275819996
7,83,84.26241928293747,160.54697208178163,55,0.7,259,2024-09-28 13:35:00,2024-09-28 13:35:00,14.452734860408908,52.27131209641469,128.0,case2,DOM02,24.141864934977697
7,84,84.91913897887741,27.625923647160256,19,0.7,260,2024-09-28 13:35:00,2024-09-28 13:35:00,13.788129618235802,52.27459569489439,395.0,case2,DOM02,74.50028632278273
7,85,93.03091101536432,102.45770037937136,116,0.7,261,2024-09-28 13:35:00,2024-09-28 13:35:00,14.162288501896857,52.315154555076816,519.0,case2,DOM02,97.88771797854237
7,87,97.72771309490219,73.28264003081419,31,0.7,263,2024-09-28 13:35:00,2024-09-28 13:35:00,14.016413200154071,52.33863856547451,115.0,case2,DOM02,21.689956777519026
7,88,98.5141012256648,38.72449322707892,28,0.7,264,2024-09-28 13:35:00,2024-09-28 13:35:00,13.843622466135395,52.342570506128325,153.0,case2,DOM02,28.857072930090528
7,89,100.12252363073665,56.747617816473834,54,0.7,265,2024-09-28 13:35:00,2024-09-28 13:35:00,13.93373808908237,52.35061261815368,243.0,case2,DOM02,45.83182171249672
7,91,109.42439159109288,140.2046901087734,36,0.7,267,2024-09-28 13:35:00,2024-09-28 13:35:00,14.351023450543867,52.39712195795546,102.0,case2,DOM02,19.23804862006035
7,92,109.1509190751151,153.4884938638031,19,0.7,268,2024-09-28 13:35:00,2024-09-28 13:35:00,14.417442469319015,52.39575459537558,123.0,case2,DOM02,23.19882333595513
8,10,47.1964631989414,31.538748286843518,7,0.3,271,2024-09-28 13:40:00,2024-09-28 13:40:00,13.807693741434218,52.085982315994706,0.0,case2,DOM02,0.0
8,16,75.56779029009974,116.08306142440362,46,0.3,272,2024-09-28 13:40:00,2024-09-28 13:40:00,14.23041530712202,52.2278389514505,10.0,case2,DOM02,1.8860831980451325
8,22,123.90848132868067,1.6180416191358724,9,0.3,273,2024-09-28 13:40:00,2024-09-28 13:40:00,13.658090208095679,52.469542406643406,0.0,case2,DOM02,0.0
8,23,132.03610203048842,3.8662076352317505,46,0.3,274,2024-09-28 13:40:00,2024-09-28 13:40:00,13.669331038176159,52.51018051015244,0.0,case2,DOM02,0.0
8,30,12.825886409207921,8.909190913864892,11,0.5,275,2024-09-28 13:40:00,2024-09-28 13:40:00,13.694545954569325,51.91412943204604,59.0,case2,DOM02,11.127890868466283
8,40,35.153817634969414,162.19632407011596,57,0.5,276,2024-09-28 13:40:00,2024-09-28 13:40:00,14.46098162035058,52.02576908817485,91.0,case2,DOM02,17.163357102210703
8,42,41.84782616742917,140.39473953937994,93,0.5,278,2024-09-28 13:40:00,2024-09-28 13:40:00,14.3519736976969,52.05923913083715,170.0,case2,DOM02,32.06341436676725
8,47,66.68055003581075,84.00296643825838,71,0.5,280,2024-09-28 13:40:00,2024-09-28 13:40:00,14.070014832191292,52.183402750179056,121.0,case2,DOM02,22.821606696346105
8,51,80.76471668315807,65.67536380422463,9,0.5,281,2024-09-28 13:40:00,2024-09-28 13:40:00,13.978376819021124,52.253823583415794,32.0,case2,DOM02,6.035466233744424
8,63,7.115413227626669,41.826653618652735,71,0.7,285,2024-09-28 13:40:00,2024-09-28 13:40:00,13.859133268093263,51.88557706613813,177.0,case2,DOM02,33.38367260539884
8,64,10.139418823750034,161.53250154574212,117,0.7,286,2024-09-28 13:40:00,2024-09-28 13:40:00,14.457662507728712,51.90069709411875,249.0,case2,DOM02,46.9634716313238
8,67,20.918529834787083,65.06997093213158,58,0.7,288,2024-09-28 13:40:00,2024-09-28 13:40:00,13.975349854660658,51.95459264917393,113.0,case2,DOM02,21.312740137909998
8,68,24.179718333084555,83.58900454039471,86,0.7,289,2024-09-28 13:40:00,2024-09-28 13:40:00,14.067945022701974,51.970898591665424,551.0,case2,DOM02,103.9231842122868
8,69,28.15378024999652,155.0094737831168,127,0.7,290,2024-09-28 13:40:00,2024-09-28 13:40:00,14.425047368915585,51.990768901249986,274.0,case2,DOM02,51.678679626436626
8,71,34.114226331709744,128.75036437876912,74,0.7,292,2024-09-28 13:40:00,2024-09-28 13:40:00,14.293751821893846,52.02057113165855,205.0,case2,DOM02,38.66470555992522
8,72,35.383085982065964,83.61672595280875,18,0.7,293,2024-09-28 13:40:00,2024-09-28 13:40:00,14.068083629764043,52.02691542991033,128.0,case2,DOM02,24.141864934977697
8,75,42.041155521533184,93.93002152735411,13,0.7,294,2024-09-28 13:40:00,2024-09-28 13:40:00,14.11965010763677,52.06020577760767,67.0,case2,DOM02,12.636757426902387
8,76,54.33899506197786,62.95025226852232,18,0.7,295,2024-09-28 13:40:00,2024-09-28 13:40:00,13.964751261342611,52.121694975309886,74.0,case2,DOM02,13.95701566553398
8,78,68.36979584446367,155.61454099821248,116,0.7,297,2024-09-28 13:40:00,2024-09-28 13:40:00,14.428072704991063,52.191848979222314,266.0,case2,DOM02,50.16981306800052
8,79,82.94564562119781,168.5937295885808,46,0.7,298,2024-09-28 13:40:00,2024-09-28 13:40:00,14.492968647942904,52.26472822810599,138.0,case2,DOM02,26.027948133022825
8,80,83.60718957939937,36.40356593856999,20,0.7,299,2024-09-28 13:40:00,2024-09-28 13:40:00,13.83201782969285,52.268035947897,379.0,case2,DOM02,71.48255320591052
8,81,92.02855207813306,111.3958791929405,124,0.7,300,2024-09-28 13:40:00,2024-09-28 13:40:00,14.206979395964703,52.31014276039067,616.0,case2,DOM02,116.18272499958016
8,85,97.10393072191275,82.02376965602897,44,0.7,301,2024-09-28 13:40:00,2024-09-28 13:40:00,14.060118848280146,52.335519653609566,189.0,case2,DOM02,35.646972443053
8,86,98.03097982319822,57.40856381624221,142,0.7,302,2024-09-28 13:40:00,2024-09-28 13:40:00,13.937042819081212,52.340154899115994,442.0,case2,DOM02,83.36487735359485
8,91,107.73879553371118,162.16503159446563,21,0.7,306,2024-09-28 13:40:00,2024-09-28 13:40:00,14.460825157972328,52.38869397766855,152.0,case2,DOM02,28.668464610286012
8,92,108.10198423644236,148.73887855612918,27,0.7,307,2024-09-28 13:40:00,2024-09-28 13:40:00,14.393694392780645,52.390509921182215,111.0,case2,DOM02,20.93552349830097
8,94,113.97418171652777,82.21986277262282,151,0.7,308,2024-09-28 13:40:00,2024-09-28 13:40:00,14.061099313863114,52.41987090858264,786.0,case2,DOM02,148.2461393663474
8,96,121.32283200969431,94.7445015176719,108,0.7,309,2024-09-28 13:40:00,2024-09-28 13:40:00,14.12372250758836,52.456614160048474,673.0,case2,DOM02,126.93339922843741
9,6,17.632415996900324,5.306747962443338,11,0.3,312,2024-09-28 13:45:00,2024-09-28 13:45:00,13.676533739812218,51.9381620799845,0.0,case2,DOM02,0.0
9,9,45.82508315522719,39.8100928230102,11,0.3,313,2024-09-28 13:45:00,2024-09-28 13:45:00,13.84905046411505,52.07912541577613,0.0,case2,DOM02,0.0
9,10,47.54606595641619,0.9216760476005676,6,0.3,314,2024-09-28 13:45:00,2024-09-28 13:45:00,13.654608380238002,52.08773032978208,0.0,case2,DOM02,0.0
9,16,74.87967061776904,123.4200587041494,61,0.3,315,2024-09-28 13:45:00,2024-09-28 13:45:00,14.267100293520746,52.224398353088844,23.0,case2,DOM02,4.337991355503805
9,21,126.90805562047036,17.61850528261019,35,0.3,316,2024-09-28 13:45:00,2024-09-28 13:45:00,13.73809252641305,52.48454027810235,0.0,case2,DOM02,0.0
9,24,139.35646461152936,6.403024208645691,15,0.3,317,2024-09-28 13:45:00,2024-09-28 13:45:00,13.682015121043229,52.54678232305765,0.0,case2,DOM02,0.0
9,29,5.746009041233856,13.126186894528303,57,0.5,318,2024-09-28 13:45:00,2024-09-28 13:45:00,13.71563093447264,51.87873004520617,93.0,case2,DOM02,17.54057374181973
9,42,65.82513668222951,91.03391108736834,79,0.5,321,2024-09-28 13:45:00,2024-09-28 13:45:00,14.105169555436841,52.179125683411144,116.0,case2,DOM02,21.878565097323538
9,45,79.47486338308124,74.22263709190965,13,0.5,323,2024-09-28 13:45:00,2024-09-28 13:45:00,14.021113185459548,52.247374316915405,44.0,case2,DOM02,8.298766071398582
9,50,106.23739192945094,35.235329891477754,5,0.5,324,2024-09-28 13:45:00,2024-09-28 13:45:00,13.826176649457388,52.38118695964726,39.0,case2,DOM02,7.355724472376017
9,62,19.205444249454537,71.22959105006653,63,0.7,331,2024-09-28 13:45:00,2024-09-28 13:45:00,14.006147955250333,51.94602722124727,141.0,case2,DOM02,26.593773092436365
9,63,19.406065007757732,102.05010086519448,47,0.7,332,2024-09-28 13:45:00,2024-09-28 13:45:00,14.160250504325973,51.94703032503879,396.0,case2,DOM02,74.68889464258724
9,64,23.29714787335739,87.28020262299944,37,0.7,333,2024-09-28 13:45:00,2024-09-28 13:45:00,14.086401013114997,51.96648573936679,92.0,case2,DOM02,17.35196542201522
9,67,31.280042063079588,140.33413715927244,49,0.7,335,2024-09-28 13:45:00,2024-09-28 13:45:00,14.351670685796362,52.0064002103154,242.0,case2,DOM02,45.64321339269221
9,68,33.965368757789165,90.49439452618917,50,0.7,336,2024-09-28 13:45:00,2024-09-28 13:45:00,14.102471972630946,52.01982684378895,209.0,case2,DOM02,39.419138839143265
9,69,33.953887378853004,130.9682530106,45,0.7,337,2024-09-28 13:45:00,2024-09-28 13:45:00,14.304841265053,52.019769436894265,118.0,case2,DOM02,22.255781736932565
9,70,35.92584001902305,12.449325214910036,42,0.7,338,2024-09-28 13:45:00,2024-09-28 13:45:00,13.71224662607455,52.029629200095115,146.0,case2,DOM02,27.536814691458932
9,71,40.235329321784704,101.71780268478479,32,0.7,339,2024-09-28 13:45:00,2024-09-28 13:45:00,14.158589013423924,52.05117664660892,73.0,case2,DOM02,13.768407345729466
9,72,52.77034526082571,69.83684185640176,14,0.7,340,2024-09-28 13:45:00,2024-09-28 13:45:00,13.999184209282008,52.11385172630413,75.0,case2,DOM02,14.145623985338494
9,75,67.56458646035989,157.43798374105734,42,0.7,343,2024-09-28 13:45:00,2024-09-28 13:45:00,14.437189918705286,52.1878229323018,147.0,case2,DOM02,27.725423011263448
9,78,81.73807338964667,44.68629040469696,30,0.7,344,2024-09-28 13:45:00,2024-09-28 13:45:00,13.873431452023485,52.25869036694823,255.0,case2,DOM02,48.09512155015088
9,80,91.20963513140221,118.9401988412008,123,0.7,345,2024-09-28 13:45:00,2024-09-28 13:45:00,14.244700994206003,52.30604817565701,480.0,case2,DOM02,90.53199350616636
9,82,95.70721182690987,90.17667511336874,60,0.7,347,2024-09-28 13:45:00,2024-09-28 13:45:00,14.100883375566843,52.32853605913455,216.0,case2,DOM02,40.73939707777486
9,84,96.19134318238576,62.21761952137961,154,0.7,348,2024-09-28 13:45:00,2024-09-28 13:45:00,13.961088097606899,52.33095671591193,506.0,case2,DOM02,95.4358098210837
9,86,112.1010760722482,95.7674618246259,138,0.7,349,2024-09-28 13:45:00,2024-09-28 13:45:00,14.12883730912313,52.410505380361236,627.0,case2,DOM02,118.2574165174298
9,87,106.98655841060238,157.60939375113225,16,0.7,350,2024-09-28 13:45:00,2024-09-28 13:45:00,14.43804696875566,52.38493279205301,164.0,case2,DOM02,30.93176444794017
9,89,112.82560213382422,82.10352334574621,6,0.7,352,2024-09-28 13:45:00,2024-09-28 13:45:00,14.060517616728731,52.41412801066912,347.0,case2,DOM02,65.4470869721661
9,90,119.24504330968082,104.94262503100683,98,0.7,353,2024-09-28 13:45:00,2024-09-28 13:45:00,14.174713125155035,52.446225216548406,500.0,case2,DOM02,94.30415990225663
9,91,120.55834143063413,90.41404828715602,9,0.7,354,2024-09-28 13:45:00,2024-09-28 13:45:00,14.10207024143578,52.45279170715317,205.0,case2,DOM02,38.66470555992522
10,6,5.90156089320099,32.32225230103742,36,0.3,357,2024-09-28 13:50:00,2024-09-28 13:50:00,13.811611261505186,51.87950780446601,0.0,case2,DOM02,0.0
10,7,16.8049740767966,5.5047067081409615,58,0.3,358,2024-09-28 13:50:00,2024-09-28 13:50:00,13.677523533540706,51.934024870383986,10.0,case2,DOM02,1.8860831980451325
10,11,44.63383338036615,43.37566192811034,28,0.3,359,2024-09-28 13:50:00,2024-09-28 13:50:00,13.866878309640551,52.073169166901835,0.0,case2,DOM02,0.0
10,12,45.08006767584626,16.17381151229013,7,0.3,360,2024-09-28 13:50:00,2024-09-28 13:50:00,13.730869057561451,52.07540033837923,0.0,case2,DOM02,0.0
10,18,74.45468476053254,129.5793169950284,61,0.3,361,2024-09-28 13:50:00,2024-09-28 13:50:00,14.297896584975142,52.22227342380266,0.0,case2,DOM02,0.0
10,22,97.52871111261369,1.1678234416736633,16,0.3,362,2024-09-28 13:50:00,2024-09-28 13:50:00,13.655839117208368,52.33764355556307,0.0,case2,DOM02,0.0
10,23,120.8278049719773,9.709455042011138,24,0.3,363,2024-09-28 13:50:00,2024-09-28 13:50:00,13.698547275210055,52.454139024859884,0.0,case2,DOM02,0.0
10,24,124.96860596416016,28.702324977361354,51,0.3,364,2024-09-28 13:50:00,2024-09-28 13:50:00,13.793511624886808,52.4748430298208,0.0,case2,DOM02,0.0
10,33,10.468352505821723,153.581869143799,99,0.5,366,2024-09-28 13:50:00,2024-09-28 13:50:00,14.417909345718995,51.90234176252911,169.0,case2,DOM02,31.87480604696274
10,46,64.60492320074658,100.38718486257953,66,0.5,369,2024-09-28 13:50:00,2024-09-28 13:50:00,14.151935924312898,52.17302461600373,107.0,case2,DOM02,20.18109021908292
10,50,78.2291305856399,86.46927738382577,27,0.5,370,2024-09-28 13:50:00,2024-09-28 13:50:00,14.082346386919129,52.2411456529282,48.0,case2,DOM02,9.053199350616635
10,64,7.199922263928629,167.39552748691258,16,0.7,375,2024-09-28 13:50:00,2024-09-28 13:50:00,14.486977637434563,51.88599961131964,95.0,case2,DOM02,17.91779038142876
10,66,15.565307157941755,114.33113865304219,33,0.7,377,2024-09-28 13:50:00,2024-09-28 13:50:00,14.22165569326521,51.927826535789706,317.0,case2,DOM02,59.78883737803069
10,67,18.124055103493404,78.06303179137244,76,0.7,378,2024-09-28 13:50:00,2024-09-28 13:50:00,14.040315158956863,51.94062027551747,187.0,case2,DOM02,35.26975580344398
10,68,21.144248650566496,92.88130457856356,39,0.7,379,2024-09-28 13:50:00,2024-09-28 13:50:00,14.114406522892818,51.95572124325283,144.0,case2,DOM02,27.15959805184991
10,71,31.8811698403403,97.6378281263742,78,0.7,381,2024-09-28 13:50:00,2024-09-28 13:50:00,14.138189140631871,52.0094058492017,296.0,case2,DOM02,55.82806266213592
10,72,34.01490450546072,20.847985005737844,59,0.7,382,2024-09-28 13:50:00,2024-09-28 13:50:00,13.75423992502869,52.02007452252731,134.0,case2,DOM02,25.273514853804773
10,73,38.05101036908975,110.6329744467834,27,0.7,383,2024-09-28 13:50:00,2024-09-28 13:50:00,14.203164872233916,52.04025505184545,102.0,case2,DOM02,19.23804862006035
10,74,50.69046263335778,76.00105367478453,7,0.7,384,2024-09-28 13:50:00,2024-09-28 13:50:00,14.030005268373921,52.103452313166784,91.0,case2,DOM02,17.163357102210703
10,75,64.04053702095626,17.54657001260613,243,0.7,385,2024-09-28 13:50:00,2024-09-28 13:50:00,13.737732850063031,52.17020268510478,1.0,case2,DOM02,0.18860831980451326
10,77,74.74059115858891,64.07236068496148,11,0.7,387,2024-09-28 13:50:00,2024-09-28 13:50:00,13.970361803424808,52.223702955792945,122.0,case2,DOM02,23.010215016150617
10,83,78.31966474041337,33.61106415850005,5,0.7,389,2024-09-28 13:50:00,2024-09-28 13:50:00,13.8180553207925,52.241598323702064,50.0,case2,DOM02,9.430415990225661
10,84,80.21487240201127,53.026359275443056,34,0.7,390,2024-09-28 13:50:00,2024-09-28 13:50:00,13.915131796377215,52.25107436201006,96.0,case2,DOM02,18.10639870123327
10,85,89.94228258257588,126.94410792059624,124,0.7,391,2024-09-28 13:50:00,2024-09-28 13:50:00,14.284720539602981,52.29971141291288,607.0,case2,DOM02,114.48525012133955
10,86,89.40904533519978,7.071920172833266,17,0.7,392,2024-09-28 13:50:00,2024-09-28 13:50:00,13.685359600864167,52.297045226676,745.0,case2,DOM02,140.51319825436238
10,87,94.62465090993679,76.91240923946744,256,0.7,393,2024-09-28 13:50:00,2024-09-28 13:50:00,14.034562046197337,52.323123254549685,796.0,case2,DOM02,150.13222256439255
10,88,112.6005287318169,112.326330747797,261,0.7,394,2024-09-28 13:50:00,2024-09-28 13:50:00,14.211631653738985,52.413002643659084,1570.0,case2,DOM02,296.1150620930858
11,9,43.824754142015486,46.987280856687626,47,0.3,400,2024-09-28 13:55:00,2024-09-28 13:55:00,13.884936404283438,52.06912377071008,13.0,case2,DOM02,2.4519081574586723
11,17,76.64558929345583,100.1156319366256,82,0.3,402,2024-09-28 13:55:00,2024-09-28 13:55:00,14.150578159683128,52.23322794646728,50.0,case2,DOM02,9.430415990225661
11,20,98.21112261254,5.413684819537596,64,0.3,403,2024-09-28 13:55:00,2024-09-28 13:55:00,13.677068424097689,52.3410556130627,0.0,case2,DOM02,0.0
11,21,118.5475398869185,17.635891765848573,16,0.3,404,2024-09-28 13:55:00,2024-09-28 13:55:00,13.738179458829244,52.442737699434595,0.0,case2,DOM02,0.0
11,23,137.46002549955648,0.8047467966301034,9,0.3,405,2024-09-28 13:55:00,2024-09-28 13:55:00,13.65402373398315,52.53730012749778,0.0,case2,DOM02,0.0
11,32,8.926383990802643,161.80489222959227,54,0.5,410,2024-09-28 13:55:00,2024-09-28 13:55:00,14.459024461147962,51.894631919954016,124.0,case2,DOM02,23.387431655759645
11,33,9.05131492685954,141.75591854709967,6,0.5,411,2024-09-28 13:55:00,2024-09-28 13:55:00,14.358779592735498,51.8952565746343,75.0,case2,DOM02,14.145623985338494
11,40,42.90185702902906,166.67822278662388,31,0.5,413,2024-09-28 13:55:00,2024-09-28 13:55:00,14.48339111393312,52.06450928514514,63.0,case2,DOM02,11.882324147684335
11,42,49.329088431941706,87.52212346355066,68,0.5,414,2024-09-28 13:55:00,2024-09-28 13:55:00,14.087610617317754,52.096645442159705,109.0,case2,DOM02,20.558306858691942
11,44,64.28922739487801,108.04888383412064,39,0.5,415,2024-09-28 13:55:00,2024-09-28 13:55:00,14.190244419170602,52.17144613697439,83.0,case2,DOM02,15.6544905437746
11,46,77.43908344371843,42.93401265686564,45,0.5,416,2024-09-28 13:55:00,2024-09-28 13:55:00,13.86467006328433,52.237195417218594,54.0,case2,DOM02,10.184849269443715
11,51,79.4557398396432,153.31651542787748,8,0.5,417,2024-09-28 13:55:00,2024-09-28 13:55:00,14.416582577139389,52.24727869919821,40.0,case2,DOM02,7.54433279218053
11,53,96.80125786076265,34.76627877890098,357,0.5,418,2024-09-28 13:55:00,2024-09-28 13:55:00,13.823831393894505,52.334006289303815,6.0,case2,DOM02,1.1316499188270794
11,54,91.9921501294883,153.0236355125418,20,0.5,419,2024-09-28 13:55:00,2024-09-28 13:55:00,14.415118177562709,52.30996075064744,53.0,case2,DOM02,9.996240949639201
11,55,93.69706669574614,24.435273768266658,10,0.5,420,2024-09-28 13:55:00,2024-09-28 13:55:00,13.772176368841333,52.31848533347873,732.0,case2,DOM02,138.0612900969037
11,57,122.11171850358701,153.42811022898226,8,0.5,421,2024-09-28 13:55:00,2024-09-28 13:55:00,14.417140551144913,52.460558592517934,67.0,case2,DOM02,12.636757426902387
11,61,137.40798497914554,74.99262760902903,8,0.5,422,2024-09-28 13:55:00,2024-09-28 13:55:00,14.024963138045145,52.53703992489572,29.0,case2,DOM02,5.469641274330884
11,67,12.728383357588498,123.53420120958003,25,0.7,426,2024-09-28 13:55:00,2024-09-28 13:55:00,14.2676710060479,51.91364191678794,326.0,case2,DOM02,61.48631225627132
11,68,16.14075922233367,86.1367945458755,75,0.7,427,2024-09-28 13:55:00,2024-09-28 13:55:00,14.080683972729378,51.93070379611167,249.0,case2,DOM02,46.9634716313238
11,69,18.914691843854545,101.01374247111679,48,0.7,428,2024-09-28 13:55:00,2024-09-28 13:55:00,14.155068712355583,51.94457345921927,149.0,case2,DOM02,28.102639650872472
11,73,30.5642636207376,101.35413339192908,64,0.7,431,2024-09-28 13:55:00,2024-09-28 13:55:00,14.156770666959645,52.00282131810369,272.0,case2,DOM02,51.3014629868276
11,74,29.596543567381033,143.8089801318179,61,0.7,432,2024-09-28 13:55:00,2024-09-28 13:55:00,14.36904490065909,51.997982717836905,222.0,case2,DOM02,41.87104699660194
11,75,32.56434499351966,29.92298969086157,62,0.7,433,2024-09-28 13:55:00,2024-09-28 13:55:00,13.799614948454309,52.0128217249676,153.0,case2,DOM02,28.857072930090528
11,76,35.039688419765206,119.10238751210953,26,0.7,434,2024-09-28 13:55:00,2024-09-28 13:55:00,14.245511937560547,52.02519844209883,182.0,case2,DOM02,34.32671420442141
11,81,58.75836794807561,38.60525233033579,70,0.7,437,2024-09-28 13:55:00,2024-09-28 13:55:00,13.84302626165168,52.14379183974038,354.0,case2,DOM02,66.76734521079769
11,84,71.60120757672226,29.79301750042945,93,0.7,439,2024-09-28 13:55:00,2024-09-28 13:55:00,13.798965087502149,52.208006037883614,213.0,case2,DOM02,40.17357211836132
11,85,73.9500242457399,71.06671360393237,8,0.7,440,2024-09-28 13:55:00,2024-09-28 13:55:00,14.005333568019662,52.2197501212287,101.0,case2,DOM02,19.04944030025584
11,86,78.19949608843342,60.56689299833546,34,0.7,441,2024-09-28 13:55:00,2024-09-28 13:55:00,13.952834464991676,52.24099748044217,121.0,case2,DOM02,22.821606696346105
11,90,93.4658163021933,88.08321617192014,287,0.7,443,2024-09-28 13:55:00,2024-09-28 13:55:00,14.090416080859601,52.31732908151096,777.0,case2,DOM02,146.5486644881068
11,92,97.10604598295681,70.35840865698172,11,0.7,444,2024-09-28 13:55:00,2024-09-28 13:55:00,14.001792043284908,52.33553022991479,40.0,case2,DOM02,7.54433279218053
11,93,109.05462100266628,125.64477403078209,265,0.7,445,2024-09-28 13:55:00,2024-09-28 13:55:00,14.27822387015391,52.39527310501333,1.0,case2,DOM02,0.18860831980451326
12,8,30.869840216913143,88.70629672575832,8,0.3,450,2024-09-28 14:00:00,2024-09-28 14:00:00,14.093531483628793,52.004349201084565,0.0,case2,DOM02,0.0
12,14,64.71876691882511,175.35786066258828,39,0.3,451,2024-09-28 14:00:00,2024-09-28 14:00:00,14.526789303312942,52.17359383459412,17.0,case2,DOM02,3.206341436676725
12,15,68.02044631926331,1.4019840847394476,6,0.3,452,2024-09-28 14:00:00,2024-09-28 14:00:00,13.657009920423697,52.19010223159631,0.0,case2,DOM02,0.0
12,16,71.70761894161544,16.994141927118978,17,0.3,453,2024-09-28 14:00:00,2024-09-28 14:00:00,13.734970709635594,52.208538094708075,0.0,case2,DOM02,0.0
12,20,79.72060907773755,4.1573588997543105,6,0.3,454,2024-09-28 14:00:00,2024-09-28 14:00:00,13.670786794498772,52.248603045388684,0.0,case2,DOM02,0.0
12,27,123.04413193328311,40.431126410176795,16,0.3,455,2024-09-28 14:00:00,2024-09-28 14:00:00,13.852155632050884,52.46522065966642,0.0,case2,DOM02,0.0
12,28,139.11972072849775,14.491914014983868,17,0.3,456,2024-09-28 14:00:00,2024-09-28 14:00:00,13.72245957007492,52.54559860364249,0.0,case2,DOM02,0.0
12,41,8.119307447087627,167.94727038330532,28,0.5,463,2024-09-28 14:00:00,2024-09-28 14:00:00,14.489736351916527,51.89059653723544,102.0,case2,DOM02,19.23804862006035
12,51,36.00077424467192,11.268687496494538,46,0.5,464,2024-09-28 14:00:00,2024-09-28 14:00:00,13.706343437482474,52.03000387122336,92.0,case2,DOM02,17.35196542201522
12,54,42.84671897022688,51.92606367518121,5,0.5,466,2024-09-28 14:00:00,2024-09-28 14:00:00,13.909630318375907,52.06423359485113,19.0,case2,DOM02,3.5835580762857515
12,55,47.618667217788335,99.59422835547562,67,0.5,467,2024-09-28 14:00:00,2024-09-28 14:00:00,14.147971141777377,52.088093336088946,116.0,case2,DOM02,21.878565097323538
12,57,64.05457901927932,116.81415713827066,23,0.5,468,2024-09-28 14:00:00,2024-09-28 14:00:00,14.234070785691353,52.170272895096396,55.0,case2,DOM02,10.373457589248229
12,60,75.46328420288982,51.990354922213,29,0.5,469,2024-09-28 14:00:00,2024-09-28 14:00:00,13.909951774611065,52.22731642101445,42.0,case2,DOM02,7.921549431789557
12,61,75.0104704879259,117.48971882481587,5,0.5,470,2024-09-28 14:00:00,2024-09-28 14:00:00,14.237448594124078,52.22505235243963,28.0,case2,DOM02,5.281032954526371
12,64,86.36476091298076,28.607230876748904,13,0.5,471,2024-09-28 14:00:00,2024-09-28 14:00:00,13.793036154383746,52.2818238045649,34.0,case2,DOM02,6.41268287335345
12,65,85.0,39.638031303739595,7,0.5,472,2024-09-28 14:00:00,2024-09-28 14:00:00,13.848190156518697,52.275,32.0,case2,DOM02,6.035466233744424
12,66,91.40156784669078,49.997783208453306,35,0.5,473,2024-09-28 14:00:00,2024-09-28 14:00:00,13.899988916042266,52.30700783923346,105.0,case2,DOM02,19.80387357947389
12,67,96.01069073375292,45.64509958758916,7,0.5,474,2024-09-28 14:00:00,2024-09-28 14:00:00,13.878225497937946,52.33005345366876,37.0,case2,DOM02,6.97850783276699
12,70,106.13451210740692,49.204407398890595,113,0.5,476,2024-09-28 14:00:00,2024-09-28 14:00:00,13.896022036994452,52.380672560537036,376.0,case2,DOM02,70.91672824649697
12,73,119.23957423288819,164.65978267279817,9,0.5,477,2024-09-28 14:00:00,2024-09-28 14:00:00,14.47329891336399,52.44619787116444,64.0,case2,DOM02,12.070932467488849
12,76,126.38288379074011,4.1052947466884495,6,0.5,478,2024-09-28 14:00:00,2024-09-28 14:00:00,13.670526473733442,52.4819144189537,11.0,case2,DOM02,2.0746915178496455
12,77,126.90111554098252,50.967594145117616,9,0.5,479,2024-09-28 14:00:00,2024-09-28 14:00:00,13.904837970725588,52.48450557770491,30.0,case2,DOM02,5.658249594135397
12,81,14.838473597749513,106.22568578496427,70,0.7,481,2024-09-28 14:00:00,2024-09-28 14:00:00,14.181128428924822,51.924192367988745,308.0,case2,DOM02,58.09136249979008
12,82,15.190928343050151,89.56055806955298,40,0.7,482,2024-09-28 14:00:00,2024-09-28 14:00:00,14.097802790347766,51.92595464171525,135.0,case2,DOM02,25.462123173609285
12,86,28.07376054355332,108.80885333917712,42,0.7,485,2024-09-28 14:00:00,2024-09-28 14:00:00,14.194044266695887,51.99036880271777,247.0,case2,DOM02,46.58625499171477
12,87,27.4903085635049,150.37559724227236,63,0.7,486,2024-09-28 14:00:00,2024-09-28 14:00:00,14.401877986211362,51.987451542817524,221.0,case2,DOM02,41.682438676797425
12,90,30.95737722584195,39.38068804656345,53,0.7,488,2024-09-28 14:00:00,2024-09-28 14:00:00,13.846903440232818,52.00478688612921,226.0,case2,DOM02,42.625480275819996
12,91,31.94206202589233,130.50705810875826,9,0.7,489,2024-09-28 14:00:00,2024-09-28 14:00:00,14.302535290543792,52.009710310129456,290.0,case2,DOM02,54.69641274330884
12,94,59.35073808435454,27.93212781026713,153,0.7,491,2024-09-28 14:00:00,2024-09-28 14:00:00,13.789660639051336,52.146753690421775,428.0,case2,DOM02,80.72436087633167
12,95,55.52503065804757,50.73869847939029,35,0.7,492,2024-09-28 14:00:00,2024-09-28 14:00:00,13.90369349239695,52.12762515329024,267.0,case2,DOM02,50.35842138780504
12,97,70.15608519765217,36.99955296800888,125,0.7,493,2024-09-28 14:00:00,2024-09-28 14:00:00,13.834997764840045,52.20078042598826,284.0,case2,DOM02,53.56476282448176
12,98,72.82204995065331,79.83875184344309,18,0.7,494,2024-09-28 14:00:00,2024-09-28 14:00:00,14.049193759217216,52.21411024975327,103.0,case2,DOM02,19.426656939864863
12,99,76.41570762570262,69.07973358236296,46,0.7,495,2024-09-28 14:00:00,2024-09-28 14:00:00,13.995398667911815,52.23207853812851,134.0,case2,DOM02,25.273514853804773
12,100,88.49443354281846,140.89916222975455,103,0.7,496,2024-09-28 14:00:00,2024-09-28 14:00:00,14.354495811148773,52.292472167714095,419.0,case2,DOM02,79.02688599809106
12,101,92.78041363146227,96.69241147691156,365,0.7,497,2024-09-28 14:00:00,2024-09-28 14:00:00,14.133462057384557,52.31390206815731,837.0,case2,DOM02,157.8651636763776
12,103,96.90293033449467,77.57147625745014,8,0.7,498,2024-09-28 14:00:00,2024-09-28 14:00:00,14.037857381287251,52.33451465167247,48.0,case2,DOM02,9.053199350616635
12,106,112.63002635427019,133.46417721982286,124,0.7,500,2024-09-28 14:00:00,2024-09-28 14:00:00,14.317320886099115,52.413150131771346,1294.0,case2,DOM02,244.05916582704015
12,107,126.5278224173463,19.005232613421548,55,0.7,501,2024-09-28 14:00:00,2024-09-28 14:00:00,13.745026163067108,52.48263911208673,141.0,case2,DOM02,26.593773092436365
12,109,128.15064241102684,66.94493611863642,19,0.7,503,2024-09-28 14:00:00,2024-09-28 14:00:00,13.984724680593182,52.49075321205513,130.0,case2,DOM02,24.519081574586725
13,3,4.969813572102321,9.246715844083754,218,0.3,506,2024-09-28 14:05:00,2024-09-28 14:05:00,13.696233579220419,51.87484906786051,0.0,case2,DOM02,0.0
13,7,8.820066904160734,36.37804785856193,32,0.3,507,2024-09-28 14:05:00,2024-09-28 14:05:00,13.83189023929281,51.89410033452081,0.0,case2,DOM02,0.0
13,11,29.675995631396788,91.99806448170217,24,0.3,508,2024-09-28 14:05:00,2024-09-28 14:05:00,14.10999032240851,51.99837997815698,0.0,case2,DOM02,0.0
13,16,48.053242014903105,178.638374194934,5,0.3,509,2024-09-28 14:05:00,2024-09-28 14:05:00,14.54319187097467,52.09026621007452,0.0,case2,DOM02,0.0
13,21,73.80676194933393,0.7366131538994456,5,0.3,510,2024-09-28 14:05:00,2024-09-28 14:05:00,13.653683065769497,52.21903380974667,0.0,case2,DOM02,0.0
13,22,77.65310807306871,8.92267507802046,13,0.3,511,2024-09-28 14:05:00,2024-09-28 14:05:00,13.694613375390103,52.23826554036535,0.0,case2,DOM02,0.0
13,35,4.3100433231882125,172.51191413659362,7,0.5,516,2024-09-28 14:05:00,2024-09-28 14:05:00,14.512559570682969,51.87155021661594,33.0,case2,DOM02,6.224074553548936
13,41,41.22259454132859,59.28956024655615,9,0.5,518,2024-09-28 14:05:00,2024-09-28 14:05:00,13.94644780123278,52.05611297270664,22.0,case2,DOM02,4.149383035699291
13,42,45.68487457327701,111.844175388249,43,0.5,519,2024-09-28 14:05:00,2024-09-28 14:05:00,14.209220876941245,52.07842437286639,71.0,case2,DOM02,13.39119070612044
13,43,46.49822917048862,89.24516198970657,8,0.5,520,2024-09-28 14:05:00,2024-09-28 14:05:00,14.096225809948534,52.082491145852444,41.0,case2,DOM02,7.732941111985043
13,46,57.955840147171656,13.823953622681438,21,0.5,521,2024-09-28 14:05:00,2024-09-28 14:05:00,13.719119768113408,52.13977920073586,48.0,case2,DOM02,9.053199350616635
13,47,63.33386937764375,125.86540331352901,17,0.5,522,2024-09-28 14:05:00,2024-09-28 14:05:00,14.279327016567645,52.16666934688822,35.0,case2,DOM02,6.601291193157963
13,49,73.62442838339494,127.21381469191947,9,0.5,523,2024-09-28 14:05:00,2024-09-28 14:05:00,14.286069073459597,52.21812214191698,23.0,case2,DOM02,4.337991355503805
13,50,75.6377531902549,174.3842909683892,5,0.5,524,2024-09-28 14:05:00,2024-09-28 14:05:00,14.521921454841946,52.22818876595127,34.0,case2,DOM02,6.41268287335345
13,51,77.80656612689815,143.20515615904662,5,0.5,525,2024-09-28 14:05:00,2024-09-28 14:05:00,14.366025780795233,52.23903283063449,27.0,case2,DOM02,5.092424634721858
13,53,85.55820853182291,38.851142757151315,7,0.5,526,2024-09-28 14:05:00,2024-09-28 14:05:00,13.844255713785756,52.27779104265912,29.0,case2,DOM02,5.469641274330884
13,59,107.55416411106756,62.60737493189775,62,0.5,529,2024-09-28 14:05:00,2024-09-28 14:05:00,13.963036874659489,52.38777082055534,277.0,case2,DOM02,52.24450458585017
13,71,13.24917566827425,97.43510015582233,44,0.7,533,2024-09-28 14:05:00,2024-09-28 14:05:00,14.137175500779112,51.91624587834137,121.0,case2,DOM02,22.821606696346105
13,74,23.4964619431151,167.08756779382256,16,0.7,536,2024-09-28 14:05:00,2024-09-28 14:05:00,14.485437838969112,51.96748230971558,70.0,case2,DOM02,13.202582386315926
13,76,26.594229199490066,157.2587038010962,55,0.7,537,2024-09-28 14:05:00,2024-09-28 14:05:00,14.436293519005481,51.982971145997446,180.0,case2,DOM02,33.94949756481238
13,77,26.163826053431613,116.91798683275762,23,0.7,538,2024-09-28 14:05:00,2024-09-28 14:05:00,14.234589934163788,51.98081913026716,598.0,case2,DOM02,112.78777524309892
13,78,29.203001616880137,46.34058076883952,60,0.7,539,2024-09-28 14:05:00,2024-09-28 14:05:00,13.881702903844198,51.9960150080844,237.0,case2,DOM02,44.70017179366964
13,87,62.95278997390417,40.86506053631911,272,0.7,542,2024-09-28 14:05:00,2024-09-28 14:05:00,13.854325302681596,52.16476394986952,772.0,case2,DOM02,145.60562288908423
13,88,53.648295457931376,60.89183265284914,25,0.7,543,2024-09-28 14:05:00,2024-09-28 14:05:00,13.954459163264247,52.11824147728966,265.0,case2,DOM02,49.981204748196014
13,91,71.94823004215094,87.10797351706147,33,0.7,544,2024-09-28 14:05:00,2024-09-28 14:05:00,14.085539867585307,52.20974115021075,121.0,case2,DOM02,22.821606696346105
13,92,73.65612697004184,77.30790088594142,39,0.7,545,2024-09-28 14:05:00,2024-09-28 14:05:00,14.036539504429708,52.21828063485021,131.0,case2,DOM02,24.707689894391233
13,93,92.10953380604973,104.68870510683468,381,0.7,546,2024-09-28 14:05:00,2024-09-28 14:05:00,14.173443525534173,52.31054766903025,1017.0,case2,DOM02,191.81466124118995
13,97,99.82400074158582,153.01417291022813,87,0.7,548,2024-09-28 14:05:00,2024-09-28 14:05:00,14.415070864551142,52.34912000370793,258.0,case2,DOM02,48.66094650956441
13,98,103.47017862822197,168.1119909738147,16,0.7,549,2024-09-28 14:05:00,2024-09-28 14:05:00,14.490559954869074,52.36735089314111,110.0,case2,DOM02,20.746915178496458
13,102,124.35014625121322,27.583667772884343,53,0.7,551,2024-09-28 14:05:00,2024-09-28 14:05:00,13.787918338864422,52.471750731256066,181.0,case2,DOM02,34.1381058846169
13,104,125.20625771266819,79.38319518332843,25,0.7,553,2024-09-28 14:05:00,2024-09-28 14:05:00,14.046915975916642,52.47603128856334,121.0,case2,DOM02,22.821606696346105
14,7,28.723764354182542,95.69589785837498,54,0.3,557,2024-09-28 14:10:00,2024-09-28 14:10:00,14.128479489291875,51.99361882177091,0.0,case2,DOM02,0.0
14,9,45.194507613405,97.99568245739502,67,0.3,558,2024-09-28 14:10:00,2024-09-28 14:10:00,14.139978412286975,52.07597253806703,17.0,case2,DOM02,3.206341436676725
14,10,51.84341566656759,145.19843598837895,160,0.3,559,2024-09-28 14:10:00,2024-09-28 14:10:00,14.375992179941894,52.10921707833284,3.0,case2,DOM02,0.5658249594135397
14,11,62.054947861891456,140.3208415713967,79,0.3,560,2024-09-28 14:10:00,2024-09-28 14:10:00,14.351604207856983,52.16027473930946,19.0,case2,DOM02,3.5835580762857515
14,12,61.44777945637345,0.3957563133270088,5,0.3,561,2024-09-28 14:10:00,2024-09-28 14:10:00,13.651978781566635,52.157238897281864,0.0,case2,DOM02,0.0
14,14,75.85986964919526,16.09753523247134,36,0.3,562,2024-09-28 14:10:00,2024-09-28 14:10:00,13.730487676162356,52.22929934824597,0.0,case2,DOM02,0.0
14,23,33.44525101068165,129.0447298821726,8,0.5,564,2024-09-28 14:10:00,2024-09-28 14:10:00,14.295223649410863,52.01722625505341,33.0,case2,DOM02,6.224074553548936
14,24,39.245002612795,67.4321946540519,31,0.5,565,2024-09-28 14:10:00,2024-09-28 14:10:00,13.987160973270258,52.046225013063975,58.0,case2,DOM02,10.939282548661769
14,25,43.82840328107243,121.01785437294733,43,0.5,566,2024-09-28 14:10:00,2024-09-28 14:10:00,14.255089271864737,52.069142016405365,84.0,case2,DOM02,15.843098863579113
14,28,55.51706543661664,14.346955223214247,5,0.5,567,2024-09-28 14:10:00,2024-09-28 14:10:00,13.721734776116072,52.127585327183084,45.0,case2,DOM02,8.487374391203096
14,30,58.701496725061965,25.5970569291691,23,0.5,568,2024-09-28 14:10:00,2024-09-28 14:10:00,13.777985284645846,52.143507483625314,88.0,case2,DOM02,16.597532142797164
14,32,71.84110465840321,137.86159523131985,11,0.5,569,2024-09-28 14:10:00,2024-09-28 14:10:00,14.339307976156599,52.20920552329201,26.0,case2,DOM02,4.903816314917345
14,37,110.56777607305239,77.16997243011404,41,0.5,571,2024-09-28 14:10:00,2024-09-28 14:10:00,14.03584986215057,52.40283888036526,185.0,case2,DOM02,34.892539163834954
14,47,11.582625730590442,104.96428400948072,27,0.7,576,2024-09-28 14:10:00,2024-09-28 14:10:00,14.174821420047405,51.90791312865295,148.0,case2,DOM02,27.91403133106796
14,48,17.177736366726556,20.752849370336197,41,0.7,577,2024-09-28 14:10:00,2024-09-28 14:10:00,13.75376424685168,51.93588868183363,339.0,case2,DOM02,63.93822041372999
14,51,23.375454023374278,134.98115630726465,30,0.7,580,2024-09-28 14:10:00,2024-09-28 14:10:00,14.324905781536323,51.966877270116875,1.0,case2,DOM02,0.18860831980451326
14,52,24.036960801179383,124.82335651742181,9,0.7,581,2024-09-28 14:10:00,2024-09-28 14:10:00,14.27411678258711,51.970184804005896,563.0,case2,DOM02,106.18648404994096
14,53,25.410549769707043,164.53355813517877,44,0.7,582,2024-09-28 14:10:00,2024-09-28 14:10:00,14.472667790675894,51.977052748848536,177.0,case2,DOM02,33.38367260539884
14,54,27.433439658102674,54.72766824139551,55,0.7,583,2024-09-28 14:10:00,2024-09-28 14:10:00,13.923638341206978,51.987167198290514,325.0,case2,DOM02,61.2977039364668
14,55,28.049643541500455,39.791815639110986,9,0.7,584,2024-09-28 14:10:00,2024-09-28 14:10:00,13.848959078195556,51.9902482177075,100.0,case2,DOM02,18.860831980451323
14,57,34.44180420465662,26.851022949723784,19,0.7,586,2024-09-28 14:10:00,2024-09-28 14:10:00,13.78425511474862,52.022209021023286,133.0,case2,DOM02,25.08490653400026
14,58,40.87328801568386,16.59813477003445,65,0.7,587,2024-09-28 14:10:00,2024-09-28 14:10:00,13.732990673850171,52.05436644007842,385.0,case2,DOM02,72.6142031247376
14,59,54.046929456710615,43.65089542867821,119,0.7,588,2024-09-28 14:10:00,2024-09-28 14:10:00,13.86825447714339,52.12023464728355,372.0,case2,DOM02,70.16229496727892
14,60,52.200477122556705,67.58652730533555,24,0.7,589,2024-09-28 14:10:00,2024-09-28 14:10:00,13.987932636526677,52.111002385612785,164.0,case2,DOM02,30.93176444794017
14,61,65.38921564425694,53.29721118354315,144,0.7,590,2024-09-28 14:10:00,2024-09-28 14:10:00,13.916486055917716,52.176946078221285,633.0,case2,DOM02,119.38906643625688
14,62,70.84070973187718,95.93972893835453,45,0.7,591,2024-09-28 14:10:00,2024-09-28 14:10:00,14.129698644691773,52.204203548659386,256.0,case2,DOM02,48.283729869955394
14,67,91.27860400140965,112.2989154239925,379,0.7,593,2024-09-28 14:10:00,2024-09-28 14:10:00,14.211494577119963,52.30639302000705,1071.0,case2,DOM02,201.99951051063368
14,68,87.40474582421902,139.14904488775542,10,0.7,594,2024-09-28 14:10:00,2024-09-28 14:10:00,14.345745224438778,52.287023729121096,116.0,case2,DOM02,21.878565097323538
14,71,104.81530882401259,159.11205610024768,56,0.7,596,2024-09-28 14:10:00,2024-09-28 14:10:00,14.445560280501239,52.374076544120065,285.0,case2,DOM02,53.75337114428628
14,72,111.78262705646904,153.0626141782469,31,0.7,597,2024-09-28 14:10:00,2024-09-28 14:10:00,14.415313070891235,52.40891313528234,542.0,case2,DOM02,102.22570933404619
14,74,115.35275916834755,161.3395074810325,5,0.7,598,2024-09-28 14:10:00,2024-09-28 14:10:00,14.456697537405162,52.42676379584174,211.0,case2,DOM02,39.79635547875229
14,75,122.44631444942561,36.23580651243136,43,0.7,599,2024-09-28 14:10:00,2024-09-28 14:10:00,13.831179032562156,52.46223157224713,237.0,case2,DOM02,44.70017179366964
14,77,122.11330305753162,89.0420431250263,24,0.7,601,2024-09-28 14:10:00,2024-09-28 14:10:00,14.095210215625132,52.46056651528766,87.0,case2,DOM02,16.40892382299265
15,8,15.138480858734587,0.2360541099136759,6,0.3,604,2024-09-28 14:15:00,2024-09-28 14:15:00,13.651180270549569,51.92569240429367,0.0,case2,DOM02,0.0
15,9,27.203633398200935,102.17586130559566,81,0.3,605,2024-09-28 14:15:00,2024-09-28 14:15:00,14.16087930652798,51.986018166991,0.0,case2,DOM02,0.0
15,11,42.54438528812528,103.63138719819119,25,0.3,606,2024-09-28 14:15:00,2024-09-28 14:15:00,14.168156935990956,52.062721926440624,3.0,case2,DOM02,0.5658249594135397
15,13,44.15817323697716,179.4818067794614,8,0.3,607,2024-09-28 14:15:00,2024-09-28 14:15:00,14.547409033897308,52.070790866184886,0.0,case2,DOM02,0.0
15,14,50.00501428939501,152.35868186668245,145,0.3,608,2024-09-28 14:15:00,2024-09-28 14:15:00,14.411793409333413,52.10002507144698,28.0,case2,DOM02,5.281032954526371
15,15,60.86480229039262,151.46732093319704,86,0.3,609,2024-09-28 14:15:00,2024-09-28 14:15:00,14.407336604665986,52.15432401145196,28.0,case2,DOM02,5.281032954526371
15,16,76.61866163725352,29.379720337946665,28,0.3,610,2024-09-28 14:15:00,2024-09-28 14:15:00,13.796898601689733,52.23309330818627,0.0,case2,DOM02,0.0
15,22,125.28627453840416,63.26631502788247,21,0.3,611,2024-09-28 14:15:00,2024-09-28 14:15:00,13.966331575139412,52.47643137269202,4.0,case2,DOM02,0.754433279218053
15,30,0.7006655215699622,173.9321978251195,10,0.5,615,2024-09-28 14:15:00,2024-09-28 14:15:00,14.519660989125597,51.85350332760785,1.0,case2,DOM02,0.18860831980451326
15,39,42.21859972930139,129.30711987515178,37,0.5,617,2024-09-28 14:15:00,2024-09-28 14:15:00,14.296535599375758,52.06109299864651,65.0,case2,DOM02,12.259540787293362
15,41,54.369214941287126,23.242240090035164,19,0.5,618,2024-09-28 14:15:00,2024-09-28 14:15:00,13.766211200450176,52.12184607470643,72.0,case2,DOM02,13.579799025924954
15,43,70.21411553188828,147.18822272434272,21,0.5,619,2024-09-28 14:15:00,2024-09-28 14:15:00,14.385941113621714,52.20107057765944,33.0,case2,DOM02,6.224074553548936
15,45,78.34476231316393,110.27369534061344,34,0.5,620,2024-09-28 14:15:00,2024-09-28 14:15:00,14.201368476703067,52.24172381156582,57.0,case2,DOM02,10.750674228857255
15,47,95.70248237496632,23.19796143043193,32,0.5,621,2024-09-28 14:15:00,2024-09-28 14:15:00,13.76598980715216,52.32851241187483,52.0,case2,DOM02,9.80763262983469
15,49,111.28748124174899,89.9335226228518,37,0.5,623,2024-09-28 14:15:00,2024-09-28 14:15:00,14.099667613114258,52.406437406208745,137.0,case2,DOM02,25.839339813218313
15,50,113.27678288374449,16.20325216245923,36,0.5,624,2024-09-28 14:15:00,2024-09-28 14:15:00,13.731016260812297,52.416383914418724,49.0,case2,DOM02,9.24180767042115
15,62,7.457447463923667,129.12938241276652,15,0.7,629,2024-09-28 14:15:00,2024-09-28 14:15:00,14.295646912063832,51.88728723731962,175.0,case2,DOM02,33.00645596578982
15,64,15.508985461525473,29.82037185969839,23,0.7,631,2024-09-28 14:15:00,2024-09-28 14:15:00,13.799101859298492,51.92754492730763,563.0,case2,DOM02,106.18648404994096
15,65,20.71731838667727,133.75652198466744,12,0.7,632,2024-09-28 14:15:00,2024-09-28 14:15:00,14.318782609923337,51.95358659193339,267.0,case2,DOM02,50.35842138780504
15,67,22.520155882213803,148.3032048847867,14,0.7,634,2024-09-28 14:15:00,2024-09-28 14:15:00,14.391516024423934,51.96260077941107,264.0,case2,DOM02,49.79259642839149
15,69,26.995740137344153,58.508298036357075,92,0.7,636,2024-09-28 14:15:00,2024-09-28 14:15:00,13.942541490181785,51.98497870068672,609.0,case2,DOM02,114.86246676094856
15,72,33.986391051553504,34.91944734263176,29,0.7,637,2024-09-28 14:15:00,2024-09-28 14:15:00,13.824597236713158,52.01993195525777,601.0,case2,DOM02,113.35360020251245
15,75,51.197943894188136,53.13307448488599,93,0.7,638,2024-09-28 14:15:00,2024-09-28 14:15:00,13.915665372424431,52.10598971947094,460.0,case2,DOM02,86.7598271100761
15,76,51.380835319678106,73.4723671517197,37,0.7,639,2024-09-28 14:15:00,2024-09-28 14:15:00,14.0173618357586,52.10690417659839,139.0,case2,DOM02,26.21655645282734
15,77,63.74391377752354,60.82571035205739,135,0.7,640,2024-09-28 14:15:00,2024-09-28 14:15:00,13.954128551760286,52.16871956888762,721.0,case2,DOM02,135.98659857905406
15,78,69.72911195748978,104.59920532341214,64,0.7,641,2024-09-28 14:15:00,2024-09-28 14:15:00,14.172996026617062,52.19864555978745,296.0,case2,DOM02,55.82806266213592
15,82,90.77065554233323,120.43193708525308,380,0.7,643,2024-09-28 14:15:00,2024-09-28 14:15:00,14.252159685426266,52.30385327771167,1160.0,case2,DOM02,218.78565097323536
15,85,116.46160784077927,48.90857031061397,7,0.7,645,2024-09-28 14:15:00,2024-09-28 14:15:00,13.89454285155307,52.432308039203896,67.0,case2,DOM02,12.636757426902387
15,86,117.85419686088454,53.25714100022747,5,0.7,646,2024-09-28 14:15:00,2024-09-28 14:15:00,13.916285705001139,52.43927098430442,89.0,case2,DOM02,16.78614046260168
15,87,119.38777275207734,98.09004819047549,21,0.7,647,2024-09-28 14:15:00,2024-09-28 14:15:00,14.140450240952378,52.44693886376039,63.0,case2,DOM02,11.882324147684335
15,88,121.62784025456027,43.444721326905494,30,0.7,648,2024-09-28 14:15:00,2024-09-28 14:15:00,13.867223606634527,52.4581392012728,157.0,case2,DOM02,29.61150620930858
16,4,1.218724568072311,71.01051276805113,83,0.3,651,2024-09-28 14:20:00,2024-09-28 14:20:00,14.005052563840257,51.85609362284036,0.0,case2,DOM02,0.0
16,5,0.03178971694366875,96.69190585499845,9,0.3,652,2024-09-28 14:20:00,2024-09-28 14:20:00,14.133459529274992,51.85015894858472,0.0,case2,DOM02,0.0
16,7,38.846603435193316,119.91491493728496,38,0.3,653,2024-09-28 14:20:00,2024-09-28 14:20:00,14.249574574686426,52.04423301717597,0.0,case2,DOM02,0.0
16,9,43.3126335914237,179.13851707329627,10,0.3,654,2024-09-28 14:20:00,2024-09-28 14:20:00,14.545692585366481,52.06656316795711,0.0,case2,DOM02,0.0
16,11,66.63254040946687,40.65783090440925,10,0.3,655,2024-09-28 14:20:00,2024-09-28 14:20:00,13.853289154522047,52.18316270204733,0.0,case2,DOM02,0.0
16,13,78.22184216104017,43.017122143338106,58,0.3,657,2024-09-28 14:20:00,2024-09-28 14:20:00,13.86508561071669,52.2411092108052,0.0,case2,DOM02,0.0
16,14,84.30666339429159,91.43091736302551,24,0.3,658,2024-09-28 14:20:00,2024-09-28 14:20:00,14.107154586815128,52.27153331697146,0.0,case2,DOM02,0.0
16,25,121.90716465743206,73.7556384849146,9,0.3,660,2024-09-28 14:20:00,2024-09-28 14:20:00,14.018778192424573,52.45953582328716,0.0,case2,DOM02,0.0
16,36,9.701674105705086,166.888348655515,7,0.5,664,2024-09-28 14:20:00,2024-09-28 14:20:00,14.484441743277575,51.898508370528525,56.0,case2,DOM02,10.562065909052741
16,38,21.214625740196364,24.524374786710748,208,0.5,665,2024-09-28 14:20:00,2024-09-28 14:20:00,13.772621873933554,51.95607312870098,296.0,case2,DOM02,55.82806266213592
16,41,26.14017820818142,135.91238265771648,17,0.5,666,2024-09-28 14:20:00,2024-09-28 14:20:00,14.329561913288583,51.980700891040904,64.0,case2,DOM02,12.070932467488849
16,43,40.23137513639788,136.9229046299203,28,0.5,667,2024-09-28 14:20:00,2024-09-28 14:20:00,14.334614523149602,52.05115687568199,51.0,case2,DOM02,9.619024310030175
16,44,53.86103219619952,32.9248584248774,39,0.5,668,2024-09-28 14:20:00,2024-09-28 14:20:00,13.814624292124387,52.11930516098099,125.0,case2,DOM02,23.576039975564157
16,45,59.465375432861855,163.82365467527694,23,0.5,669,2024-09-28 14:20:00,2024-09-28 14:20:00,14.469118273376385,52.14732687716431,69.0,case2,DOM02,13.013974066511413
16,47,68.57160106960428,156.16542795561284,34,0.5,670,2024-09-28 14:20:00,2024-09-28 14:20:00,14.430827139778064,52.19285800534802,67.0,case2,DOM02,12.636757426902387
16,49,75.12353015283324,158.95640834460778,13,0.5,671,2024-09-28 14:20:00,2024-09-28 14:20:00,14.44478204172304,52.225617650764164,23.0,case2,DOM02,4.337991355503805
16,50,76.37832510640287,110.3513345584739,15,0.5,672,2024-09-28 14:20:00,2024-09-28 14:20:00,14.201756672792369,52.231891625532015,32.0,case2,DOM02,6.035466233744424
16,51,77.72537251891283,119.2439569650612,19,0.5,673,2024-09-28 14:20:00,2024-09-28 14:20:00,14.246219784825305,52.238626862594565,40.0,case2,DOM02,7.54433279218053
16,54,93.07943984018033,31.399214730570204,20,0.5,674,2024-09-28 14:20:00,2024-09-28 14:20:00,13.80699607365285,52.3153971992009,43.0,case2,DOM02,8.11015775159407
16,56,109.76602775055984,97.38092229875411,22,0.5,676,2024-09-28 14:20:00,2024-09-28 14:20:00,14.13690461149377,52.3988301387528,93.0,case2,DOM02,17.54057374181973
16,57,111.03195619799807,25.17984746666213,42,0.5,677,2024-09-28 14:20:00,2024-09-28 14:20:00,13.775899237333311,52.40515978098999,55.0,case2,DOM02,10.373457589248229
16,58,113.40226065475038,10.957265733363162,30,0.5,678,2024-09-28 14:20:00,2024-09-28 14:20:00,13.704786328666815,52.41701130327375,36.0,case2,DOM02,6.789899512962477
16,70,14.13623803615739,38.422009925558314,11,0.7,682,2024-09-28 14:20:00,2024-09-28 14:20:00,13.842110049627792,51.92068119018079,210.0,case2,DOM02,39.60774715894778
16,75,26.075997005846226,62.3405246359691,92,0.7,684,2024-09-28 14:20:00,2024-09-28 14:20:00,13.961702623179846,51.98037998502923,738.0,case2,DOM02,139.19294001573076
16,77,33.70505819830518,44.57614105097394,43,0.7,685,2024-09-28 14:20:00,2024-09-28 14:20:00,13.87288070525487,52.018525290991526,457.0,case2,DOM02,86.19400215066256
16,78,36.348750038318585,82.90144619734025,36,0.7,686,2024-09-28 14:20:00,2024-09-28 14:20:00,14.0645072309867,52.031743750191595,113.0,case2,DOM02,21.312740137909998
16,79,49.34218343055102,63.68359373770045,68,0.7,687,2024-09-28 14:20:00,2024-09-28 14:20:00,13.968417968688502,52.096710917152755,464.0,case2,DOM02,87.51426038929415
16,80,49.786936031552514,81.71808649034388,58,0.7,688,2024-09-28 14:20:00,2024-09-28 14:20:00,14.05859043245172,52.09893468015776,283.0,case2,DOM02,53.37615450467725
16,81,63.63817702553709,69.75538208587332,137,0.7,689,2024-09-28 14:20:00,2024-09-28 14:20:00,13.998776910429367,52.168190885127686,568.0,case2,DOM02,107.12952564896352
16,83,67.89731116848083,111.91028066063103,90,0.7,690,2024-09-28 14:20:00,2024-09-28 14:20:00,14.209551403303156,52.1894865558424,486.0,case2,DOM02,91.66364342499344
16,84,76.73533051130569,169.90789728171046,7,0.7,691,2024-09-28 14:20:00,2024-09-28 14:20:00,14.499539486408553,52.233676652556525,280.0,case2,DOM02,52.810329545263706
16,85,82.98894649438004,167.46423702935257,31,0.7,692,2024-09-28 14:20:00,2024-09-28 14:20:00,14.487321185146763,52.2649447324719,1.0,case2,DOM02,0.18860831980451326
16,86,88.88580412809422,121.4568811137254,148,0.7,693,2024-09-28 14:20:00,2024-09-28 14:20:00,14.257284405568628,52.29442902064047,722.0,case2,DOM02,136.1752068988586
16,87,91.30451371330729,142.03951819012445,153,0.7,694,2024-09-28 14:20:00,2024-09-28 14:20:00,14.360197590950621,52.306522568566535,490.0,case2,DOM02,92.41807670421149
16,91,108.86917685223922,161.84019435418963,11,0.7,696,2024-09-28 14:20:00,2024-09-28 14:20:00,14.459200971770949,52.3943458842612,772.0,case2,DOM02,145.60562288908423
16,95,116.3893436255905,107.70014745793456,6,0.7,697,2024-09-28 14:20:00,2024-09-28 14:20:00,14.188500737289672,52.43194671812795,102.0,case2,DOM02,19.23804862006035
16,96,120.58707282299207,52.91566004986896,33,0.7,698,2024-09-28 14:20:00,2024-09-28 14:20:00,13.914578300249346,52.452935364114964,337.0,case2,DOM02,63.56100377412096
16,99,125.82400632262798,60.71981027074108,5,0.7,700,2024-09-28 14:20:00,2024-09-28 14:20:00,13.953599051353706,52.479120031613135,43.0,case2,DOM02,8.11015775159407
16,100,129.948564362471,111.79268928261172,55,0.7,701,2024-09-28 14:20:00,2024-09-28 14:20:00,14.20896344641306,52.499742821812355,451.0,case2,DOM02,85.06235223183548
17,4,0.0,121.5821304479669,6,0.3,705,2024-09-28 14:25:00,2024-09-28 14:25:00,14.257910652239834,51.85,0.0,case2,DOM02,0.0
17,7,44.506342292878045,164.9479766255161,104,0.3,706,2024-09-28 14:25:00,2024-09-28 14:25:00,14.47473988312758,52.07253171146439,6.0,case2,DOM02,1.1316499188270794
17,9,78.7159984401988,53.32952753941993,57,0.3,707,2024-09-28 14:25:00,2024-09-28 14:25:00,13.9166476376971,52.24357999220099,2.0,case2,DOM02,0.3772166396090265
17,12,81.83553434910557,62.4188605909,5,0.3,708,2024-09-28 14:25:00,2024-09-28 14:25:00,13.962094302954501,52.259177671745526,0.0,case2,DOM02,0.0
17,14,88.1090109271032,74.05509909008231,7,0.3,709,2024-09-28 14:25:00,2024-09-28 14:25:00,14.020275495450411,52.290545054635515,0.0,case2,DOM02,0.0
17,17,118.44428223271366,84.69039729446531,8,0.3,710,2024-09-28 14:25:00,2024-09-28 14:25:00,14.073451986472326,52.442221411163565,0.0,case2,DOM02,0.0
17,29,18.665595126909196,32.40899509257911,138,0.5,715,2024-09-28 14:25:00,2024-09-28 14:25:00,13.812044975462896,51.943327975634546,276.0,case2,DOM02,52.05589626604565
17,34,29.84502110633327,128.4748263405669,10,0.5,716,2024-09-28 14:25:00,2024-09-28 14:25:00,14.292374131702834,51.999225105531664,139.0,case2,DOM02,26.21655645282734
17,35,37.89909753171103,147.34592839243007,5,0.5,717,2024-09-28 14:25:00,2024-09-28 14:25:00,14.38672964196215,52.039495487658556,31.0,case2,DOM02,5.846857913939911
17,37,53.4799964894934,40.47345489622944,39,0.5,718,2024-09-28 14:25:00,2024-09-28 14:25:00,13.852367274481146,52.117399982447466,101.0,case2,DOM02,19.04944030025584
17,42,64.7260154167137,150.2056279113854,15,0.5,720,2024-09-28 14:25:00,2024-09-28 14:25:00,14.401028139556928,52.173630077083565,40.0,case2,DOM02,7.54433279218053
17,44,67.19359250604369,164.95931841653658,50,0.5,722,2024-09-28 14:25:00,2024-09-28 14:25:00,14.474796592082683,52.18596796253022,67.0,case2,DOM02,12.636757426902387
17,47,90.53945506875914,39.295062739863916,15,0.5,723,2024-09-28 14:25:00,2024-09-28 14:25:00,13.84647531369932,52.302697275343796,30.0,case2,DOM02,5.658249594135397
17,48,102.53654625877684,123.02536444508327,14,0.5,724,2024-09-28 14:25:00,2024-09-28 14:25:00,14.265126822225417,52.36268273129389,50.0,case2,DOM02,9.430415990225661
17,49,104.50628618949008,139.1081317397523,7,0.5,725,2024-09-28 14:25:00,2024-09-28 14:25:00,14.345540658698763,52.37253143094745,23.0,case2,DOM02,4.337991355503805
17,51,105.83981633575084,132.70780200404394,13,0.5,726,2024-09-28 14:25:00,2024-09-28 14:25:00,14.31353901002022,52.379199081678756,50.0,case2,DOM02,9.430415990225661
17,56,115.18855704896322,7.258569841490865,6,0.5,727,2024-09-28 14:25:00,2024-09-28 14:25:00,13.686292849207454,52.425942785244814,29.0,case2,DOM02,5.469641274330884
17,63,135.7942516510392,90.49896909771918,29,0.5,728,2024-09-28 14:25:00,2024-09-28 14:25:00,14.102494845488597,52.5289712582552,50.0,case2,DOM02,9.430415990225661
17,73,20.22159507984946,85.2219468842943,22,0.7,733,2024-09-28 14:25:00,2024-09-28 14:25:00,14.07610973442147,51.951107975399246,1202.0,case2,DOM02,226.7072004050249
17,74,27.568005890747692,61.92570529080096,233,0.7,734,2024-09-28 14:25:00,2024-09-28 14:25:00,13.959628526454006,51.98784002945374,1.0,case2,DOM02,0.18860831980451326
17,76,34.827991700007814,91.20641566255365,51,0.7,735,2024-09-28 14:25:00,2024-09-28 14:25:00,14.106032078312769,52.02413995850004,145.0,case2,DOM02,27.34820637165442
17,78,47.42063360173141,72.31028555495249,41,0.7,736,2024-09-28 14:25:00,2024-09-28 14:25:00,14.011551427774762,52.08710316800866,468.0,case2,DOM02,88.2686936685122
17,79,48.322871168056395,90.39903020017852,93,0.7,737,2024-09-28 14:25:00,2024-09-28 14:25:00,14.101995151000892,52.091614355840285,395.0,case2,DOM02,74.50028632278273
17,81,59.107600185582555,76.08361140975825,30,0.7,738,2024-09-28 14:25:00,2024-09-28 14:25:00,14.030418057048792,52.145538000927914,580.0,case2,DOM02,109.39282548661768
17,82,65.77658004551064,120.31377063740281,108,0.7,739,2024-09-28 14:25:00,2024-09-28 14:25:00,14.251568853187015,52.17888290022755,671.0,case2,DOM02,126.55618258882838
17,91,87.69459019025663,133.4828532214149,35,0.7,743,2024-09-28 14:25:00,2024-09-28 14:25:00,14.317414266107074,52.28847295095128,436.0,case2,DOM02,82.23322743476777
17,92,90.93968639597529,149.9846669852286,88,0.7,744,2024-09-28 14:25:00,2024-09-28 14:25:00,14.399923334926143,52.30469843197987,618.0,case2,DOM02,116.55994163918919
17,97,109.06785691357618,33.1621002891098,13,0.7,747,2024-09-28 14:25:00,2024-09-28 14:25:00,13.815810501445549,52.39533928456788,72.0,case2,DOM02,13.579799025924954
17,98,111.51096615507456,18.813052059072245,10,0.7,748,2024-09-28 14:25:00,2024-09-28 14:25:00,13.744065260295361,52.407554830775375,57.0,case2,DOM02,10.750674228857255
17,99,117.44286657517294,59.2123122226039,15,0.7,749,2024-09-28 14:25:00,2024-09-28 14:25:00,13.94606156111302,52.43721433287587,297.0,case2,DOM02,56.016670981940436
17,100,122.26470916520623,68.05982961735658,14,0.7,750,2024-09-28 14:25:00,2024-09-28 14:25:00,13.990299148086782,52.46132354582603,129.0,case2,DOM02,24.330473254782206
17,101,127.28518147000553,120.79645537823907,39,0.7,751,2024-09-28 14:25:00,2024-09-28 14:25:00,14.253982276891197,52.486425907350025,688.0,case2,DOM02,129.76252402550512
18,8,41.586701673561976,174.09476353431472,71,0.3,755,2024-09-28 14:30:00,2024-09-28 14:30:00,14.520473817671574,52.05793350836781,0.0,case2,DOM02,0.0
18,10,68.10979916222452,62.95985222561511,23,0.3,756,2024-09-28 14:30:00,2024-09-28 14:30:00,13.964799261128075,52.19054899581112,0.0,case2,DOM02,0.0
18,14,88.27684680257198,46.859591536553154,37,0.3,757,2024-09-28 14:30:00,2024-09-28 14:30:00,13.884297957682765,52.29138423401286,15.0,case2,DOM02,2.8291247970676987
18,22,9.916599408069922,75.47081391899354,43,0.5,759,2024-09-28 14:30:00,2024-09-28 14:30:00,14.027354069594967,51.89958299704035,77.0,case2,DOM02,14.52284062494752
18,23,12.35910715970555,12.996506083789185,26,0.5,760,2024-09-28 14:30:00,2024-09-28 14:30:00,13.714982530418945,51.911795535798525,39.0,case2,DOM02,7.355724472376017
18,24,11.92046834887227,39.47365303300609,15,0.5,761,2024-09-28 14:30:00,2024-09-28 14:30:00,13.84736826516503,51.90960234174436,32.0,case2,DOM02,6.035466233744424
18,26,15.903971477902664,63.6639264281622,6,0.5,762,2024-09-28 14:30:00,2024-09-28 14:30:00,13.968319632140812,51.929519857389515,19.0,case2,DOM02,3.5835580762857515
18,27,19.74849350335627,45.804965152958864,40,0.5,763,2024-09-28 14:30:00,2024-09-28 14:30:00,13.879024825764795,51.94874246751678,153.0,case2,DOM02,28.857072930090528
18,28,20.73640199187537,128.34421673956288,24,0.5,764,2024-09-28 14:30:00,2024-09-28 14:30:00,14.291721083697816,51.95368200995938,66.0,case2,DOM02,12.448149107097873
18,29,20.98487553532546,110.29703684457242,43,0.5,765,2024-09-28 14:30:00,2024-09-28 14:30:00,14.20148518422286,51.954924377676626,76.0,case2,DOM02,14.334232305143006
18,33,27.174537266367363,136.08310854049358,47,0.5,766,2024-09-28 14:30:00,2024-09-28 14:30:00,14.330415542702468,51.98587268633184,96.0,case2,DOM02,18.10639870123327
18,36,35.720583574310965,137.7384992403078,9,0.5,767,2024-09-28 14:30:00,2024-09-28 14:30:00,14.338692496201539,52.02860291787155,26.0,case2,DOM02,4.903816314917345
18,37,54.1757763914181,64.97092636859388,12,0.5,768,2024-09-28 14:30:00,2024-09-28 14:30:00,13.97485463184297,52.12087888195709,49.0,case2,DOM02,9.24180767042115
18,52,123.04681185298217,111.90559055312274,20,0.5,770,2024-09-28 14:30:00,2024-09-28 14:30:00,14.209527952765615,52.465234059264915,55.0,case2,DOM02,10.373457589248229
18,55,133.37739865862227,99.26161829685574,23,0.5,771,2024-09-28 14:30:00,2024-09-28 14:30:00,14.14630809148428,52.51688699329311,47.0,case2,DOM02,8.864591030812122
18,68,18.153814112022655,93.31948149421385,34,0.7,777,2024-09-28 14:30:00,2024-09-28 14:30:00,14.116597407471069,51.94076907056011,197.0,case2,DOM02,37.15583900148911
18,72,26.049110543519202,69.53248590749136,255,0.7,778,2024-09-28 14:30:00,2024-09-28 14:30:00,13.997662429537456,51.98024555271759,837.0,case2,DOM02,157.8651636763776
18,73,33.31514222634491,99.88914712632568,67,0.7,779,2024-09-28 14:30:00,2024-09-28 14:30:00,14.149445735631629,52.01657571113173,304.0,case2,DOM02,57.336929220572024
18,74,38.891755296228425,85.72989718563159,35,0.7,780,2024-09-28 14:30:00,2024-09-28 14:30:00,14.078649485928159,52.04445877648114,162.0,case2,DOM02,30.554547808331147
18,75,46.29629782322779,98.66086855369967,96,0.7,781,2024-09-28 14:30:00,2024-09-28 14:30:00,14.143304342768499,52.081481489116136,635.0,case2,DOM02,119.76628307586591
18,76,45.46202893484234,79.10060438833496,22,0.7,782,2024-09-28 14:30:00,2024-09-28 14:30:00,14.045503021941675,52.077310144674215,205.0,case2,DOM02,38.66470555992522
18,77,57.037287618550394,83.20771440756295,16,0.7,783,2024-09-28 14:30:00,2024-09-28 14:30:00,14.066038572037815,52.13518643809275,666.0,case2,DOM02,125.61314098980581
18,78,64.03359142353983,130.68518398877896,87,0.7,784,2024-09-28 14:30:00,2024-09-28 14:30:00,14.303425919943894,52.1701679571177,608.0,case2,DOM02,114.67385844114405
18,89,91.6680352046029,28.106145576287936,10,0.7,790,2024-09-28 14:30:00,2024-09-28 14:30:00,13.79053072788144,52.308340176023016,60.0,case2,DOM02,11.316499188270795
18,91,107.38173235235976,41.842431553044875,18,0.7,792,2024-09-28 14:30:00,2024-09-28 14:30:00,13.859212157765224,52.3869086617618,98.0,case2,DOM02,18.4836153408423
18,92,109.587597860709,28.27967156833784,23,0.7,793,2024-09-28 14:30:00,2024-09-28 14:30:00,13.79139835784169,52.39793798930354,80.0,case2,DOM02,15.08866558436106
18,93,115.11848036396384,65.55249057144836,11,0.7,794,2024-09-28 14:30:00,2024-09-28 14:30:00,13.977762452857242,52.42559240181982,481.0,case2,DOM02,90.72060182597087
18,97,126.44220979273616,129.21063510416096,44,0.7,795,2024-09-28 14:30:00,2024-09-28 14:30:00,14.296053175520806,52.48221104896368,681.0,case2,DOM02,128.44226578687352
19,4,0.0,55.63165680277513,6,0.3,799,2024-09-28 14:35:00,2024-09-28 14:35:00,13.928158284013875,51.85,0.0,case2,DOM02,0.0
19,7,1.7015921876876732,0.35247147808829404,5,0.3,800,2024-09-28 14:35:00,2024-09-28 14:35:00,13.651762357390442,51.85850796093844,0.0,case2,DOM02,0.0
19,10,42.81375722148683,175.31500053961548,6,0.3,801,2024-09-28 14:35:00,2024-09-28 14:35:00,14.526575002698078,52.064068786107434,0.0,case2,DOM02,0.0
19,13,63.28800570248102,157.14247762930557,20,0.3,802,2024-09-28 14:35:00,2024-09-28 14:35:00,14.435712388146529,52.166440028512405,0.0,case2,DOM02,0.0
19,15,85.58447470518493,56.477807435982605,33,0.3,803,2024-09-28 14:35:00,2024-09-28 14:35:00,13.932389037179913,52.277922373525925,3.0,case2,DOM02,0.5658249594135397
19,16,112.85133827537815,105.56548291406774,17,0.3,804,2024-09-28 14:35:00,2024-09-28 14:35:00,14.17782741457034,52.41425669137689,0.0,case2,DOM02,0.0
19,17,129.54151192295177,5.683803545443558,9,0.3,805,2024-09-28 14:35:00,2024-09-28 14:35:00,13.678419017727219,52.49770755961476,0.0,case2,DOM02,0.0
19,26,10.9058520791818,21.87700561097065,24,0.5,809,2024-09-28 14:35:00,2024-09-28 14:35:00,13.759385028054853,51.90452926039591,34.0,case2,DOM02,6.41268287335345
19,27,18.05311263391715,121.22353306653615,63,0.5,810,2024-09-28 14:35:00,2024-09-28 14:35:00,14.256117665332681,51.94026556316958,100.0,case2,DOM02,18.860831980451323
19,28,19.505851140153656,158.5376221689208,38,0.5,811,2024-09-28 14:35:00,2024-09-28 14:35:00,14.442688110844603,51.94752925570077,82.0,case2,DOM02,15.465882223970086
19,29,26.083145976938987,141.80824671996763,73,0.5,812,2024-09-28 14:35:00,2024-09-28 14:35:00,14.359041233599838,51.98041572988469,107.0,case2,DOM02,20.18109021908292
19,30,33.95895300529524,148.3299394655617,12,0.5,813,2024-09-28 14:35:00,2024-09-28 14:35:00,14.391649697327809,52.01979476502648,30.0,case2,DOM02,5.658249594135397
19,31,40.30289532531158,155.81468158790682,10,0.5,814,2024-09-28 14:35:00,2024-09-28 14:35:00,14.429073407939534,52.05151447662656,47.0,case2,DOM02,8.864591030812122
19,44,130.49428117526062,109.91871842410599,10,0.5,817,2024-09-28 14:35:00,2024-09-28 14:35:00,14.199593592120529,52.50247140587631,34.0,case2,DOM02,6.41268287335345
19,45,130.0164380969058,121.40900942490981,5,0.5,818,2024-09-28 14:35:00,2024-09-28 14:35:00,14.25704504712455,52.50008219048453,67.0,case2,DOM02,12.636757426902387
19,57,16.0826581196606,102.3697356699749,47,0.7,824,2024-09-28 14:35:00,2024-09-28 14:35:00,14.161848678349875,51.9304132905983,213.0,case2,DOM02,40.17357211836132
19,58,23.953337679157407,78.8733026351401,267,0.7,825,2024-09-28 14:35:00,2024-09-28 14:35:00,14.044366513175701,51.96976668839579,804.0,case2,DOM02,151.64108912282867
19,59,31.48463836189134,108.99652175421497,68,0.7,826,2024-09-28 14:35:00,2024-09-28 14:35:00,14.194982608771076,52.00742319180946,365.0,case2,DOM02,68.84203672864733
19,61,38.5092272989433,92.03457922926863,50,0.7,827,2024-09-28 14:35:00,2024-09-28 14:35:00,14.110172896146343,52.042546136494714,291.0,case2,DOM02,54.885021063113356
19,63,43.63050448297114,106.18459648929635,76,0.7,828,2024-09-28 14:35:00,2024-09-28 14:35:00,14.180922982446482,52.068152522414856,556.0,case2,DOM02,104.86622581130936
19,66,53.88880776515902,89.75336129625373,16,0.7,829,2024-09-28 14:35:00,2024-09-28 14:35:00,14.098766806481269,52.11944403882579,801.0,case2,DOM02,151.0752641634151
19,76,90.19277848919535,27.07000233946931,110,0.7,833,2024-09-28 14:35:00,2024-09-28 14:35:00,13.785350011697346,52.30096389244598,511.0,case2,DOM02,96.37885142010626
19,82,100.86067502942683,14.331986306587217,6,0.7,836,2024-09-28 14:35:00,2024-09-28 14:35:00,13.721659931532937,52.35430337514713,99.0,case2,DOM02,18.67222366064681
19,84,104.33781616070972,51.58989927101102,28,0.7,837,2024-09-28 14:35:00,2024-09-28 14:35:00,13.907949496355055,52.37168908080355,132.0,case2,DOM02,24.896298214195745
19,85,107.32543417162178,37.30327993037964,21,0.7,838,2024-09-28 14:35:00,2024-09-28 14:35:00,13.836516399651899,52.386627170858105,107.0,case2,DOM02,20.18109021908292
19,87,114.18423633252914,8.240642227782681,18,0.7,840,2024-09-28 14:35:00,2024-09-28 14:35:00,13.691203211138912,52.42092118166265,146.0,case2,DOM02,27.536814691458932
19,88,113.36249775150628,76.13149191257125,14,0.7,841,2024-09-28 14:35:00,2024-09-28 14:35:00,14.030657459562855,52.41681248875753,482.0,case2,DOM02,90.90921014577538
19,90,125.22074107721568,139.81289052576395,60,0.7,842,2024-09-28 14:35:00,2024-09-28 14:35:00,14.34906445262882,52.47610370538608,509.0,case2,DOM02,96.00163478049724
20,3,0.0007485965035565654,6.505094425314729,7,0.3,846,2024-09-28 14:40:00,2024-09-28 14:40:00,13.682525472126574,51.85000374298252,0.0,case2,DOM02,0.0
20,6,9.55555479560774,147.85868851186967,29,0.3,847,2024-09-28 14:40:00,2024-09-28 14:40:00,14.38929344255935,51.89777777397804,4.0,case2,DOM02,0.754433279218053
20,8,35.365369191826126,145.36978532605144,26,0.3,848,2024-09-28 14:40:00,2024-09-28 14:40:00,14.376848926630258,52.02682684595913,0.0,case2,DOM02,0.0
20,10,56.97038632539443,69.89603376967654,16,0.3,849,2024-09-28 14:40:00,2024-09-28 14:40:00,13.999480168848383,52.13485193162697,2.0,case2,DOM02,0.3772166396090265
20,11,60.04656529889823,62.44405776673875,8,0.3,850,2024-09-28 14:40:00,2024-09-28 14:40:00,13.962220288833695,52.15023282649449,0.0,case2,DOM02,0.0
20,12,76.45270765273483,87.59894178296739,11,0.3,851,2024-09-28 14:40:00,2024-09-28 14:40:00,14.087994708914838,52.23226353826367,0.0,case2,DOM02,0.0
20,14,82.30536474731674,66.60891388877909,31,0.3,852,2024-09-28 14:40:00,2024-09-28 14:40:00,13.983044569443896,52.26152682373658,0.0,case2,DOM02,0.0
20,21,5.711701589099835,92.46502297860191,20,0.5,856,2024-09-28 14:40:00,2024-09-28 14:40:00,14.11232511489301,51.8785585079455,33.0,case2,DOM02,6.224074553548936
20,23,9.770311272090355,31.403212964015985,17,0.5,858,2024-09-28 14:40:00,2024-09-28 14:40:00,13.80701606482008,51.89885155636045,27.0,case2,DOM02,5.092424634721858
20,25,15.528381557895534,130.53347265664817,65,0.5,859,2024-09-28 14:40:00,2024-09-28 14:40:00,14.302667363283241,51.92764190778948,100.0,case2,DOM02,18.860831980451323
20,27,15.523331451392233,62.28297004942693,5,0.5,860,2024-09-28 14:40:00,2024-09-28 14:40:00,13.961414850247134,51.92761665725696,127.0,case2,DOM02,23.953256615173185
20,28,24.09409588295706,151.10294981887884,77,0.5,861,2024-09-28 14:40:00,2024-09-28 14:40:00,14.405514749094394,51.970470479414786,102.0,case2,DOM02,19.23804862006035
20,30,32.0,158.54579675120152,6,0.5,862,2024-09-28 14:40:00,2024-09-28 14:40:00,14.442728983756007,52.01,22.0,case2,DOM02,4.149383035699291
20,32,38.730351631243025,164.9987738847492,31,0.5,863,2024-09-28 14:40:00,2024-09-28 14:40:00,14.474993869423745,52.043651758156216,55.0,case2,DOM02,10.373457589248229
20,34,70.77972004122674,163.00018276100994,44,0.5,864,2024-09-28 14:40:00,2024-09-28 14:40:00,14.46500091380505,52.20389860020613,73.0,case2,DOM02,13.768407345729466
20,36,79.92314001725816,150.24515594645354,7,0.5,866,2024-09-28 14:40:00,2024-09-28 14:40:00,14.401225779732268,52.24961570008629,56.0,case2,DOM02,10.562065909052741
20,38,111.94426059742337,96.78374950495642,349,0.5,867,2024-09-28 14:40:00,2024-09-28 14:40:00,14.133918747524783,52.409721302987116,490.0,case2,DOM02,92.41807670421149
20,45,129.10530140479273,106.10520217524402,26,0.5,868,2024-09-28 14:40:00,2024-09-28 14:40:00,14.18052601087622,52.49552650702396,72.0,case2,DOM02,13.579799025924954
20,54,13.374887839841673,111.87722177580066,46,0.7,875,2024-09-28 14:40:00,2024-09-28 14:40:00,14.209386108879004,51.916874439199205,195.0,case2,DOM02,36.77862236188009
20,55,21.411941857962393,88.96114322092791,213,0.7,876,2024-09-28 14:40:00,2024-09-28 14:40:00,14.09480571610464,51.95705970928981,906.0,case2,DOM02,170.879137742889
20,57,36.084069233938,115.9707427918952,161,0.7,877,2024-09-28 14:40:00,2024-09-28 14:40:00,14.229853713959477,52.03042034616969,714.0,case2,DOM02,134.66634034042247
20,58,37.989001054833466,99.8484779138367,63,0.7,878,2024-09-28 14:40:00,2024-09-28 14:40:00,14.149242389569183,52.03994500527417,237.0,case2,DOM02,44.70017179366964
20,59,54.13870370845192,135.6923332094049,41,0.7,879,2024-09-28 14:40:00,2024-09-28 14:40:00,14.328461666047025,52.12069351854226,270.0,case2,DOM02,50.92424634721857
20,60,53.764420424127835,86.23553294645721,8,0.7,880,2024-09-28 14:40:00,2024-09-28 14:40:00,14.081177664732285,52.11882210212064,778.0,case2,DOM02,146.7372728079113
20,61,52.52721023486729,98.3832862325759,5,0.7,881,2024-09-28 14:40:00,2024-09-28 14:40:00,14.14191643116288,52.112636051174334,218.0,case2,DOM02,41.116613717383885
20,63,64.8511059592486,21.926642278903124,69,0.7,883,2024-09-28 14:40:00,2024-09-28 14:40:00,13.759633211394515,52.17425552979624,388.0,case2,DOM02,73.18002808415113
20,66,89.45130921329856,37.2335570082577,109,0.7,885,2024-09-28 14:40:00,2024-09-28 14:40:00,13.836167785041289,52.29725654606649,630.0,case2,DOM02,118.82324147684334
20,70,102.48099860392912,60.685827762042955,51,0.7,886,2024-09-28 14:40:00,2024-09-28 14:40:00,13.953429138810215,52.362404993019645,161.0,case2,DOM02,30.36593948852663
20,71,103.86412102636515,47.079190021017055,11,0.7,887,2024-09-28 14:40:00,2024-09-28 14:40:00,13.885395950105085,52.369320605131826,147.0,case2,DOM02,27.725423011263448
20,75,115.39754797819549,18.246374783708895,6,0.7,889,2024-09-28 14:40:00,2024-09-28 14:40:00,13.741231873918544,52.426987739890976,176.0,case2,DOM02,33.19506428559433
20,79,124.16502458747739,44.29484824424125,21,0.7,891,2024-09-28 14:40:00,2024-09-28 14:40:00,13.871474241221206,52.470825122937384,411.0,case2,DOM02,77.51801943965495
20,81,129.66652546621827,91.5170670742892,43,0.7,892,2024-09-28 14:40:00,2024-09-28 14:40:00,14.107585335371446,52.49833262733109,117.0,case2,DOM02,22.06717341712805
21,7,22.549725133587977,0.7079245592146849,36,0.3,894,2024-09-28 14:45:00,2024-09-28 14:45:00,13.653539622796073,51.96274862566794,0.0,case2,DOM02,0.0
21,10,79.78382974511075,87.7626057836159,5,0.3,896,2024-09-28 14:45:00,2024-09-28 14:45:00,14.08881302891808,52.248919148725555,0.0,case2,DOM02,0.0
21,12,83.75811206143904,148.27377067549224,16,0.3,897,2024-09-28 14:45:00,2024-09-28 14:45:00,14.391368853377461,52.268790560307195,0.0,case2,DOM02,0.0
21,18,4.669701437783076,11.213852595487703,5,0.5,901,2024-09-28 14:45:00,2024-09-28 14:45:00,13.706069262977438,51.873348507188915,41.0,case2,DOM02,7.732941111985043
21,21,8.402954179711314,40.78671578779911,7,0.5,902,2024-09-28 14:45:00,2024-09-28 14:45:00,13.853933578938996,51.892014770898555,12.0,case2,DOM02,2.263299837654159
21,22,13.15933640661374,139.91511317289974,83,0.5,903,2024-09-28 14:45:00,2024-09-28 14:45:00,14.349575565864498,51.91579668203307,118.0,case2,DOM02,22.255781736932565
21,26,17.54297787729799,76.03267956936757,7,0.5,905,2024-09-28 14:45:00,2024-09-28 14:45:00,14.030163397846838,51.93771488938649,65.0,case2,DOM02,12.259540787293362
21,27,21.874731097763235,160.31371825932348,75,0.5,906,2024-09-28 14:45:00,2024-09-28 14:45:00,14.451568591296617,51.95937365548882,110.0,case2,DOM02,20.746915178496458
21,32,39.680816988738925,147.24821859557815,18,0.5,908,2024-09-28 14:45:00,2024-09-28 14:45:00,14.38624109297789,52.04840408494369,47.0,case2,DOM02,8.864591030812122
21,35,69.62121261107508,170.77948538539007,30,0.5,909,2024-09-28 14:45:00,2024-09-28 14:45:00,14.503897426926951,52.19810606305538,55.0,case2,DOM02,10.373457589248229
21,43,110.27746316389249,107.16235196250685,349,0.5,912,2024-09-28 14:45:00,2024-09-28 14:45:00,14.185811759812534,52.40138731581946,507.0,case2,DOM02,95.62441814088821
21,46,117.65072915999984,81.55510638399771,16,0.5,913,2024-09-28 14:45:00,2024-09-28 14:45:00,14.057775531919988,52.438253645799996,36.0,case2,DOM02,6.789899512962477
21,50,128.09028838269967,115.21066466902299,21,0.5,914,2024-09-28 14:45:00,2024-09-28 14:45:00,14.226053323345115,52.4904514419135,103.0,case2,DOM02,19.426656939864863
21,51,132.53089441945426,30.988709382352713,39,0.5,915,2024-09-28 14:45:00,2024-09-28 14:45:00,13.804943546911764,52.51265447209727,64.0,case2,DOM02,12.070932467488849
21,59,10.609439252687075,121.7398406404396,30,0.7,918,2024-09-28 14:45:00,2024-09-28 14:45:00,14.258699203202198,51.90304719626344,216.0,case2,DOM02,40.73939707777486
21,60,17.25749807165141,98.96848137770326,119,0.7,919,2024-09-28 14:45:00,2024-09-28 14:45:00,14.144842406888516,51.93628749035826,510.0,case2,DOM02,96.19024310030176
21,62,26.56622957067987,129.0872926288733,60,0.7,920,2024-09-28 14:45:00,2024-09-28 14:45:00,14.295436463144366,51.982831147853396,217.0,case2,DOM02,40.92800539757937
21,63,30.072990756586357,92.64927466118938,21,0.7,921,2024-09-28 14:45:00,2024-09-28 14:45:00,14.113246373305946,52.000364953782935,463.0,case2,DOM02,87.32565206948962
21,65,38.33606381790654,123.161138911166,133,0.7,922,2024-09-28 14:45:00,2024-09-28 14:45:00,14.26580569455583,52.04168031908953,532.0,case2,DOM02,100.33962613600104
21,68,37.03996080414656,108.94560133090587,42,0.7,923,2024-09-28 14:45:00,2024-09-28 14:45:00,14.194728006654529,52.03519980402073,138.0,case2,DOM02,26.027948133022825
21,69,43.24162365710355,106.06353069632202,13,0.7,924,2024-09-28 14:45:00,2024-09-28 14:45:00,14.18031765348161,52.066208118285516,105.0,case2,DOM02,19.80387357947389
21,70,52.10691824293502,143.6016288693873,53,0.7,925,2024-09-28 14:45:00,2024-09-28 14:45:00,14.368008144346936,52.11053459121467,248.0,case2,DOM02,46.77486331151929
21,71,53.28873006557002,96.26313461840793,14,0.7,926,2024-09-28 14:45:00,2024-09-28 14:45:00,14.13131567309204,52.11644365032785,1146.0,case2,DOM02,216.14513449597217
21,73,64.14371654769778,31.319949564458106,84,0.7,928,2024-09-28 14:45:00,2024-09-28 14:45:00,13.80659974782229,52.17071858273849,473.0,case2,DOM02,89.21173526753476
21,75,78.88366059597689,26.185777211274452,153,0.7,929,2024-09-28 14:45:00,2024-09-28 14:45:00,13.780928886056373,52.24441830297988,488.0,case2,DOM02,92.04086006460247
21,76,89.4263432083393,47.669246539616424,105,0.7,930,2024-09-28 14:45:00,2024-09-28 14:45:00,13.888346232698082,52.2971317160417,427.0,case2,DOM02,80.53575255652716
21,78,100.20393730716631,69.68022412078884,63,0.7,931,2024-09-28 14:45:00,2024-09-28 14:45:00,13.998401120603944,52.351019686535835,249.0,case2,DOM02,46.9634716313238
21,79,101.90769308730778,56.48417959795598,10,0.7,932,2024-09-28 14:45:00,2024-09-28 14:45:00,13.93242089798978,52.359538465436536,286.0,case2,DOM02,53.941979464090785
21,84,112.65517820341461,29.094930437130046,5,0.7,935,2024-09-28 14:45:00,2024-09-28 14:45:00,13.79547465218565,52.41327589101707,195.0,case2,DOM02,36.77862236188009
21,85,117.16676650192437,155.8805189823966,70,0.7,936,2024-09-28 14:45:00,2024-09-28 14:45:00,14.429402594911982,52.43583383250962,201.0,case2,DOM02,37.91027228070717
21,86,122.15371327383187,54.98875113804365,23,0.7,937,2024-09-28 14:45:00,2024-09-28 14:45:00,13.924943755690219,52.46076856636916,303.0,case2,DOM02,57.148320900767516
21,87,125.17644714351924,59.83078843173404,5,0.7,938,2024-09-28 14:45:00,2024-09-28 14:45:00,13.94915394215867,52.4758822357176,87.0,case2,DOM02,16.40892382299265
21,88,125.93915979349029,161.49400045508304,13,0.7,939,2024-09-28 14:45:00,2024-09-28 14:45:00,14.457470002275416,52.47969579896745,317.0,case2,DOM02,59.78883737803069
21,89,127.3807232693627,100.22558282854284,49,0.7,940,2024-09-28 14:45:00,2024-09-28 14:45:00,14.151127914142714,52.486903616346815,125.0,case2,DOM02,23.576039975564157
22,6,4.693940084748461,16.61933517974844,187,0.3,943,2024-09-28 14:50:00,2024-09-28 14:50:00,13.733096675898741,51.87346970042374,0.0,case2,DOM02,0.0
22,12,76.91862931442127,95.13378213936176,44,0.3,945,2024-09-28 14:50:00,2024-09-28 14:50:00,14.12566891069681,52.2345931465721,0.0,case2,DOM02,0.0
22,20,19.728105751261282,168.66460878796715,75,0.5,949,2024-09-28 14:50:00,2024-09-28 14:50:00,14.493323043939835,51.94864052875631,102.0,case2,DOM02,19.23804862006035
22,25,36.89489936583572,155.47073190159037,21,0.5,952,2024-09-28 14:50:00,2024-09-28 14:50:00,14.427353659507952,52.034474496829176,48.0,case2,DOM02,9.053199350616635
22,33,100.27959264747159,44.66559345395044,18,0.5,954,2024-09-28 14:50:00,2024-09-28 14:50:00,13.873327967269752,52.35139796323736,47.0,case2,DOM02,8.864591030812122
22,38,125.4917945989861,31.850596179071292,5,0.5,955,2024-09-28 14:50:00,2024-09-28 14:50:00,13.809252980895357,52.47745897299493,25.0,case2,DOM02,4.715207995112831
22,39,127.70309826530445,125.19384115000004,13,0.5,956,2024-09-28 14:50:00,2024-09-28 14:50:00,14.27596920575,52.488515491326524,120.0,case2,DOM02,22.63299837654159
22,40,130.53322089072253,42.161877210379046,29,0.5,957,2024-09-28 14:50:00,2024-09-28 14:50:00,13.860809386051894,52.50266610445362,53.0,case2,DOM02,9.996240949639201
22,48,12.347075041486457,146.393603830302,10,0.7,962,2024-09-28 14:50:00,2024-09-28 14:50:00,14.381968019151511,51.91173537520743,126.0,case2,DOM02,23.76464829536867
22,49,14.858344308446068,107.2996934605327,105,0.7,963,2024-09-28 14:50:00,2024-09-28 14:50:00,14.186498467302664,51.924291721542225,576.0,case2,DOM02,108.63839220739963
22,50,31.645257952753347,135.5689788839223,179,0.7,964,2024-09-28 14:50:00,2024-09-28 14:50:00,14.327844894419611,52.00822628976377,705.0,case2,DOM02,132.96886546218184
22,51,31.338505012388786,101.27935041716329,24,0.7,965,2024-09-28 14:50:00,2024-09-28 14:50:00,14.156396752085817,52.00669252506194,450.0,case2,DOM02,84.87374391203096
22,52,37.80348968290321,116.26942314300682,23,0.7,966,2024-09-28 14:50:00,2024-09-28 14:50:00,14.231347115715034,52.03901744841451,377.0,case2,DOM02,71.10533656630149
22,53,42.861655511650014,116.99966295208843,17,0.7,967,2024-09-28 14:50:00,2024-09-28 14:50:00,14.23499831476044,52.06430827755825,104.0,case2,DOM02,19.61526525966938
22,54,49.02341731438706,149.58130793454959,46,0.7,968,2024-09-28 14:50:00,2024-09-28 14:50:00,14.397906539672748,52.09511708657193,301.0,case2,DOM02,56.77110426115849
22,57,52.97636595106937,105.6478628771255,8,0.7,970,2024-09-28 14:50:00,2024-09-28 14:50:00,14.178239314385628,52.11488182975535,1133.0,case2,DOM02,213.69322633851348
22,62,88.53418250765083,57.02890318404535,67,0.7,972,2024-09-28 14:50:00,2024-09-28 14:50:00,13.935144515920227,52.292670912538256,461.0,case2,DOM02,86.9484354298806
22,64,97.83902493318726,79.38686263490715,78,0.7,973,2024-09-28 14:50:00,2024-09-28 14:50:00,14.046934313174535,52.33919512466594,333.0,case2,DOM02,62.80657049490291
22,65,98.80004320080194,64.84283156790251,8,0.7,974,2024-09-28 14:50:00,2024-09-28 14:50:00,13.974214157839512,52.34400021600401,228.0,case2,DOM02,43.00269691542902
22,67,113.09581054722598,24.816380386583788,102,0.7,976,2024-09-28 14:50:00,2024-09-28 14:50:00,13.774081901932918,52.41547905273613,779.0,case2,DOM02,146.92588112771583
22,69,121.18202321422352,15.037398468500397,36,0.7,978,2024-09-28 14:50:00,2024-09-28 14:50:00,13.725186992342502,52.45591011607112,149.0,case2,DOM02,28.102639650872472
22,71,124.59151245694035,110.1906924760042,46,0.7,980,2024-09-28 14:50:00,2024-09-28 14:50:00,14.20095346238002,52.472957562284705,659.0,case2,DOM02,124.29288275117423
23,7,65.2625246991495,91.82483704619099,6,0.3,983,2024-09-28 14:55:00,2024-09-28 14:55:00,14.109124185230954,52.17631262349575,0.0,case2,DOM02,0.0
23,9,75.06290542733413,103.1766442504141,7,0.3,984,2024-09-28 14:55:00,2024-09-28 14:55:00,14.165883221252072,52.225314527136675,0.0,case2,DOM02,0.0
23,10,85.3689593933295,170.86286267864435,30,0.3,985,2024-09-28 14:55:00,2024-09-28 14:55:00,14.504314313393222,52.27684479696665,0.0,case2,DOM02,0.0
23,16,14.923856773080242,14.087624203289822,5,0.5,987,2024-09-28 14:55:00,2024-09-28 14:55:00,13.72043812101645,51.9246192838654,81.0,case2,DOM02,15.277273904165574
23,19,26.098894169257434,5.907632441440855,30,0.5,990,2024-09-28 14:55:00,2024-09-28 14:55:00,13.679538162207203,51.98049447084628,64.0,case2,DOM02,12.070932467488849
23,21,33.951681322448025,164.97088399105772,38,0.5,992,2024-09-28 14:55:00,2024-09-28 14:55:00,14.474854419955289,52.01975840661224,68.0,case2,DOM02,12.8253657467069
23,25,61.62363164204841,25.41780250960571,21,0.5,995,2024-09-28 14:55:00,2024-09-28 14:55:00,13.777089012548029,52.15811815821024,48.0,case2,DOM02,9.053199350616635
23,28,96.26752125880256,131.79908404320494,130,0.5,997,2024-09-28 14:55:00,2024-09-28 14:55:00,14.308995420216025,52.331337606294014,226.0,case2,DOM02,42.625480275819996
23,35,106.36719022285877,65.66594599610615,7,0.5,998,2024-09-28 14:55:00,2024-09-28 14:55:00,13.978329729980532,52.3818359511143,52.0,case2,DOM02,9.80763262983469
23,37,114.38936508669786,8.074578153136443,20,0.5,999,2024-09-28 14:55:00,2024-09-28 14:55:00,13.690372890765682,52.42194682543349,75.0,case2,DOM02,14.145623985338494
23,38,114.80403820558992,139.95402489626557,5,0.5,1000,2024-09-28 14:55:00,2024-09-28 14:55:00,14.349770124481328,52.42402019102795,29.0,case2,DOM02,5.469641274330884
23,40,128.505423687689,166.44090910756844,60,0.5,1001,2024-09-28 14:55:00,2024-09-28 14:55:00,14.482204545537842,52.492527118438446,129.0,case2,DOM02,24.330473254782206
23,50,10.52718333903518,153.4678662670268,10,0.7,1007,2024-09-28 14:55:00,2024-09-28 14:55:00,14.417339331335134,51.902635916695175,121.0,case2,DOM02,22.821606696346105
23,52,28.329939200977076,145.57475243384064,191,0.7,1008,2024-09-28 14:55:00,2024-09-28 14:55:00,14.377873762169203,51.991649696004885,730.0,case2,DOM02,137.68407345729466
23,53,29.26083135085725,107.94246717683687,5,0.7,1009,2024-09-28 14:55:00,2024-09-28 14:55:00,14.189712335884185,51.996304156754285,559.0,case2,DOM02,105.43205077072291
23,56,42.2625756803485,126.92644468218697,21,0.7,1010,2024-09-28 14:55:00,2024-09-28 14:55:00,14.284632223410934,52.06131287840174,1492.0,case2,DOM02,281.40361314833376
23,62,57.73670827735045,45.67711196464451,15,0.7,1013,2024-09-28 14:55:00,2024-09-28 14:55:00,13.878385559823222,52.138683541386754,294.0,case2,DOM02,55.450846022526896
23,65,61.22022036315128,48.503576549104444,6,0.7,1015,2024-09-28 14:55:00,2024-09-28 14:55:00,13.892517882745523,52.15610110181576,32.0,case2,DOM02,6.035466233744424
23,66,73.09439768243791,50.744847530139225,291,0.7,1016,2024-09-28 14:55:00,2024-09-28 14:55:00,13.903724237650696,52.21547198841219,1075.0,case2,DOM02,202.75394378985172
23,73,95.40031119001193,87.75719985308083,89,0.7,1017,2024-09-28 14:55:00,2024-09-28 14:55:00,14.088785999265404,52.32700155595006,435.0,case2,DOM02,82.04461911496327
23,74,96.02404912617583,71.39644117190414,12,0.7,1018,2024-09-28 14:55:00,2024-09-28 14:55:00,14.00698220585952,52.33012024563088,596.0,case2,DOM02,112.41055860348989
23,75,111.59123344527403,33.3894724053687,105,0.7,1019,2024-09-28 14:55:00,2024-09-28 14:55:00,13.816947362026843,52.40795616722637,933.0,case2,DOM02,175.97156237761087
23,79,121.22998396271613,25.64867550850952,37,0.7,1022,2024-09-28 14:55:00,2024-09-28 14:55:00,13.778243377542548,52.456149919813576,124.0,case2,DOM02,23.387431655759645
23,80,118.73296923578607,73.3600250780969,11,0.7,1023,2024-09-28 14:55:00,2024-09-28 14:55:00,14.016800125390485,52.44366484617893,574.0,case2,DOM02,108.2611755677906
23,81,121.90596593855665,119.74058687386835,35,0.7,1024,2024-09-28 14:55:00,2024-09-28 14:55:00,14.24870293436934,52.459529829692784,457.0,case2,DOM02,86.19400215066256
24,7,3.8655974300738625,85.02861121199854,15,0.3,1028,2024-09-28 15:00:00,2024-09-28 15:00:00,14.075143056059993,51.86932798715037,0.0,case2,DOM02,0.0
24,11,75.74482371198823,130.38680040228832,52,0.3,1030,2024-09-28 15:00:00,2024-09-28 15:00:00,14.301934002011443,52.22872411855994,0.0,case2,DOM02,0.0
24,14,99.8344738352998,114.15212605251968,12,0.3,1031,2024-09-28 15:00:00,2024-09-28 15:00:00,14.2207606302626,52.3491723691765,0.0,case2,DOM02,0.0
24,22,23.736591533287296,13.6042181463072,22,0.5,1034,2024-09-28 15:00:00,2024-09-28 15:00:00,13.718021090731536,51.96868295766644,54.0,case2,DOM02,10.184849269443715
24,25,51.131936996759634,5.583880721554091,29,0.5,1036,2024-09-28 15:00:00,2024-09-28 15:00:00,13.67791940360777,52.1056596849838,129.0,case2,DOM02,24.330473254782206
24,27,55.42795997095692,22.162168385088158,11,0.5,1037,2024-09-28 15:00:00,2024-09-28 15:00:00,13.76081084192544,52.12713979985479,79.0,case2,DOM02,14.900057264556546
24,28,57.45185063351445,34.68188046597625,6,0.5,1038,2024-09-28 15:00:00,2024-09-28 15:00:00,13.823409402329881,52.13725925316757,78.0,case2,DOM02,14.711448944752034
24,30,93.4027998791485,141.89904892283465,154,0.5,1039,2024-09-28 15:00:00,2024-09-28 15:00:00,14.359495244614173,52.31701399939574,261.0,case2,DOM02,49.22677146897796
24,32,102.3498431256664,70.22824644278106,9,0.5,1040,2024-09-28 15:00:00,2024-09-28 15:00:00,14.001141232213905,52.36174921562833,76.0,case2,DOM02,14.334232305143006
24,35,111.73646753551789,148.14819202274163,15,0.5,1042,2024-09-28 15:00:00,2024-09-28 15:00:00,14.390740960113709,52.40868233767759,44.0,case2,DOM02,8.298766071398582
24,38,126.38296453503618,67.06814710090504,53,0.5,1043,2024-09-28 15:00:00,2024-09-28 15:00:00,13.985340735504524,52.48191482267518,138.0,case2,DOM02,26.027948133022825
24,40,128.66948079817186,146.2020925176455,8,0.5,1045,2024-09-28 15:00:00,2024-09-28 15:00:00,14.381010462588229,52.49334740399086,59.0,case2,DOM02,11.127890868466283
24,47,8.831636136748918,161.74176320085388,7,0.7,1051,2024-09-28 15:00:00,2024-09-28 15:00:00,14.45870881600427,51.894158180683746,171.0,case2,DOM02,32.25202268657176
24,48,11.522280202457438,116.67996591625624,9,0.7,1052,2024-09-28 15:00:00,2024-09-28 15:00:00,14.23339982958128,51.90761140101229,186.0,case2,DOM02,35.08114748363946
24,51,40.26356669592635,134.67102177379363,27,0.7,1054,2024-09-28 15:00:00,2024-09-28 15:00:00,14.323355108868968,52.05131783347963,2153.0,case2,DOM02,406.073712539117
24,58,69.38793761045135,64.96500393720132,254,0.7,1056,2024-09-28 15:00:00,2024-09-28 15:00:00,13.974825019686007,52.19693968805226,982.0,case2,DOM02,185.213370048032
24,59,72.12279943951016,45.923175817356935,42,0.7,1057,2024-09-28 15:00:00,2024-09-28 15:00:00,13.879615879086785,52.210613997197555,151.0,case2,DOM02,28.4798562904815
24,60,74.03749203456718,88.62304218046037,5,0.7,1058,2024-09-28 15:00:00,2024-09-28 15:00:00,14.093115210902303,52.22018746017284,552.0,case2,DOM02,104.1117925320913
24,62,77.73223193201474,46.603455817101604,9,0.7,1059,2024-09-28 15:00:00,2024-09-28 15:00:00,13.883017279085509,52.238661159660076,281.0,case2,DOM02,52.99893786506822
24,66,93.12215734645578,96.33825763136878,84,0.7,1060,2024-09-28 15:00:00,2024-09-28 15:00:00,14.131691288156844,52.31561078673228,378.0,case2,DOM02,71.293944886106
24,68,93.79137323462726,84.93010626382932,5,0.7,1062,2024-09-28 15:00:00,2024-09-28 15:00:00,14.074650531319145,52.31895686617314,161.0,case2,DOM02,30.36593948852663
24,70,110.25848177726171,42.283318101271675,97,0.7,1063,2024-09-28 15:00:00,2024-09-28 15:00:00,13.861416590506359,52.401292408886306,895.0,case2,DOM02,168.80444622503936
24,78,120.94739186417331,91.45309809704901,6,0.7,1066,2024-09-28 15:00:00,2024-09-28 15:00:00,14.107265490485245,52.45473695932087,376.0,case2,DOM02,70.91672824649697
24,79,131.90154387785523,101.23713499600603,21,0.7,1067,2024-09-28 15:00:00,2024-09-28 15:00:00,14.15618567498003,52.509507719389276,275.0,case2,DOM02,51.86728794624114
25,8,99.46085407306903,15.182063994495387,8,0.3,1069,2024-09-28 15:05:00,2024-09-28 15:05:00,13.725910319972476,52.34730427036534,0.0,case2,DOM02,0.0
25,9,113.19898012389,179.97467290228488,7,0.3,1070,2024-09-28 15:05:00,2024-09-28 15:05:00,14.549873364511425,52.41599490061945,0.0,case2,DOM02,0.0
25,10,119.81601254068624,179.83642879038302,8,0.3,1071,2024-09-28 15:05:00,2024-09-28 15:05:00,14.549182143951915,52.44908006270343,0.0,case2,DOM02,0.0
25,11,138.58867180813334,178.13237114511657,26,0.3,1072,2024-09-28 15:05:00,2024-09-28 15:05:00,14.540661855725583,52.54294335904067,0.0,case2,DOM02,0.0
25,15,10.57443433898561,21.05086940830581,86,0.5,1074,2024-09-28 15:05:00,2024-09-28 15:05:00,13.75525434704153,51.90287217169493,186.0,case2,DOM02,35.08114748363946
25,16,19.720232965719077,111.39332194046774,14,0.5,1075,2024-09-28 15:05:00,2024-09-28 15:05:00,14.20696660970234,51.948601164828595,131.0,case2,DOM02,24.707689894391233
25,18,21.855544531168672,22.051267139047592,21,0.5,1076,2024-09-28 15:05:00,2024-09-28 15:05:00,13.760256335695237,51.95927772265584,35.0,case2,DOM02,6.601291193157963
25,26,68.2340505609902,32.14959526993416,9,0.5,1078,2024-09-28 15:05:00,2024-09-28 15:05:00,13.81074797634967,52.19117025280495,81.0,case2,DOM02,15.277273904165574
25,28,90.93455788105645,150.36310583262298,130,0.5,1079,2024-09-28 15:05:00,2024-09-28 15:05:00,14.401815529163114,52.30467278940528,222.0,case2,DOM02,41.87104699660194
25,30,102.89248019912971,139.75467026492078,27,0.5,1080,2024-09-28 15:05:00,2024-09-28 15:05:00,14.348773351324605,52.36446240099565,54.0,case2,DOM02,10.184849269443715
25,31,117.66337741364279,140.15199213022598,282,0.5,1081,2024-09-28 15:05:00,2024-09-28 15:05:00,14.35075996065113,52.43831688706821,469.0,case2,DOM02,88.45730198831671
25,34,106.75838517921311,88.87087828779528,20,0.5,1083,2024-09-28 15:05:00,2024-09-28 15:05:00,14.094354391438976,52.38379192589606,76.0,case2,DOM02,14.334232305143006
25,35,112.18782433424175,6.367817680143942,8,0.5,1084,2024-09-28 15:05:00,2024-09-28 15:05:00,13.68183908840072,52.410939121671205,40.0,case2,DOM02,7.54433279218053
25,39,128.90873021880572,156.33203875128535,5,0.5,1087,2024-09-28 15:05:00,2024-09-28 15:05:00,14.431660193756427,52.49454365109403,43.0,case2,DOM02,8.11015775159407
25,54,17.988861754720354,148.61210217007167,8,0.7,1095,2024-09-28 15:05:00,2024-09-28 15:05:00,14.393060510850358,51.9399443087736,140.0,case2,DOM02,26.405164772631853
25,58,35.29801693424916,141.9767559134245,6,0.7,1098,2024-09-28 15:05:00,2024-09-28 15:05:00,14.359883779567122,52.026490084671245,112.0,case2,DOM02,21.124131818105482
25,61,39.48783386596207,143.33193148909731,20,0.7,1100,2024-09-28 15:05:00,2024-09-28 15:05:00,14.366659657445487,52.04743916932981,496.0,case2,DOM02,93.54972662303858
25,66,65.47056599055671,75.90342221871916,216,0.7,1101,2024-09-28 15:05:00,2024-09-28 15:05:00,14.029517111093595,52.17735282995278,795.0,case2,DOM02,149.94361424458802
25,67,69.44104719862624,56.903286890091564,41,0.7,1102,2024-09-28 15:05:00,2024-09-28 15:05:00,13.934516434450458,52.19720523599313,158.0,case2,DOM02,29.800114529113092
25,73,79.85748204483501,57.69403195625205,7,0.7,1103,2024-09-28 15:05:00,2024-09-28 15:05:00,13.93847015978126,52.24928741022418,288.0,case2,DOM02,54.31919610369982
25,74,81.86743814476336,66.0118917218013,10,0.7,1104,2024-09-28 15:05:00,2024-09-28 15:05:00,13.980059458609007,52.25933719072381,194.0,case2,DOM02,36.590014042075566
25,75,90.81314896949058,104.64816094445159,99,0.7,1105,2024-09-28 15:05:00,2024-09-28 15:05:00,14.173240804722258,52.30406574484745,1163.0,case2,DOM02,219.3514759326489
25,78,108.87168276261815,50.62899993410743,82,0.7,1106,2024-09-28 15:05:00,2024-09-28 15:05:00,13.903144999670538,52.394358413813094,756.0,case2,DOM02,142.587889772212
25,79,112.72620159428597,62.719449512375014,6,0.7,1107,2024-09-28 15:05:00,2024-09-28 15:05:00,13.963597247561875,52.413631007971425,490.0,case2,DOM02,92.41807670421149
25,81,118.41697937069988,100.4018602893376,9,0.7,1108,2024-09-28 15:05:00,2024-09-28 15:05:00,14.152009301446688,52.4420848968535,315.0,case2,DOM02,59.41162073842167
26,4,1.8604733390903494,66.01187170851297,61,0.3,1110,2024-09-28 15:10:00,2024-09-28 15:10:00,13.980059358542565,51.85930236669545,0.0,case2,DOM02,0.0
26,11,7.850153004814234,28.847830834233168,101,0.5,1114,2024-09-28 15:10:00,2024-09-28 15:10:00,13.794239154171166,51.88925076502407,173.0,case2,DOM02,32.62923932618079
26,15,18.449519618275662,120.06019155014695,10,0.5,1115,2024-09-28 15:10:00,2024-09-28 15:10:00,14.250300957750735,51.94224759809138,44.0,case2,DOM02,8.298766071398582
26,16,19.642849904748996,30.976911207684367,29,0.5,1116,2024-09-28 15:10:00,2024-09-28 15:10:00,13.804884556038422,51.948214249523744,43.0,case2,DOM02,8.11015775159407
26,25,82.87163328195186,149.480911311991,11,0.5,1117,2024-09-28 15:10:00,2024-09-28 15:10:00,14.397404556559955,52.26435816640976,66.0,case2,DOM02,12.448149107097873
26,26,89.65992957875518,160.88873410349063,76,0.5,1118,2024-09-28 15:10:00,2024-09-28 15:10:00,14.454443670517453,52.29829964789378,109.0,case2,DOM02,20.558306858691942
26,27,93.5085360782049,65.23740327263292,8,0.5,1119,2024-09-28 15:10:00,2024-09-28 15:10:00,13.976187016363165,52.31754268039102,40.0,case2,DOM02,7.54433279218053
26,29,100.58708772444808,151.21242835016486,25,0.5,1120,2024-09-28 15:10:00,2024-09-28 15:10:00,14.406062141750823,52.35293543862224,63.0,case2,DOM02,11.882324147684335
26,31,104.81807130833256,157.84252598715562,19,0.5,1122,2024-09-28 15:10:00,2024-09-28 15:10:00,14.439212629935778,52.374090356541664,61.0,case2,DOM02,11.505107508075309
26,33,117.35590394906055,149.07083303386267,239,0.5,1123,2024-09-28 15:10:00,2024-09-28 15:10:00,14.395354165169312,52.4367795197453,351.0,case2,DOM02,66.20152025138415
26,34,110.81514017009104,38.39469101682352,5,0.5,1124,2024-09-28 15:10:00,2024-09-28 15:10:00,13.841973455084117,52.404075700850456,57.0,case2,DOM02,10.750674228857255
26,40,131.68640364326302,90.29409359218835,12,0.5,1128,2024-09-28 15:10:00,2024-09-28 15:10:00,14.101470467960942,52.50843201821631,55.0,case2,DOM02,10.373457589248229
26,50,6.583390551533697,138.40572990521682,6,0.7,1134,2024-09-28 15:10:00,2024-09-28 15:10:00,14.342028649526084,51.88291695275767,266.0,case2,DOM02,50.16981306800052
26,52,16.101008076998845,156.76775757746321,13,0.7,1136,2024-09-28 15:10:00,2024-09-28 15:10:00,14.433838787887316,51.93050504038499,100.0,case2,DOM02,18.860831980451323
26,54,34.563843422009285,12.607681158069386,5,0.7,1138,2024-09-28 15:10:00,2024-09-28 15:10:00,13.713038405790348,52.02281921711005,67.0,case2,DOM02,12.636757426902387
26,56,36.96140613695577,149.51808053282252,17,0.7,1139,2024-09-28 15:10:00,2024-09-28 15:10:00,14.397590402664113,52.034807030684775,939.0,case2,DOM02,177.10321229643796
26,59,62.6633641717371,85.8108193880682,206,0.7,1142,2024-09-28 15:10:00,2024-09-28 15:10:00,14.079054096940341,52.16331682085868,814.0,case2,DOM02,153.52717232087377
26,60,67.33330775166266,65.482130608112,12,0.7,1143,2024-09-28 15:10:00,2024-09-28 15:10:00,13.97741065304056,52.18666653875832,189.0,case2,DOM02,35.646972443053
26,61,69.17027460829874,106.61341969255126,15,0.7,1144,2024-09-28 15:10:00,2024-09-28 15:10:00,14.183067098462757,52.19585137304149,145.0,case2,DOM02,27.34820637165442
26,62,74.3509611337659,41.68401683641403,19,0.7,1145,2024-09-28 15:10:00,2024-09-28 15:10:00,13.85842008418207,52.22175480566883,1003.0,case2,DOM02,189.17414476392676
26,64,80.91496283787515,72.17196857358282,30,0.7,1146,2024-09-28 15:10:00,2024-09-28 15:10:00,14.010859842867914,52.254574814189375,474.0,case2,DOM02,89.40034358733928
26,65,87.22432430971054,112.2176900895445,82,0.7,1147,2024-09-28 15:10:00,2024-09-28 15:10:00,14.211088450447724,52.28612162154855,1041.0,case2,DOM02,196.34126091649827
26,66,107.48168312371843,58.74437815353774,74,0.7,1148,2024-09-28 15:10:00,2024-09-28 15:10:00,13.943721890767689,52.387408415618594,889.0,case2,DOM02,167.67279630621226
27,4,1.661626044577836,74.79228301112656,47,0.3,1150,2024-09-28 15:15:00,2024-09-28 15:15:00,14.023961415055632,51.85830813022289,0.0,case2,DOM02,0.0
27,6,100.69583665517729,45.94889238114714,21,0.3,1152,2024-09-28 15:15:00,2024-09-28 15:15:00,13.879744461905737,52.35347918327589,0.0,case2,DOM02,0.0
27,8,104.1076586489231,55.360941359432566,7,0.3,1153,2024-09-28 15:15:00,2024-09-28 15:15:00,13.926804706797164,52.370538293244614,0.0,case2,DOM02,0.0
27,14,4.91902539449362,35.55911821640165,87,0.5,1156,2024-09-28 15:15:00,2024-09-28 15:15:00,13.827795591082008,51.874595126972466,156.0,case2,DOM02,29.422897889504068
27,18,17.545907436852737,39.740320900289824,32,0.5,1158,2024-09-28 15:15:00,2024-09-28 15:15:00,13.848701604501448,51.93772953718426,49.0,case2,DOM02,9.24180767042115
27,20,20.72289739181954,153.51702220260842,14,0.5,1159,2024-09-28 15:15:00,2024-09-28 15:15:00,14.417585111013043,51.9536144869591,54.0,case2,DOM02,10.184849269443715
27,24,34.923375729576875,33.56681784028946,88,0.5,1160,2024-09-28 15:15:00,2024-09-28 15:15:00,13.817834089201448,52.02461687864788,168.0,case2,DOM02,31.686197727158227
27,25,37.82093004116085,86.14371586039493,44,0.5,1161,2024-09-28 15:15:00,2024-09-28 15:15:00,14.080718579301974,52.0391046502058,63.0,case2,DOM02,11.882324147684335
27,29,48.98525964251075,21.32971754635792,356,0.5,1163,2024-09-28 15:15:00,2024-09-28 15:15:00,13.75664858773179,52.094926298212556,724.0,case2,DOM02,136.5524235384676
27,38,60.78326676434578,36.22369989763764,5,0.5,1166,2024-09-28 15:15:00,2024-09-28 15:15:00,13.831118499488188,52.153916333821726,40.0,case2,DOM02,7.54433279218053
27,40,73.8291319389192,43.5000868126687,411,0.5,1167,2024-09-28 15:15:00,2024-09-28 15:15:00,13.867500434063343,52.2191456596946,710.0,case2,DOM02,133.9119070612044
27,47,89.38665040115137,141.3233428544474,8,0.5,1170,2024-09-28 15:15:00,2024-09-28 15:15:00,14.356616714272237,52.29693325200576,58.0,case2,DOM02,10.939282548661769
27,48,92.61976229342334,38.990286977072486,35,0.5,1171,2024-09-28 15:15:00,2024-09-28 15:15:00,13.844951434885363,52.313098811467114,60.0,case2,DOM02,11.316499188270795
27,51,95.8051493513525,23.51723773120864,5,0.5,1172,2024-09-28 15:15:00,2024-09-28 15:15:00,13.767586188656043,52.32902574675676,24.0,case2,DOM02,4.526599675308318
27,53,99.14595775748143,161.38302238421943,16,0.5,1174,2024-09-28 15:15:00,2024-09-28 15:15:00,14.456915111921097,52.34572978878741,77.0,case2,DOM02,14.52284062494752
27,56,114.16370413522411,52.28506927744741,12,0.5,1176,2024-09-28 15:15:00,2024-09-28 15:15:00,13.911425346387237,52.42081852067612,39.0,case2,DOM02,7.355724472376017
27,57,118.3779660533747,34.70029629273963,38,0.5,1177,2024-09-28 15:15:00,2024-09-28 15:15:00,13.823501481463698,52.441889830266874,121.0,case2,DOM02,22.821606696346105
27,61,132.47950459787444,75.9892015904123,5,0.5,1181,2024-09-28 15:15:00,2024-09-28 15:15:00,14.029946007952061,52.512397522989374,35.0,case2,DOM02,6.601291193157963
27,63,136.66281301821124,50.36464709205781,5,0.5,1183,2024-09-28 15:15:00,2024-09-28 15:15:00,13.90182323546029,52.533314065091055,30.0,case2,DOM02,5.658249594135397
27,69,13.961549260381117,165.38719694210593,16,0.7,1187,2024-09-28 15:15:00,2024-09-28 15:15:00,14.47693598471053,51.919807746301906,109.0,case2,DOM02,20.558306858691942
27,72,59.034651204964895,94.2375979379357,183,0.7,1189,2024-09-28 15:15:00,2024-09-28 15:15:00,14.121187989689679,52.145173256024826,966.0,case2,DOM02,182.19563693115978
27,74,66.38083874231272,117.70786234665398,20,0.7,1190,2024-09-28 15:15:00,2024-09-28 15:15:00,14.23853931173327,52.18190419371157,139.0,case2,DOM02,26.21655645282734
27,77,81.96868185861283,123.9222469602259,81,0.7,1191,2024-09-28 15:15:00,2024-09-28 15:15:00,14.269611234801129,52.25984340929306,1089.0,case2,DOM02,205.39446026711494
27,80,82.15344726858044,86.50676698094983,23,0.7,1192,2024-09-28 15:15:00,2024-09-28 15:15:00,14.08253383490475,52.2607672363429,499.0,case2,DOM02,94.1155515824521
27,81,107.76450279168715,75.98753432071621,111,0.7,1193,2024-09-28 15:15:00,2024-09-28 15:15:00,14.02993767160358,52.38882251395844,1151.0,case2,DOM02,217.08817609499476
28,4,1.569451186415085,83.11894518635914,25,0.3,1195,2024-09-28 15:20:00,2024-09-28 15:20:00,14.065594725931795,51.85784725593207,0.0,case2,DOM02,0.0
28,5,1.9558176358441144,109.12304386744081,58,0.3,1196,2024-09-28 15:20:00,2024-09-28 15:20:00,14.195615219337204,51.859779088179216,0.0,case2,DOM02,0.0
28,8,9.009258809344352,40.01670902353942,6,0.3,1197,2024-09-28 15:20:00,2024-09-28 15:20:00,13.850083545117696,51.89504629404672,0.0,case2,DOM02,0.0
28,11,100.34217445872932,61.092045538837674,6,0.3,1198,2024-09-28 15:20:00,2024-09-28 15:20:00,13.95546022769419,52.351710872293644,0.0,case2,DOM02,0.0
28,19,15.5173577265741,48.47406202711848,32,0.5,1202,2024-09-28 15:20:00,2024-09-28 15:20:00,13.892370310135593,51.927586788632865,47.0,case2,DOM02,8.864591030812122
28,21,33.881962456555115,42.4042057099667,88,0.5,1203,2024-09-28 15:20:00,2024-09-28 15:20:00,13.862021028549833,52.01940981228278,146.0,case2,DOM02,27.536814691458932
28,22,35.490067954870874,94.94163509989293,17,0.5,1204,2024-09-28 15:20:00,2024-09-28 15:20:00,14.124708175499464,52.027450339774354,38.0,case2,DOM02,7.167116152571503
28,28,71.57222185920362,51.49964822343853,359,0.5,1206,2024-09-28 15:20:00,2024-09-28 15:20:00,13.907498241117192,52.20786110929602,756.0,case2,DOM02,142.587889772212
28,31,94.95649209290849,30.691350818567372,12,0.5,1209,2024-09-28 15:20:00,2024-09-28 15:20:00,13.803456754092837,52.32478246046455,80.0,case2,DOM02,15.08866558436106
28,32,93.4182561602172,46.80888278399475,14,0.5,1210,2024-09-28 15:20:00,2024-09-28 15:20:00,13.884044413919973,52.31709128080109,47.0,case2,DOM02,8.864591030812122
28,38,97.00013161605716,35.06383077935508,5,0.5,1212,2024-09-28 15:20:00,2024-09-28 15:20:00,13.825319153896775,52.33500065808029,26.0,case2,DOM02,4.903816314917345
28,42,104.68779943739062,163.83909022523906,9,0.5,1213,2024-09-28 15:20:00,2024-09-28 15:20:00,14.469195451126195,52.37343899718695,74.0,case2,DOM02,13.95701566553398
28,61,25.600638878201273,25.524102573796508,196,0.7,1225,2024-09-28 15:20:00,2024-09-28 15:20:00,13.777620512868982,51.97800319439101,562.0,case2,DOM02,105.99787573013644
28,63,56.072343765788396,102.53376730888492,155,0.7,1227,2024-09-28 15:20:00,2024-09-28 15:20:00,14.162668836544425,52.130361718828944,1231.0,case2,DOM02,232.1768416793558
28,64,63.74226223764226,127.2121416998454,17,0.7,1228,2024-09-28 15:20:00,2024-09-28 15:20:00,14.286060708499228,52.16871131118821,176.0,case2,DOM02,33.19506428559433
28,66,78.87057863495426,134.48958390905472,81,0.7,1229,2024-09-28 15:20:00,2024-09-28 15:20:00,14.322447919545274,52.24435289317477,1101.0,case2,DOM02,207.65776010476907
28,67,82.32166368036746,94.45685909412683,9,0.7,1230,2024-09-28 15:20:00,2024-09-28 15:20:00,14.122284295470633,52.261608318401834,397.0,case2,DOM02,74.87750296239176
29,4,1.0794135128038644,93.47735931349446,19,0.3,1232,2024-09-28 15:25:00,2024-09-28 15:25:00,14.117386796567471,51.85539706756401,0.0,case2,DOM02,0.0
29,5,0.6849229618089051,135.8843189671791,29,0.3,1233,2024-09-28 15:25:00,2024-09-28 15:25:00,14.329421594835896,51.85342461480904,0.0,case2,DOM02,0.0
29,7,8.410123901320992,75.5351115840845,94,0.3,1234,2024-09-28 15:25:00,2024-09-28 15:25:00,14.027675557920423,51.892050619506605,0.0,case2,DOM02,0.0
29,8,3.4035132653252456,121.02848385276437,13,0.3,1235,2024-09-28 15:25:00,2024-09-28 15:25:00,14.255142419263823,51.86701756632662,0.0,case2,DOM02,0.0
29,9,15.63273890510316,147.37840748541012,28,0.3,1236,2024-09-28 15:25:00,2024-09-28 15:25:00,14.386892037427051,51.928163694525516,0.0,case2,DOM02,0.0
29,11,95.23816366953649,68.77402027595285,7,0.3,1238,2024-09-28 15:25:00,2024-09-28 15:25:00,13.993870101379764,52.32619081834768,0.0,case2,DOM02,0.0
29,15,139.42158445004424,178.13547262496303,13,0.3,1239,2024-09-28 15:25:00,2024-09-28 15:25:00,14.540677363124816,52.54710792225022,0.0,case2,DOM02,0.0
29,24,13.539754534808235,57.316093270553736,29,0.5,1243,2024-09-28 15:25:00,2024-09-28 15:25:00,13.936580466352769,51.91769877267404,40.0,case2,DOM02,7.54433279218053
29,28,31.63017146553061,50.29358183259502,42,0.5,1247,2024-09-28 15:25:00,2024-09-28 15:25:00,13.901467909162974,52.00815085732765,126.0,case2,DOM02,23.76464829536867
29,31,34.4892474961432,14.347250777481205,7,0.5,1249,2024-09-28 15:25:00,2024-09-28 15:25:00,13.721736253887407,52.022446237480715,20.0,case2,DOM02,3.772166396090265
29,34,47.97634512331509,43.060919448610136,253,0.5,1251,2024-09-28 15:25:00,2024-09-28 15:25:00,13.865304597243052,52.08988172561658,482.0,case2,DOM02,90.90921014577538
29,37,44.401426393393976,24.820905258418687,7,0.5,1252,2024-09-28 15:25:00,2024-09-28 15:25:00,13.774104526292094,52.07200713196697,75.0,case2,DOM02,14.145623985338494
29,39,70.53684174473388,62.11044838778788,354,0.5,1254,2024-09-28 15:25:00,2024-09-28 15:25:00,13.96055224193894,52.20268420872367,719.0,case2,DOM02,135.60938193944503
29,43,88.22137725458064,26.675877027335556,9,0.5,1256,2024-09-28 15:25:00,2024-09-28 15:25:00,13.783379385136678,52.2911068862729,68.0,case2,DOM02,12.8253657467069
29,44,90.49300402485517,42.17121362463145,53,0.5,1257,2024-09-28 15:25:00,2024-09-28 15:25:00,13.860856068123157,52.302465020124274,211.0,case2,DOM02,39.79635547875229
29,47,96.39083399652286,18.59593826795054,97,0.5,1258,2024-09-28 15:25:00,2024-09-28 15:25:00,13.742979691339752,52.331954169982616,213.0,case2,DOM02,40.17357211836132
29,48,98.3922878059465,137.86396781975995,5,0.5,1259,2024-09-28 15:25:00,2024-09-28 15:25:00,14.339319839098799,52.34196143902973,44.0,case2,DOM02,8.298766071398582
29,49,99.0,163.84625772408526,5,0.5,1260,2024-09-28 15:25:00,2024-09-28 15:25:00,14.469231288620426,52.345,62.0,case2,DOM02,11.693715827879823
29,53,119.25687446427716,37.687075488062625,18,0.5,1263,2024-09-28 15:25:00,2024-09-28 15:25:00,13.838435377440314,52.44628437232139,57.0,case2,DOM02,10.750674228857255
29,64,23.157877539243025,34.94855405954972,240,0.7,1268,2024-09-28 15:25:00,2024-09-28 15:25:00,13.824742770297748,51.96578938769622,673.0,case2,DOM02,126.93339922843741
29,65,53.08940278250997,111.21802597087883,117,0.7,1269,2024-09-28 15:25:00,2024-09-28 15:25:00,14.206090129854394,52.11544701391255,1690.0,case2,DOM02,318.7480604696274
29,67,76.4227799599835,144.57250310423427,88,0.7,1270,2024-09-28 15:25:00,2024-09-28 15:25:00,14.37286251552117,52.23211389979991,958.0,case2,DOM02,180.6867703727237
29,68,104.27443000679462,93.17328919225439,57,0.7,1271,2024-09-28 15:25:00,2024-09-28 15:25:00,14.115866445961272,52.37137215003397,2839.0,case2,DOM02,535.4590199250131
30,4,9.018520826816689,85.61298414723554,94,0.3,1272,2024-09-28 15:30:00,2024-09-28 15:30:00,14.078064920736178,51.895092604134085,0.0,case2,DOM02,0.0
30,11,7.255312514172584,152.94322474182556,48,0.3,1273,2024-09-28 15:30:00,2024-09-28 15:30:00,14.414716123709129,51.88627656257086,0.0,case2,DOM02,0.0
30,12,7.411583578473335,81.2529403829891,6,0.3,1274,2024-09-28 15:30:00,2024-09-28 15:30:00,14.056264701914946,51.88705791789236,0.0,case2,DOM02,0.0
30,15,26.48419835204492,118.32330501221418,98,0.3,1275,2024-09-28 15:30:00,2024-09-28 15:30:00,14.24161652506107,51.98242099176022,0.0,case2,DOM02,0.0
30,16,58.18092473557949,177.44865514585786,66,0.3,1276,2024-09-28 15:30:00,2024-09-28 15:30:00,14.53724327572929,52.1409046236779,0.0,case2,DOM02,0.0
30,17,96.38453209984667,18.187776363777793,12,0.3,1277,2024-09-28 15:30:00,2024-09-28 15:30:00,13.74093888181889,52.33192266049923,0.0,case2,DOM02,0.0
30,24,11.659079549824122,66.28938607279171,20,0.5,1281,2024-09-28 15:30:00,2024-09-28 15:30:00,13.981446930363958,51.90829539774912,31.0,case2,DOM02,5.846857913939911
30,26,33.15727611189149,171.57347827886088,13,0.5,1282,2024-09-28 15:30:00,2024-09-28 15:30:00,14.507867391394305,52.01578638055946,64.0,case2,DOM02,12.070932467488849
30,27,33.20031888870373,17.05899152990456,10,0.5,1283,2024-09-28 15:30:00,2024-09-28 15:30:00,13.735294957649522,52.01600159444352,134.0,case2,DOM02,25.273514853804773
30,31,98.5824129341833,20.220477208728617,2193,0.5,1285,2024-09-28 15:30:00,2024-09-28 15:30:00,13.751102386043643,52.34291206467092,0.0,case2,DOM02,0.0
30,33,68.11092603408909,71.15781240492885,497,0.5,1286,2024-09-28 15:30:00,2024-09-28 15:30:00,14.005789062024645,52.190554630170446,1121.0,case2,DOM02,211.42992650085935
30,35,87.41160756857921,46.70474961911999,55,0.5,1287,2024-09-28 15:30:00,2024-09-28 15:30:00,13.8835237480956,52.2870580378429,273.0,case2,DOM02,51.49007130663212
30,40,90.42120095362888,48.99247743320958,6,0.5,1289,2024-09-28 15:30:00,2024-09-28 15:30:00,13.894962387166048,52.30210600476814,20.0,case2,DOM02,3.772166396090265
30,41,99.39233170231851,29.26294678026705,27,0.5,1290,2024-09-28 15:30:00,2024-09-28 15:30:00,13.796314733901335,52.346961658511596,123.0,case2,DOM02,23.19882333595513
30,47,130.81720812388488,71.59213429322325,87,0.5,1293,2024-09-28 15:30:00,2024-09-28 15:30:00,14.007960671466117,52.50408604061943,331.0,case2,DOM02,62.42935385529388
30,50,132.78841366267162,97.58755382304342,36,0.5,1295,2024-09-28 15:30:00,2024-09-28 15:30:00,14.137937769115217,52.513942068313355,145.0,case2,DOM02,27.34820637165442
30,58,11.588877785906746,20.521305829660427,6,0.7,1298,2024-09-28 15:30:00,2024-09-28 15:30:00,13.752606529148302,51.90794438892953,308.0,case2,DOM02,58.09136249979008
30,60,20.685894902699882,44.64431332432962,294,0.7,1299,2024-09-28 15:30:00,2024-09-28 15:30:00,13.873221566621648,51.9534294745135,796.0,case2,DOM02,150.13222256439255
30,61,17.1397537525935,19.98333829931906,10,0.7,1300,2024-09-28 15:30:00,2024-09-28 15:30:00,13.749916691496596,51.93569876876297,1.0,case2,DOM02,0.18860831980451326
30,63,52.00182085304647,119.36847310024353,113,0.7,1301,2024-09-28 15:30:00,2024-09-28 15:30:00,14.246842365501218,52.11000910426523,1861.0,case2,DOM02,351.00008315619914
30,66,73.83301628043971,154.61058687234825,78,0.7,1302,2024-09-28 15:30:00,2024-09-28 15:30:00,14.423052934361742,52.219165081402195,1011.0,case2,DOM02,190.6830113223629
31,4,6.167647186044103,92.46392960611205,150,0.3,1304,2024-09-28 15:35:00,2024-09-28 15:35:00,14.11231964803056,51.88083823593022,0.0,case2,DOM02,0.0
31,5,3.6584518708455205,172.68252360837715,197,0.3,1305,2024-09-28 15:35:00,2024-09-28 15:35:00,14.513412618041887,51.86829225935423,0.0,case2,DOM02,0.0
31,6,35.6413369735841,178.3844717169806,177,0.3,1306,2024-09-28 15:35:00,2024-09-28 15:35:00,14.541922358584904,52.02820668486792,0.0,case2,DOM02,0.0
31,7,15.38675044641979,169.4749340508326,25,0.3,1307,2024-09-28 15:35:00,2024-09-28 15:35:00,14.497374670254162,51.926933752232095,0.0,case2,DOM02,0.0
31,9,22.672269310075315,132.30382173848363,16,0.3,1308,2024-09-28 15:35:00,2024-09-28 15:35:00,14.31151910869242,51.96336134655038,0.0,case2,DOM02,0.0
31,10,25.29120894427674,123.92203945005843,11,0.3,1309,2024-09-28 15:35:00,2024-09-28 15:35:00,14.269610197250293,51.97645604472138,0.0,case2,DOM02,0.0
31,11,90.53866835847039,27.816081387446008,5,0.3,1310,2024-09-28 15:35:00,2024-09-28 15:35:00,13.78908040693723,52.30269334179235,0.0,case2,DOM02,0.0
31,17,51.57057631364987,67.49888580153139,77,0.5,1312,2024-09-28 15:35:00,2024-09-28 15:35:00,13.987494429007656,52.10785288156825,407.0,case2,DOM02,76.76358616043689
31,19,68.9091682956039,82.80414702224246,318,0.5,1313,2024-09-28 15:35:00,2024-09-28 15:35:00,14.064020735111212,52.19454584147802,661.0,case2,DOM02,124.67009939078325
31,22,63.70231976597995,93.97465295407825,36,0.5,1314,2024-09-28 15:35:00,2024-09-28 15:35:00,14.11987326477039,52.1685115988299,86.0,case2,DOM02,16.22031550318814
31,23,77.55307005810573,30.49257028686217,131,0.5,1315,2024-09-28 15:35:00,2024-09-28 15:35:00,13.802462851434312,52.23776535029053,292.0,case2,DOM02,55.073629382917865
31,25,81.3130758111152,61.178574530294,41,0.5,1316,2024-09-28 15:35:00,2024-09-28 15:35:00,13.95589287265147,52.25656537905558,222.0,case2,DOM02,41.87104699660194
31,27,84.61846792372866,72.63993978962905,5,0.5,1318,2024-09-28 15:35:00,2024-09-28 15:35:00,14.013199698948146,52.27309233961864,48.0,case2,DOM02,9.053199350616635
31,28,86.2706241013952,51.366018795748296,7,0.5,1319,2024-09-28 15:35:00,2024-09-28 15:35:00,13.90683009397874,52.28135312050698,191.0,case2,DOM02,36.02418908266203
31,30,88.27119020657638,84.90077941213731,6,0.5,1320,2024-09-28 15:35:00,2024-09-28 15:35:00,14.074503897060685,52.291355951032884,152.0,case2,DOM02,28.668464610286012
31,31,102.04981299386397,156.12987740492576,329,0.5,1321,2024-09-28 15:35:00,2024-09-28 15:35:00,14.430649387024628,52.36024906496932,639.0,case2,DOM02,120.52071635508396
31,33,97.75062655507223,40.002050584728025,23,0.5,1322,2024-09-28 15:35:00,2024-09-28 15:35:00,13.85001025292364,52.338753132775366,57.0,case2,DOM02,10.750674228857255
31,39,130.10798714603337,137.67313880364827,62,0.5,1324,2024-09-28 15:35:00,2024-09-28 15:35:00,14.338365694018242,52.50053993573017,220.0,case2,DOM02,41.493830356992916
31,45,134.03159712537123,80.51867349910579,17,0.5,1325,2024-09-28 15:35:00,2024-09-28 15:35:00,14.052593367495529,52.52015798562686,82.0,case2,DOM02,15.465882223970086
31,52,17.3672724571495,28.2737441985899,8,0.7,1329,2024-09-28 15:35:00,2024-09-28 15:35:00,13.791368720992951,51.936836362285746,602.0,case2,DOM02,113.54220852231698
31,56,48.974270943239596,125.56131928561676,56,0.7,1331,2024-09-28 15:35:00,2024-09-28 15:35:00,14.277806596428084,52.0948713547162,1.0,case2,DOM02,0.18860831980451326
31,60,54.84081552122492,131.86440644303138,17,0.7,1333,2024-09-28 15:35:00,2024-09-28 15:35:00,14.309322032215157,52.12420407760612,1545.0,case2,DOM02,291.399854097973
32,7,3.8565869819003176,172.8018717240748,214,0.3,1336,2024-09-28 15:40:00,2024-09-28 15:40:00,14.514009358620374,51.8692829349095,0.0,case2,DOM02,0.0
32,9,14.418581062956315,179.58243047867563,11,0.3,1337,2024-09-28 15:40:00,2024-09-28 15:40:00,14.547912152393378,51.922092905314784,0.0,case2,DOM02,0.0
32,13,20.389135801336764,24.3552540826477,284,0.5,1338,2024-09-28 15:40:00,2024-09-28 15:40:00,13.771776270413238,51.951945679006684,388.0,case2,DOM02,73.18002808415113
32,18,42.61054027408235,96.77313832404704,8,0.5,1339,2024-09-28 15:40:00,2024-09-28 15:40:00,14.133865691620235,52.06305270137041,161.0,case2,DOM02,30.36593948852663
32,19,42.49251801483524,102.20278358645166,5,0.5,1340,2024-09-28 15:40:00,2024-09-28 15:40:00,14.161013917932259,52.062462590074176,77.0,case2,DOM02,14.52284062494752
32,23,49.53554854127415,50.18122082080526,9,0.5,1341,2024-09-28 15:40:00,2024-09-28 15:40:00,13.900906104104026,52.097677742706374,113.0,case2,DOM02,21.312740137909998
32,24,62.139728126764155,87.3298975017164,135,0.5,1342,2024-09-28 15:40:00,2024-09-28 15:40:00,14.086649487508582,52.16069864063382,394.0,case2,DOM02,74.31167800297823
32,25,58.743301050865036,104.82539542111266,18,0.5,1343,2024-09-28 15:40:00,2024-09-28 15:40:00,14.174126977105564,52.143716505254325,81.0,case2,DOM02,15.277273904165574
32,27,67.22352158024155,97.6029683870179,12,0.5,1344,2024-09-28 15:40:00,2024-09-28 15:40:00,14.13801484193509,52.18611760790121,70.0,case2,DOM02,13.202582386315926
32,28,67.29695530909123,61.68574548118139,17,0.5,1345,2024-09-28 15:40:00,2024-09-28 15:40:00,13.958428727405908,52.186484776545456,127.0,case2,DOM02,23.953256615173185
32,30,68.56557697409322,44.264703559473396,6,0.5,1346,2024-09-28 15:40:00,2024-09-28 15:40:00,13.871323517797366,52.19282788487047,38.0,case2,DOM02,7.167116152571503
32,31,74.44771720265048,101.8817516827119,73,0.5,1347,2024-09-28 15:40:00,2024-09-28 15:40:00,14.15940875841356,52.222238586013255,353.0,case2,DOM02,66.57873689099318
32,33,74.50399585804307,42.57864368328462,16,0.5,1348,2024-09-28 15:40:00,2024-09-28 15:40:00,13.862893218416422,52.22251997929022,303.0,case2,DOM02,57.148320900767516
32,37,77.81994992934627,70.3920807983573,24,0.5,1349,2024-09-28 15:40:00,2024-09-28 15:40:00,14.001960403991786,52.23909974964673,146.0,case2,DOM02,27.536814691458932
32,40,94.94372848505527,50.72101141462719,16,0.5,1350,2024-09-28 15:40:00,2024-09-28 15:40:00,13.903605057073136,52.32471864242528,64.0,case2,DOM02,12.070932467488849
32,42,128.00103458551996,149.15112282864206,50,0.5,1352,2024-09-28 15:40:00,2024-09-28 15:40:00,14.39575561414321,52.4900051729276,145.0,case2,DOM02,27.34820637165442
32,51,51.09089137964625,11.273110337562564,9,0.7,1357,2024-09-28 15:40:00,2024-09-28 15:40:00,13.706365551687814,52.10545445689823,787.0,case2,DOM02,148.43474768615192
32,52,54.47588092601264,140.12703600050602,6,0.7,1358,2024-09-28 15:40:00,2024-09-28 15:40:00,14.35063518000253,52.12237940463006,134.0,case2,DOM02,25.273514853804773
33,4,2.7645912440164317,163.94009326461966,280,0.3,1362,2024-09-28 15:45:00,2024-09-28 15:45:00,14.469700466323099,51.86382295622008,0.0,case2,DOM02,0.0
33,5,13.192634283935247,151.3461819145269,22,0.3,1363,2024-09-28 15:45:00,2024-09-28 15:45:00,14.406730909572634,51.915963171419676,0.0,case2,DOM02,0.0
33,9,66.58052783596189,151.30614650597232,2317,0.5,1364,2024-09-28 15:45:00,2024-09-28 15:45:00,14.40653073252986,52.18290263917981,1.0,case2,DOM02,0.18860831980451326
33,14,50.45689504668842,62.36868897578159,8,0.5,1365,2024-09-28 15:45:00,2024-09-28 15:45:00,13.961843444878909,52.10228447523344,133.0,case2,DOM02,25.08490653400026
33,16,55.75532815720251,116.40894852297812,18,0.5,1366,2024-09-28 15:45:00,2024-09-28 15:45:00,14.23204474261489,52.128776640786015,96.0,case2,DOM02,18.10639870123327
33,19,58.97762816252075,54.2826781465705,27,0.5,1367,2024-09-28 15:45:00,2024-09-28 15:45:00,13.921413390732853,52.144888140812604,164.0,case2,DOM02,30.93176444794017
33,21,61.9956437674795,94.95060363458069,41,0.5,1368,2024-09-28 15:45:00,2024-09-28 15:45:00,14.124753018172903,52.159978218837395,391.0,case2,DOM02,73.74585304356468
33,23,67.16723791374399,53.31760615647511,5,0.5,1369,2024-09-28 15:45:00,2024-09-28 15:45:00,13.916588030782377,52.18583618956872,296.0,case2,DOM02,55.82806266213592
33,24,69.90343750857375,77.534095246758,57,0.5,1370,2024-09-28 15:45:00,2024-09-28 15:45:00,14.03767047623379,52.199517187542874,273.0,case2,DOM02,51.49007130663212
33,27,73.08400771382657,115.74766230957987,67,0.5,1371,2024-09-28 15:45:00,2024-09-28 15:45:00,14.2287383115479,52.215420038569135,215.0,case2,DOM02,40.550788757970345
33,39,116.57281438975149,152.83924477678966,15,0.5,1377,2024-09-28 15:45:00,2024-09-28 15:45:00,14.414196223883948,52.43286407194876,61.0,case2,DOM02,11.505107508075309
33,49,49.64709207500088,21.205913872757066,23,0.7,1383,2024-09-28 15:45:00,2024-09-28 15:45:00,13.756029569363786,52.09823546037501,576.0,case2,DOM02,108.63839220739963
33,51,56.74484007526522,18.286469592322614,7,0.7,1384,2024-09-28 15:45:00,2024-09-28 15:45:00,13.741432347961613,52.13372420037633,551.0,case2,DOM02,103.9231842122868
34,7,13.150225543873047,47.050128355830914,76,0.5,1386,2024-09-28 15:50:00,2024-09-28 15:50:00,13.885250641779155,51.91575112771937,174.0,case2,DOM02,32.8178476459853
34,8,25.371863245528072,46.81107545595836,131,0.5,1387,2024-09-28 15:50:00,2024-09-28 15:50:00,13.884055377279791,51.97685931622764,235.0,case2,DOM02,44.32295515406061
34,9,25.397771189444686,104.33862863499276,22,0.5,1388,2024-09-28 15:50:00,2024-09-28 15:50:00,14.171693143174965,51.976988855947226,64.0,case2,DOM02,12.070932467488849
34,10,24.535411514618787,23.85956798540741,57,0.5,1389,2024-09-28 15:50:00,2024-09-28 15:50:00,13.769297839927036,51.972677057573094,140.0,case2,DOM02,26.405164772631853
34,11,27.845344460822247,9.360276590477788,20,0.5,1390,2024-09-28 15:50:00,2024-09-28 15:50:00,13.696801382952389,51.98922672230411,44.0,case2,DOM02,8.298766071398582
34,14,43.00974601154509,47.627932656269785,110,0.5,1392,2024-09-28 15:50:00,2024-09-28 15:50:00,13.888139663281349,52.065048730057725,284.0,case2,DOM02,53.56476282448176
34,15,43.65560035799159,78.47490497937235,94,0.5,1393,2024-09-28 15:50:00,2024-09-28 15:50:00,14.042374524896863,52.068278001789956,295.0,case2,DOM02,55.63945434233141
34,19,52.970364721586336,69.30522139648087,47,0.5,1394,2024-09-28 15:50:00,2024-09-28 15:50:00,13.996526106982405,52.114851823607935,286.0,case2,DOM02,53.941979464090785
34,20,53.375656479189324,126.80896134612905,13,0.5,1395,2024-09-28 15:50:00,2024-09-28 15:50:00,14.284044806730645,52.116878282395945,204.0,case2,DOM02,38.4760972401207
34,21,56.59935601351935,139.0930516498832,79,0.5,1396,2024-09-28 15:50:00,2024-09-28 15:50:00,14.345465258249417,52.13299678006759,178.0,case2,DOM02,33.57228092520336
34,22,66.4560465599644,141.00997637182496,12,0.5,1397,2024-09-28 15:50:00,2024-09-28 15:50:00,14.355049881859125,52.182280232799826,117.0,case2,DOM02,22.06717341712805
34,24,67.85879406125072,87.89885614200081,75,0.5,1398,2024-09-28 15:50:00,2024-09-28 15:50:00,14.089494280710005,52.18929397030625,466.0,case2,DOM02,87.89147702890317
34,28,102.86906353686547,39.65706285054256,1083,0.5,1401,2024-09-28 15:50:00,2024-09-28 15:50:00,13.848285314252713,52.36434531768433,1843.0,case2,DOM02,347.60513339971794
34,29,84.85721525616383,61.026932401792465,13,0.5,1402,2024-09-28 15:50:00,2024-09-28 15:50:00,13.955134662008962,52.274286076280816,93.0,case2,DOM02,17.54057374181973
34,30,105.96803369178744,169.06580376901738,69,0.5,1403,2024-09-28 15:50:00,2024-09-28 15:50:00,14.495329018845085,52.37984016845894,178.0,case2,DOM02,33.57228092520336
34,31,107.196724043829,151.64976868364457,66,0.5,1404,2024-09-28 15:50:00,2024-09-28 15:50:00,14.408248843418223,52.38598362021914,192.0,case2,DOM02,36.21279740246654
34,32,125.66886158689655,174.89650117373134,208,0.5,1405,2024-09-28 15:50:00,2024-09-28 15:50:00,14.524482505868656,52.47834430793448,1.0,case2,DOM02,0.18860831980451326
34,43,21.075514469125046,76.25490983600977,5,0.7,1414,2024-09-28 15:50:00,2024-09-28 15:50:00,14.031274549180049,51.955377572345625,1197.0,case2,DOM02,225.76415880600234
35,10,22.698881018777602,58.05445498864512,54,0.5,1420,2024-09-28 15:55:00,2024-09-28 15:55:00,13.940272274943226,51.96349440509389,230.0,case2,DOM02,43.37991355503805
35,12,20.760098779489468,37.149890058992156,29,0.5,1422,2024-09-28 15:55:00,2024-09-28 15:55:00,13.835749450294962,51.95380049389745,132.0,case2,DOM02,24.896298214195745
35,16,37.58829108528635,54.305594300776036,97,0.5,1424,2024-09-28 15:55:00,2024-09-28 15:55:00,13.921527971503881,52.03794145542643,294.0,case2,DOM02,55.450846022526896
35,19,44.179546233487,88.65280588117568,83,0.5,1426,2024-09-28 15:55:00,2024-09-28 15:55:00,14.093264029405878,52.070897731167435,234.0,case2,DOM02,44.1343468342561
35,21,53.616482843189814,80.0610269927028,59,0.5,1428,2024-09-28 15:55:00,2024-09-28 15:55:00,14.050305134963514,52.11808241421595,245.0,case2,DOM02,46.20903835210574
35,22,50.66845945912888,137.99689763567645,8,0.5,1429,2024-09-28 15:55:00,2024-09-28 15:55:00,14.339984488178382,52.10334229729564,161.0,case2,DOM02,30.36593948852663
35,23,55.04803298715281,150.03932396909053,61,0.5,1430,2024-09-28 15:55:00,2024-09-28 15:55:00,14.400196619845453,52.12524016493576,150.0,case2,DOM02,28.291247970676988
35,25,60.559829783182494,127.64610849867498,11,0.5,1431,2024-09-28 15:55:00,2024-09-28 15:55:00,14.288230542493375,52.15279914891591,100.0,case2,DOM02,18.860831980451323
35,28,65.227648331546,96.32125338969115,13,0.5,1432,2024-09-28 15:55:00,2024-09-28 15:55:00,14.131606266948456,52.176138241657725,256.0,case2,DOM02,48.283729869955394
35,29,65.23350452655544,84.73020393548457,8,0.5,1433,2024-09-28 15:55:00,2024-09-28 15:55:00,14.073651019677422,52.176167522632774,118.0,case2,DOM02,22.255781736932565
35,32,68.29817686413149,80.00185493474994,7,0.5,1435,2024-09-28 15:55:00,2024-09-28 15:55:00,14.05000927467375,52.19149088432066,83.0,case2,DOM02,15.6544905437746
35,36,74.27291861608184,105.64525755347854,30,0.5,1437,2024-09-28 15:55:00,2024-09-28 15:55:00,14.178226287767393,52.22136459308041,175.0,case2,DOM02,33.00645596578982
35,37,75.57791642798992,39.31311602306012,39,0.5,1438,2024-09-28 15:55:00,2024-09-28 15:55:00,13.846565580115302,52.22788958213995,102.0,case2,DOM02,19.23804862006035
35,41,102.09349883677623,49.76529758146829,901,0.5,1439,2024-09-28 15:55:00,2024-09-28 15:55:00,13.89882648790734,52.36046749418388,1660.0,case2,DOM02,313.089810875492
35,43,85.28364786093341,168.4154730845003,6,0.5,1440,2024-09-28 15:55:00,2024-09-28 15:55:00,14.492077365422501,52.27641823930467,75.0,case2,DOM02,14.145623985338494
35,44,90.63520593615694,153.71168624915683,214,0.5,1441,2024-09-28 15:55:00,2024-09-28 15:55:00,14.418558431245785,52.303176029680785,511.0,case2,DOM02,96.37885142010626
35,47,94.83210572428808,70.00210237763079,9,0.5,1443,2024-09-28 15:55:00,2024-09-28 15:55:00,14.000010511888155,52.32416052862144,49.0,case2,DOM02,9.24180767042115
35,50,107.0423118871253,163.248114882735,48,0.5,1445,2024-09-28 15:55:00,2024-09-28 15:55:00,14.466240574413675,52.385211559435625,163.0,case2,DOM02,30.74315612813566
35,51,106.58551377260397,98.46167550422425,10,0.5,1446,2024-09-28 15:55:00,2024-09-28 15:55:00,14.142308377521122,52.38292756886302,83.0,case2,DOM02,15.6544905437746
35,52,111.22055111499424,80.99522330600739,6,0.5,1447,2024-09-28 15:55:00,2024-09-28 15:55:00,14.054976116530037,52.40610275557497,152.0,case2,DOM02,28.668464610286012
35,59,129.27351333616153,151.45040006782486,18,0.5,1452,2024-09-28 15:55:00,2024-09-28 15:55:00,14.407252000339124,52.4963675666808,147.0,case2,DOM02,27.725423011263448
35,74,18.43540783382152,82.43501521061835,9,0.7,1461,2024-09-28 15:55:00,2024-09-28 15:55:00,14.062175076053093,51.94217703916911,1253.0,case2,DOM02,236.3262247150551
36,10,12.052943724922823,67.87862770665383,36,0.5,1467,2024-09-28 16:00:00,2024-09-28 16:00:00,13.98939313853327,51.91026471862461,200.0,case2,DOM02,37.721663960902646
36,18,36.13652269838775,65.27319704375742,99,0.5,1470,2024-09-28 16:00:00,2024-09-28 16:00:00,13.976365985218788,52.03068261349194,478.0,case2,DOM02,90.15477686655733
36,21,40.52157322874013,143.933611423099,6,0.5,1471,2024-09-28 16:00:00,2024-09-28 16:00:00,14.369668057115494,52.0526078661437,63.0,case2,DOM02,11.882324147684335
36,23,45.37817146241174,100.13975454158829,30,0.5,1472,2024-09-28 16:00:00,2024-09-28 16:00:00,14.150698772707942,52.07689085731206,155.0,case2,DOM02,29.234289569699552
36,25,45.14115167002609,81.56980507244438,5,0.5,1473,2024-09-28 16:00:00,2024-09-28 16:00:00,14.057849025362222,52.07570575835013,38.0,case2,DOM02,7.167116152571503
36,26,48.58454271090043,86.19397844734544,8,0.5,1474,2024-09-28 16:00:00,2024-09-28 16:00:00,14.080969892236727,52.0929227135545,67.0,case2,DOM02,12.636757426902387
36,27,52.755985912593566,92.25714694487048,66,0.5,1475,2024-09-28 16:00:00,2024-09-28 16:00:00,14.111285734724351,52.113779929562966,317.0,case2,DOM02,59.78883737803069
36,28,49.3308575483896,149.47349942572714,9,0.5,1476,2024-09-28 16:00:00,2024-09-28 16:00:00,14.397367497128636,52.09665428774195,75.0,case2,DOM02,14.145623985338494
36,29,53.65087656599065,159.58135741176505,30,0.5,1477,2024-09-28 16:00:00,2024-09-28 16:00:00,14.447906787058825,52.11825438282995,156.0,case2,DOM02,29.422897889504068
36,30,57.13312453865441,104.94306210944387,7,0.5,1478,2024-09-28 16:00:00,2024-09-28 16:00:00,14.17471531054722,52.13566562269327,93.0,case2,DOM02,17.54057374181973
36,31,57.30997063881839,137.91498050465438,5,0.5,1479,2024-09-28 16:00:00,2024-09-28 16:00:00,14.339574902523271,52.13654985319409,122.0,case2,DOM02,23.010215016150617
36,33,61.736914984736345,107.45981980102343,5,0.5,1480,2024-09-28 16:00:00,2024-09-28 16:00:00,14.187299099005116,52.15868457492368,37.0,case2,DOM02,6.97850783276699
36,36,70.69839448718213,112.63001264596303,71,0.5,1482,2024-09-28 16:00:00,2024-09-28 16:00:00,14.213150063229815,52.20349197243591,369.0,case2,DOM02,69.59647000786538
36,38,68.8833960195865,101.2862207512385,8,0.5,1483,2024-09-28 16:00:00,2024-09-28 16:00:00,14.156431103756193,52.194416980097934,91.0,case2,DOM02,17.163357102210703
36,45,99.48127137069824,59.04980906531962,814,0.5,1485,2024-09-28 16:00:00,2024-09-28 16:00:00,13.945249045326598,52.34740635685349,1333.0,case2,DOM02,251.41489029941616
36,46,82.94810392684568,43.94470501288175,8,0.5,1486,2024-09-28 16:00:00,2024-09-28 16:00:00,13.869723525064408,52.26474051963423,80.0,case2,DOM02,15.08866558436106
36,47,87.21182065679768,169.70949197102698,56,0.5,1487,2024-09-28 16:00:00,2024-09-28 16:00:00,14.498547459855134,52.28605910328398,243.0,case2,DOM02,45.83182171249672
36,49,87.98301957108279,97.06754904179081,7,0.5,1488,2024-09-28 16:00:00,2024-09-28 16:00:00,14.135337745208954,52.28991509785541,108.0,case2,DOM02,20.36969853888743
36,51,94.46555765632525,80.74042002051212,9,0.5,1489,2024-09-28 16:00:00,2024-09-28 16:00:00,14.05370210010256,52.322327788281626,25.0,case2,DOM02,4.715207995112831
36,52,95.02241571519576,153.12193579409026,7,0.5,1490,2024-09-28 16:00:00,2024-09-28 16:00:00,14.415609678970451,52.325112078575984,211.0,case2,DOM02,39.79635547875229
36,54,104.49179260936549,82.33381168920315,19,0.5,1491,2024-09-28 16:00:00,2024-09-28 16:00:00,14.061669058446016,52.372458963046824,210.0,case2,DOM02,39.60774715894778
36,55,104.38321893794652,110.64176256399725,11,0.5,1492,2024-09-28 16:00:00,2024-09-28 16:00:00,14.203208812819986,52.37191609468973,60.0,case2,DOM02,11.316499188270795
36,59,120.69697592175041,88.36587826855263,163,0.5,1495,2024-09-28 16:00:00,2024-09-28 16:00:00,14.091829391342763,52.45348487960875,428.0,case2,DOM02,80.72436087633167
36,60,118.57913264455924,57.63402627339888,5,0.5,1496,2024-09-28 16:00:00,2024-09-28 16:00:00,13.938170131366995,52.44289566322279,92.0,case2,DOM02,17.35196542201522
36,62,129.16220768524448,162.73803002481458,29,0.5,1498,2024-09-28 16:00:00,2024-09-28 16:00:00,14.463690150124073,52.49581103842622,150.0,case2,DOM02,28.291247970676988
37,8,12.208572792935957,76.82575584419955,31,0.5,1507,2024-09-28 16:05:00,2024-09-28 16:05:00,14.034128779220998,51.911042863964674,136.0,case2,DOM02,25.6507314934138
37,11,29.88558065794689,67.34965517241379,7,0.5,1510,2024-09-28 16:05:00,2024-09-28 16:05:00,13.986748275862068,51.999427903289735,135.0,case2,DOM02,25.462123173609285
37,13,35.101308528932776,78.04682761735062,18,0.5,1511,2024-09-28 16:05:00,2024-09-28 16:05:00,14.040234138086754,52.02550654264466,124.0,case2,DOM02,23.387431655759645
37,14,34.097580688494055,91.25352321846492,7,0.5,1512,2024-09-28 16:05:00,2024-09-28 16:05:00,14.106267616092325,52.02048790344247,115.0,case2,DOM02,21.689956777519026
37,18,41.21743370935664,88.16237615407073,18,0.5,1513,2024-09-28 16:05:00,2024-09-28 16:05:00,14.090811880770353,52.05608716854678,97.0,case2,DOM02,18.295007021037783
37,20,50.4306383028511,105.12623420004664,159,0.5,1514,2024-09-28 16:05:00,2024-09-28 16:05:00,14.175631171000234,52.102153191514255,514.0,case2,DOM02,96.9446763795198
37,22,53.103445483433994,168.5813282907833,8,0.5,1515,2024-09-28 16:05:00,2024-09-28 16:05:00,14.492906641453915,52.11551722741717,86.0,case2,DOM02,16.22031550318814
37,25,66.94166878545875,112.08734708697835,78,0.5,1516,2024-09-28 16:05:00,2024-09-28 16:05:00,14.210436735434893,52.1847083439273,531.0,case2,DOM02,100.15101781619653
37,28,71.74230028953289,7.559177696506777,25,0.5,1518,2024-09-28 16:05:00,2024-09-28 16:05:00,13.687795888482533,52.20871150144767,79.0,case2,DOM02,14.900057264556546
37,32,76.12751286862131,74.29835689915669,35,0.5,1520,2024-09-28 16:05:00,2024-09-28 16:05:00,14.021491784495783,52.230637564343105,175.0,case2,DOM02,33.00645596578982
37,35,81.31361737053363,52.82551167192361,20,0.5,1522,2024-09-28 16:05:00,2024-09-28 16:05:00,13.914127558359619,52.25656808685267,98.0,case2,DOM02,18.4836153408423
37,37,100.6190745663142,68.35242617622113,669,0.5,1524,2024-09-28 16:05:00,2024-09-28 16:05:00,13.991762130881105,52.35309537283157,1465.0,case2,DOM02,276.3111885136119
37,41,113.49537048908208,97.01795923083067,12,0.5,1525,2024-09-28 16:05:00,2024-09-28 16:05:00,14.135089796154153,52.41747685244541,99.0,case2,DOM02,18.67222366064681
37,42,119.74956330452639,98.46871949581475,53,0.5,1526,2024-09-28 16:05:00,2024-09-28 16:05:00,14.142343597479075,52.44874781652263,273.0,case2,DOM02,51.49007130663212
37,43,125.81557428632439,31.93410781789495,32,0.5,1527,2024-09-28 16:05:00,2024-09-28 16:05:00,13.809670539089476,52.47907787143162,184.0,case2,DOM02,34.70393084403044
38,9,23.6012302050923,101.3245421359741,50,0.5,1538,2024-09-28 16:10:00,2024-09-28 16:10:00,14.156622710679871,51.96800615102546,345.0,case2,DOM02,65.06987033255707
38,16,48.13493028734211,115.18425734021544,115,0.5,1540,2024-09-28 16:10:00,2024-09-28 16:10:00,14.225921286701077,52.090674651436714,585.0,case2,DOM02,110.33586708564025
38,20,53.54096459360493,157.39208618054954,7,0.5,1541,2024-09-28 16:10:00,2024-09-28 16:10:00,14.436960430902747,52.11770482296802,78.0,case2,DOM02,14.711448944752034
38,21,58.953177288664016,115.61775633854386,26,0.5,1542,2024-09-28 16:10:00,2024-09-28 16:10:00,14.228088781692719,52.144765886443324,186.0,case2,DOM02,35.08114748363946
38,23,64.65110657290933,130.5752642058688,19,0.5,1543,2024-09-28 16:10:00,2024-09-28 16:10:00,14.302876321029345,52.173255532864545,422.0,case2,DOM02,79.59271095750458
38,30,74.27376733403935,19.16917244120533,5,0.5,1547,2024-09-28 16:10:00,2024-09-28 16:10:00,13.745845862206027,52.221368836670194,99.0,case2,DOM02,18.67222366064681
38,31,76.38825840801148,64.8461561022894,26,0.5,1548,2024-09-28 16:10:00,2024-09-28 16:10:00,13.974230780511446,52.231941292040055,145.0,case2,DOM02,27.34820637165442
38,37,84.0139239107986,121.32898181102098,6,0.5,1550,2024-09-28 16:10:00,2024-09-28 16:10:00,14.256644909055105,52.27006961955399,92.0,case2,DOM02,17.35196542201522
38,38,88.60652195750168,89.81839373974047,105,0.5,1551,2024-09-28 16:10:00,2024-09-28 16:10:00,14.099091968698703,52.29303260978751,490.0,case2,DOM02,92.41807670421149
38,39,102.46345175627857,75.86851941670933,415,0.5,1552,2024-09-28 16:10:00,2024-09-28 16:10:00,14.029342597083547,52.362317258781395,967.0,case2,DOM02,182.3842452509643
38,42,123.95104262028278,43.84827993083105,5,0.5,1554,2024-09-28 16:10:00,2024-09-28 16:10:00,13.869241399654154,52.469755213101415,138.0,case2,DOM02,26.027948133022825
39,9,20.622028321500707,96.52106097559637,20,0.5,1563,2024-09-28 16:15:00,2024-09-28 16:15:00,14.132605304877982,51.9531101416075,266.0,case2,DOM02,50.16981306800052
39,10,39.242892665754304,22.082570726705818,24,0.5,1564,2024-09-28 16:15:00,2024-09-28 16:15:00,13.760412853633529,52.04621446332877,111.0,case2,DOM02,20.93552349830097
39,12,44.69011276557214,93.87595469700513,18,0.5,1565,2024-09-28 16:15:00,2024-09-28 16:15:00,14.119379773485026,52.07345056382786,162.0,case2,DOM02,30.554547808331147
39,13,43.55067067646166,108.07069415193075,6,0.5,1566,2024-09-28 16:15:00,2024-09-28 16:15:00,14.190353470759653,52.06775335338231,439.0,case2,DOM02,82.79905239418132
39,15,49.777418557022045,129.17219368620448,65,0.5,1567,2024-09-28 16:15:00,2024-09-28 16:15:00,14.295860968431022,52.09888709278511,778.0,case2,DOM02,146.7372728079113
39,16,58.36008135800145,69.0946635931567,530,0.5,1568,2024-09-28 16:15:00,2024-09-28 16:15:00,13.995473317965782,52.14180040679001,1648.0,case2,DOM02,310.8265110378378
39,18,51.97117426342471,44.09941178765355,10,0.5,1569,2024-09-28 16:15:00,2024-09-28 16:15:00,13.870497058938268,52.10985587131712,50.0,case2,DOM02,9.430415990225661
39,21,64.07008345952504,63.802045170521616,28,0.5,1570,2024-09-28 16:15:00,2024-09-28 16:15:00,13.969010225852609,52.17035041729763,278.0,case2,DOM02,52.43311290565468
39,25,71.70459824662187,32.58606023802982,10,0.5,1572,2024-09-28 16:15:00,2024-09-28 16:15:00,13.81293030119015,52.20852299123311,82.0,case2,DOM02,15.465882223970086
39,28,80.41881932608501,128.60226932613716,32,0.5,1573,2024-09-28 16:15:00,2024-09-28 16:15:00,14.293011346630687,52.25209409663043,177.0,case2,DOM02,33.38367260539884
39,30,86.30960637449286,35.17779864213409,94,0.5,1575,2024-09-28 16:15:00,2024-09-28 16:15:00,13.82588899321067,52.28154803187246,470.0,case2,DOM02,88.64591030812122
39,31,90.84335222417533,96.66069359332452,74,0.5,1576,2024-09-28 16:15:00,2024-09-28 16:15:00,14.133303467966623,52.30421676112088,500.0,case2,DOM02,94.30415990225663
39,33,94.87148095239759,50.408795373754224,196,0.5,1578,2024-09-28 16:15:00,2024-09-28 16:15:00,13.902043976868772,52.32435740476199,571.0,case2,DOM02,107.69535060837707
39,34,97.59720477095001,28.297427567239595,78,0.5,1579,2024-09-28 16:15:00,2024-09-28 16:15:00,13.7914871378362,52.337986023854754,220.0,case2,DOM02,41.493830356992916
39,35,102.40879910587269,87.27070914604705,278,0.5,1580,2024-09-28 16:15:00,2024-09-28 16:15:00,14.086353545730235,52.36204399552936,791.0,case2,DOM02,149.18918096536996
39,37,95.53549868904818,11.956852127365204,5,0.5,1581,2024-09-28 16:15:00,2024-09-28 16:15:00,13.709784260636827,52.32767749344524,58.0,case2,DOM02,10.939282548661769
40,6,16.174242075312147,146.12770267260703,1194,0.5,1587,2024-09-28 16:20:00,2024-09-28 16:20:00,14.380638513363035,51.93087121037656,1.0,case2,DOM02,0.18860831980451326
40,10,16.19557925328234,20.34435314439161,12,0.5,1590,2024-09-28 16:20:00,2024-09-28 16:20:00,13.751721765721959,51.93097789626641,64.0,case2,DOM02,12.070932467488849
40,11,26.438046588547618,27.75641155962989,13,0.5,1591,2024-09-28 16:20:00,2024-09-28 16:20:00,13.78878205779815,51.982190232942735,110.0,case2,DOM02,20.746915178496458
40,13,37.714366620052516,90.22074411323833,41,0.5,1592,2024-09-28 16:20:00,2024-09-28 16:20:00,14.101103720566192,52.038571833100264,149.0,case2,DOM02,28.102639650872472
40,14,39.19383598029551,34.18716730806531,35,0.5,1593,2024-09-28 16:20:00,2024-09-28 16:20:00,13.820935836540327,52.045969179901476,108.0,case2,DOM02,20.36969853888743
40,15,40.45371550161283,104.4335254122656,12,0.5,1594,2024-09-28 16:20:00,2024-09-28 16:20:00,14.172167627061329,52.05226857750806,337.0,case2,DOM02,63.56100377412096
40,17,43.537117356433974,114.40569784495875,5,0.5,1595,2024-09-28 16:20:00,2024-09-28 16:20:00,14.222028489224794,52.06768558678217,359.0,case2,DOM02,67.71038680982025
40,18,55.84200119814153,79.65884840456157,342,0.5,1596,2024-09-28 16:20:00,2024-09-28 16:20:00,14.048294242022807,52.12921000599071,1295.0,case2,DOM02,244.24777414684465
40,19,48.93493242647323,138.71355023017225,13,0.5,1597,2024-09-28 16:20:00,2024-09-28 16:20:00,14.34356775115086,52.09467466213236,729.0,case2,DOM02,137.49546513749016
40,20,51.07290537050407,57.66068844793369,7,0.5,1598,2024-09-28 16:20:00,2024-09-28 16:20:00,13.938303442239668,52.10536452685252,80.0,case2,DOM02,15.08866558436106
40,21,52.68439378667405,45.63083875789275,7,0.5,1599,2024-09-28 16:20:00,2024-09-28 16:20:00,13.878154193789465,52.11342196893337,82.0,case2,DOM02,15.465882223970086
40,24,62.04569205339216,52.90750971116634,51,0.5,1600,2024-09-28 16:20:00,2024-09-28 16:20:00,13.914537548555833,52.16022846026696,555.0,case2,DOM02,104.67761749150485
40,25,71.43709256710112,28.243528611762176,10,0.5,1601,2024-09-28 16:20:00,2024-09-28 16:20:00,13.791217643058811,52.207185462835504,345.0,case2,DOM02,65.06987033255707
40,28,78.64680674097356,138.40922069905585,27,0.5,1602,2024-09-28 16:20:00,2024-09-28 16:20:00,14.34204610349528,52.243234033704866,336.0,case2,DOM02,63.372395454316454
40,29,88.99547589282892,53.35600928906356,280,0.5,1603,2024-09-28 16:20:00,2024-09-28 16:20:00,13.916780046445318,52.29497737946414,973.0,case2,DOM02,183.5158951697914
40,31,90.38480486634465,104.98370116741926,14,0.5,1604,2024-09-28 16:20:00,2024-09-28 16:20:00,14.174918505837097,52.30192402433172,304.0,case2,DOM02,57.336929220572024
40,32,90.03880653704806,16.942819307286427,6,0.5,1605,2024-09-28 16:20:00,2024-09-28 16:20:00,13.734714096536432,52.30019403268524,393.0,case2,DOM02,74.1230696831737
40,33,97.83357287938068,40.72060375915088,76,0.5,1606,2024-09-28 16:20:00,2024-09-28 16:20:00,13.853603018795754,52.339167864396906,276.0,case2,DOM02,52.05589626604565
40,34,101.32500842863422,100.91006425460101,156,0.5,1607,2024-09-28 16:20:00,2024-09-28 16:20:00,14.154550321273005,52.35662504214317,718.0,case2,DOM02,135.4207736196405
41,12,12.648617560832689,145.1846011293904,11,0.5,1618,2024-09-28 16:25:00,2024-09-28 16:25:00,14.375923005646952,51.91324308780416,34.0,case2,DOM02,6.41268287335345
41,14,15.226817680215905,118.56557872341973,35,0.5,1619,2024-09-28 16:25:00,2024-09-28 16:25:00,14.242827893617099,51.92613408840108,221.0,case2,DOM02,41.682438676797425
41,16,16.436378815227737,148.67727304147232,22,0.5,1620,2024-09-28 16:25:00,2024-09-28 16:25:00,14.39338636520736,51.93218189407614,78.0,case2,DOM02,14.711448944752034
41,18,28.358506666883976,94.42722902979715,109,0.5,1621,2024-09-28 16:25:00,2024-09-28 16:25:00,14.122136145148986,51.99179253333442,365.0,case2,DOM02,68.84203672864733
41,19,25.92469801853163,158.23935853478312,12,0.5,1622,2024-09-28 16:25:00,2024-09-28 16:25:00,14.441196792673916,51.979623490092656,136.0,case2,DOM02,25.6507314934138
41,21,33.40594831422488,53.53020957509126,34,0.5,1624,2024-09-28 16:25:00,2024-09-28 16:25:00,13.917651047875458,52.01702974157113,199.0,case2,DOM02,37.53305564109814
41,22,34.50433035324839,113.34427706822295,39,0.5,1625,2024-09-28 16:25:00,2024-09-28 16:25:00,14.216721385341115,52.02252165176624,199.0,case2,DOM02,37.53305564109814
41,23,39.03923808437286,73.04371749388261,31,0.5,1626,2024-09-28 16:25:00,2024-09-28 16:25:00,14.015218587469414,52.04519619042187,207.0,case2,DOM02,39.04192219953425
41,24,39.82692990637614,45.666994270877964,34,0.5,1627,2024-09-28 16:25:00,2024-09-28 16:25:00,13.87833497135439,52.04913464953188,235.0,case2,DOM02,44.32295515406061
41,28,54.645688577237024,72.90619116553226,221,0.5,1630,2024-09-28 16:25:00,2024-09-28 16:25:00,14.014530955827661,52.12322844288619,1155.0,case2,DOM02,217.8426093742128
41,32,60.46634429538279,91.87512279729148,42,0.5,1631,2024-09-28 16:25:00,2024-09-28 16:25:00,14.109375613986456,52.15233172147691,410.0,case2,DOM02,77.32941111985043
41,33,64.2398824748093,99.04976739806008,12,0.5,1632,2024-09-28 16:25:00,2024-09-28 16:25:00,14.1452488369903,52.171199412374044,434.0,case2,DOM02,81.85601079515874
41,34,73.80066674907675,80.45198539624657,14,0.5,1633,2024-09-28 16:25:00,2024-09-28 16:25:00,14.052259926981232,52.219003333745384,227.0,case2,DOM02,42.814088595624504
41,35,75.35105714585747,44.70016712853947,10,0.5,1634,2024-09-28 16:25:00,2024-09-28 16:25:00,13.873500835642696,52.22675528572929,231.0,case2,DOM02,43.56852187484256
41,36,86.98213274292155,59.52915464727383,238,0.5,1635,2024-09-28 16:25:00,2024-09-28 16:25:00,13.947645773236369,52.284910663714605,1534.0,case2,DOM02,289.32516258012333
41,37,97.71163014753479,53.72888223166866,55,0.5,1636,2024-09-28 16:25:00,2024-09-28 16:25:00,13.918644411158343,52.338558150737676,265.0,case2,DOM02,49.981204748196014
41,38,101.44365759367037,115.12458843355121,72,0.5,1637,2024-09-28 16:25:00,2024-09-28 16:25:00,14.225622942167755,52.35721828796835,713.0,case2,DOM02,134.47773202061794
41,39,107.56032601137896,124.00678746984455,6,0.5,1638,2024-09-28 16:25:00,2024-09-28 16:25:00,14.270033937349222,52.38780163005689,55.0,case2,DOM02,10.373457589248229
42,6,12.993889767176396,65.73940542641427,509,0.5,1643,2024-09-28 16:30:00,2024-09-28 16:30:00,13.978697027132071,51.91496944883588,4.0,case2,DOM02,0.754433279218053
42,11,13.642527331819467,158.67276832483708,9,0.5,1648,2024-09-28 16:30:00,2024-09-28 16:30:00,14.443363841624185,51.9182126366591,257.0,case2,DOM02,48.4723381897599
42,13,23.941816053597794,103.59881558565331,91,0.5,1649,2024-09-28 16:30:00,2024-09-28 16:30:00,14.167994077928267,51.96970908026799,363.0,case2,DOM02,68.46482008903831
42,19,35.0603736858824,126.7816910316597,47,0.5,1651,2024-09-28 16:30:00,2024-09-28 16:30:00,14.283908455158299,52.02530186842941,355.0,case2,DOM02,66.9559535306022
42,20,32.98732394366197,65.54465240641711,5,0.5,1652,2024-09-28 16:30:00,2024-09-28 16:30:00,13.977723262032086,52.01493661971831,175.0,case2,DOM02,33.00645596578982
42,22,39.54329547750807,56.03538805021218,27,0.5,1654,2024-09-28 16:30:00,2024-09-28 16:30:00,13.93017694025106,52.04771647738754,499.0,case2,DOM02,94.1155515824521
42,23,42.433429497590936,116.80708452048698,24,0.5,1655,2024-09-28 16:30:00,2024-09-28 16:30:00,14.234035422602435,52.062167147487955,408.0,case2,DOM02,76.9521944802414
42,24,49.407971982243346,89.12223678282685,95,0.5,1656,2024-09-28 16:30:00,2024-09-28 16:30:00,14.095611183914135,52.09703985991122,281.0,case2,DOM02,52.99893786506822
42,25,59.30943116782982,75.34701305086054,87,0.5,1657,2024-09-28 16:30:00,2024-09-28 16:30:00,14.026735065254302,52.14654715583915,387.0,case2,DOM02,72.99141976434663
42,26,58.43136558709946,102.33171766552009,35,0.5,1658,2024-09-28 16:30:00,2024-09-28 16:30:00,14.161658588327601,52.1421568279355,569.0,case2,DOM02,107.31813396876802
42,27,72.05660946823174,93.26168456562709,32,0.5,1659,2024-09-28 16:30:00,2024-09-28 16:30:00,14.116308422828135,52.21028304734116,530.0,case2,DOM02,99.96240949639203
42,30,85.04835065305765,66.93837573399348,185,0.5,1660,2024-09-28 16:30:00,2024-09-28 16:30:00,13.984691878669967,52.275241753265284,1070.0,case2,DOM02,201.81090219082915
42,32,96.97845817778034,65.36972697969625,37,0.5,1661,2024-09-28 16:30:00,2024-09-28 16:30:00,13.97684863489848,52.3348922908889,268.0,case2,DOM02,50.547029707609546
42,33,95.3083069009556,84.86525575499795,36,0.5,1662,2024-09-28 16:30:00,2024-09-28 16:30:00,14.07432627877499,52.32654153450478,464.0,case2,DOM02,87.51426038929415
42,35,101.92550973149955,129.12574425664198,21,0.5,1664,2024-09-28 16:30:00,2024-09-28 16:30:00,14.29562872128321,52.3596275486575,323.0,case2,DOM02,60.92048729685778
42,36,107.04683024101452,134.6097041081763,13,0.5,1665,2024-09-28 16:30:00,2024-09-28 16:30:00,14.323048520540882,52.38523415120507,240.0,case2,DOM02,45.26599675308318
43,13,17.744055458096327,110.2730741921185,26,0.5,1675,2024-09-28 16:35:00,2024-09-28 16:35:00,14.201365370960591,51.93872027729048,261.0,case2,DOM02,49.22677146897796
43,17,30.89167434825271,136.90560236478225,29,0.5,1677,2024-09-28 16:35:00,2024-09-28 16:35:00,14.334528011823911,52.004458371741265,175.0,case2,DOM02,33.00645596578982
43,19,36.16461616856628,124.03859884846982,79,0.5,1678,2024-09-28 16:35:00,2024-09-28 16:35:00,14.270192994242349,52.03082308084283,691.0,case2,DOM02,130.32834898491865
43,20,35.82685402723321,89.54143774518766,21,0.5,1679,2024-09-28 16:35:00,2024-09-28 16:35:00,14.097707188725938,52.02913427013617,204.0,case2,DOM02,38.4760972401207
43,21,39.74465712263778,73.66131897970111,14,0.5,1680,2024-09-28 16:35:00,2024-09-28 16:35:00,14.018306594898505,52.048723285613185,290.0,case2,DOM02,54.69641274330884
43,23,47.37781233689106,99.96082401331907,47,0.5,1681,2024-09-28 16:35:00,2024-09-28 16:35:00,14.149804120066596,52.08688906168446,316.0,case2,DOM02,59.600229058226184
43,24,59.24249921054195,89.16058198069915,132,0.5,1682,2024-09-28 16:35:00,2024-09-28 16:35:00,14.095802909903496,52.14621249605271,657.0,case2,DOM02,123.9156661115652
43,26,72.77697528006973,105.53824988234342,39,0.5,1683,2024-09-28 16:35:00,2024-09-28 16:35:00,14.177691249411717,52.21388487640035,752.0,case2,DOM02,141.83345649299395
43,28,85.20611136221325,79.34127683789876,256,0.5,1684,2024-09-28 16:35:00,2024-09-28 16:35:00,14.046706384189495,52.276030556811065,1125.0,case2,DOM02,212.1843597800774
43,30,80.68560920454944,50.72835396544874,28,0.5,1685,2024-09-28 16:35:00,2024-09-28 16:35:00,13.903641769827244,52.25342804602275,324.0,case2,DOM02,61.109095616662295
43,31,95.80471465198596,74.90886658081811,7,0.5,1686,2024-09-28 16:35:00,2024-09-28 16:35:00,14.02454433290409,52.32902357325993,280.0,case2,DOM02,52.810329545263706
43,33,105.09805903979239,143.96649005190312,5,0.5,1687,2024-09-28 16:35:00,2024-09-28 16:35:00,14.369832450259516,52.375490295198965,501.0,case2,DOM02,94.49276822206114
44,11,15.137686604467865,117.17044578674604,8,0.5,1696,2024-09-28 16:40:00,2024-09-28 16:40:00,14.23585222893373,51.92568843302234,273.0,case2,DOM02,51.49007130663212
44,15,32.15509212212958,132.9096016927771,57,0.5,1697,2024-09-28 16:40:00,2024-09-28 16:40:00,14.314548008463886,52.010775460610645,352.0,case2,DOM02,66.39012857118865
44,16,34.25024435069773,96.92492022196679,68,0.5,1698,2024-09-28 16:40:00,2024-09-28 16:40:00,14.134624601109834,52.02125122175349,445.0,case2,DOM02,83.9307023130084
44,17,43.843522182878566,95.69023500977679,21,0.5,1699,2024-09-28 16:40:00,2024-09-28 16:40:00,14.128451175048884,52.06921761091439,197.0,case2,DOM02,37.15583900148911
44,19,56.11755540673417,104.9687714179899,189,0.5,1700,2024-09-28 16:40:00,2024-09-28 16:40:00,14.17484385708995,52.130587777033675,1054.0,case2,DOM02,198.79316907395696
44,22,74.18642160204732,116.47963152213445,69,0.5,1701,2024-09-28 16:40:00,2024-09-28 16:40:00,14.232398157610673,52.22093210801024,672.0,case2,DOM02,126.74479090863291
44,23,85.7600768451293,91.85919406225162,164,0.5,1702,2024-09-28 16:40:00,2024-09-28 16:40:00,14.109295970311258,52.27880038422565,1551.0,case2,DOM02,292.53150401680006
44,24,81.2444058333375,63.241446171143856,41,0.5,1703,2024-09-28 16:40:00,2024-09-28 16:40:00,13.96620723085572,52.256222029166686,307.0,case2,DOM02,57.90275417998557
44,25,79.12978143304105,72.93775501196465,16,0.5,1704,2024-09-28 16:40:00,2024-09-28 16:40:00,14.014688775059824,52.245648907165204,136.0,case2,DOM02,25.6507314934138
