frame,idx,hdim_1,hdim_2,num,threshold_value,feature,time,timestr,lon,lat,ncells,case,domain,size_km2
0,3,29.876089270377864,56.08511320288433,6,0.3,1,2024-08-06 12:00:00,2024-08-06 12:00:00,13.93042556601442,51.999380446351886,11,case1,DOM01,2.0746915178496455
0,4,33.90662617665228,41.30996636614744,7,0.3,2,2024-08-06 12:00:00,2024-08-06 12:00:00,13.856549831830737,52.01953313088327,24,case1,DOM01,4.526599675308318
0,5,37.02144749527414,68.02227646417552,13,0.3,3,2024-08-06 12:00:00,2024-08-06 12:00:00,13.990111382320878,52.03510723747637,33,case1,DOM01,6.224074553548936
0,6,39.133686337511534,27.62641454677259,34,0.3,4,2024-08-06 12:00:00,2024-08-06 12:00:00,13.788132072733864,52.04566843168756,86,case1,DOM01,16.22031550318814
0,7,41.75720692067766,14.292869320754777,6,0.3,5,2024-08-06 12:00:00,2024-08-06 12:00:00,13.721464346603774,52.05878603460339,25,case1,DOM01,4.715207995112831
0,8,41.24176610547964,56.651467378122724,5,0.3,6,2024-08-06 12:00:00,2024-08-06 12:00:00,13.933257336890614,52.056208830527396,21,case1,DOM01,3.9607747158947784
0,9,43.623818995717876,1.4630757140825068,9,0.3,7,2024-08-06 12:00:00,2024-08-06 12:00:00,13.657315378570413,52.06811909497859,20,case1,DOM01,3.772166396090265
0,14,83.37520288271173,63.99739997549437,15,0.3,8,2024-08-06 12:00:00,2024-08-06 12:00:00,13.969986999877472,52.26687601441356,41,case1,DOM01,7.732941111985043
0,15,86.90435621649762,173.29769842564005,11,0.3,9,2024-08-06 12:00:00,2024-08-06 12:00:00,14.5164884921282,52.28452178108248,21,case1,DOM01,3.9607747158947784
0,16,90.03648771203385,163.1492889556865,20,0.3,10,2024-08-06 12:00:00,2024-08-06 12:00:00,14.465746444778432,52.300182438560164,30,case1,DOM01,5.658249594135397
0,17,113.42002362628617,143.1105247553258,428,0.3,11,2024-08-06 12:00:00,2024-08-06 12:00:00,14.36555262377663,52.41710011813143,583,case1,DOM01,109.95865044603123
0,18,101.80521499787253,110.76612844804875,22,0.3,12,2024-08-06 12:00:00,2024-08-06 12:00:00,14.203830642240243,52.35902607498936,33,case1,DOM01,6.224074553548936
0,19,102.82793084467498,130.7848002816265,8,0.3,13,2024-08-06 12:00:00,2024-08-06 12:00:00,14.303924001408133,52.36413965422338,14,case1,DOM01,2.6405164772631853
0,20,109.16548839187519,172.48029473458004,70,0.3,14,2024-08-06 12:00:00,2024-08-06 12:00:00,14.5124014736729,52.395827441959376,97,case1,DOM01,18.295007021037783
0,21,114.36281785138098,53.007581568616494,20,0.3,15,2024-08-06 12:00:00,2024-08-06 12:00:00,13.915037907843084,52.421814089256905,55,case1,DOM01,10.373457589248229
0,22,111.69061602475276,60.42796362095831,8,0.3,16,2024-08-06 12:00:00,2024-08-06 12:00:00,13.952139818104792,52.40845308012376,27,case1,DOM01,5.092424634721858
0,23,119.91520226333114,95.63060539378414,159,0.3,17,2024-08-06 12:00:00,2024-08-06 12:00:00,14.12815302696892,52.44957601131666,0,case1,DOM01,0.0
0,24,123.33138386296852,161.816399883245,166,0.3,18,2024-08-06 12:00:00,2024-08-06 12:00:00,14.459081999416226,52.46665691931484,257,case1,DOM01,48.4723381897599
0,25,119.89003492031704,26.264748198079474,34,0.3,19,2024-08-06 12:00:00,2024-08-06 12:00:00,13.781323740990397,52.44945017460159,80,case1,DOM01,15.08866558436106
0,28,134.44561795940152,176.23147847803207,92,0.3,20,2024-08-06 12:00:00,2024-08-06 12:00:00,14.53115739239016,52.52222808979701,109,case1,DOM01,20.558306858691942
0,29,134.86969272108564,11.8426226720322,17,0.3,21,2024-08-06 12:00:00,2024-08-06 12:00:00,13.709213113360162,52.52434846360543,48,case1,DOM01,9.053199350616635
0,31,135.99069643973712,56.07665935624128,11,0.3,22,2024-08-06 12:00:00,2024-08-06 12:00:00,13.930383296781207,52.529953482198685,29,case1,DOM01,5.469641274330884
0,32,138.59089472088883,43.310908360164774,30,0.3,23,2024-08-06 12:00:00,2024-08-06 12:00:00,13.866554541800824,52.542954473604446,47,case1,DOM01,8.864591030812122
0,33,138.89454738539698,147.1222998262381,52,0.3,24,2024-08-06 12:00:00,2024-08-06 12:00:00,14.38561149913119,52.544472736926984,103,case1,DOM01,19.426656939864863
0,35,75.04656907239026,174.03803295128688,9,0.5,25,2024-08-06 12:00:00,2024-08-06 12:00:00,14.520190164756434,52.22523284536195,494,case1,DOM01,93.17250998342953
1,3,34.08165103676599,41.21670986844745,10,0.3,26,2024-08-06 12:05:00,2024-08-06 12:05:00,13.856083549342237,52.02040825518383,22,case1,DOM01,4.149383035699291
1,4,37.81453631352617,67.80433236260376,15,0.3,27,2024-08-06 12:05:00,2024-08-06 12:05:00,13.98902166181302,52.03907268156763,26,case1,DOM01,4.903816314917345
1,5,38.73720597057074,26.564874598968085,31,0.3,28,2024-08-06 12:05:00,2024-08-06 12:05:00,13.78282437299484,52.04368602985286,91,case1,DOM01,17.163357102210703
1,9,79.7005579659407,64.52902311305286,6,0.3,29,2024-08-06 12:05:00,2024-08-06 12:05:00,13.972645115565264,52.2485027898297,37,case1,DOM01,6.97850783276699
1,11,86.73534609795841,173.62685905795456,9,0.3,30,2024-08-06 12:05:00,2024-08-06 12:05:00,14.518134295289773,52.28367673048979,21,case1,DOM01,3.9607747158947784
1,12,89.58769268264611,162.41009467964724,24,0.3,31,2024-08-06 12:05:00,2024-08-06 12:05:00,14.462050473398236,52.29793846341323,33,case1,DOM01,6.224074553548936
1,14,101.01902336656222,110.94607350655853,23,0.3,32,2024-08-06 12:05:00,2024-08-06 12:05:00,14.204730367532793,52.35509511683281,34,case1,DOM01,6.41268287335345
1,15,118.53666642991256,165.57916062143318,237,0.3,33,2024-08-06 12:05:00,2024-08-06 12:05:00,14.477895803107167,52.442683332149564,354,case1,DOM01,66.76734521079769
1,16,107.92350750701385,74.46827828318276,8,0.3,34,2024-08-06 12:05:00,2024-08-06 12:05:00,14.022341391415914,52.38961753753507,20,case1,DOM01,3.772166396090265
1,17,112.89859420237202,54.918721560416536,25,0.3,35,2024-08-06 12:05:00,2024-08-06 12:05:00,13.924593607802084,52.41449297101186,64,case1,DOM01,12.070932467488849
1,18,119.86486053154631,94.50805170192324,159,0.3,36,2024-08-06 12:05:00,2024-08-06 12:05:00,14.122540258509616,52.449324302657736,0,case1,DOM01,0.0
1,19,120.91162759315749,24.568581384779446,45,0.3,37,2024-08-06 12:05:00,2024-08-06 12:05:00,13.772842906923897,52.45455813796578,73,case1,DOM01,13.768407345729466
1,20,120.46472049839663,61.078740179884875,6,0.3,38,2024-08-06 12:05:00,2024-08-06 12:05:00,13.955393700899425,52.45232360249199,19,case1,DOM01,3.5835580762857515
1,22,134.67317523418367,176.67623691309467,89,0.3,39,2024-08-06 12:05:00,2024-08-06 12:05:00,14.533381184565473,52.52336587617092,112,case1,DOM01,21.124131818105482
1,23,135.12368321615867,12.08734321809027,15,0.3,40,2024-08-06 12:05:00,2024-08-06 12:05:00,13.710436716090452,52.52561841608079,44,case1,DOM01,8.298766071398582
1,24,137.868730668891,45.58759272467014,22,0.3,41,2024-08-06 12:05:00,2024-08-06 12:05:00,13.877937963623351,52.53934365334445,40,case1,DOM01,7.54433279218053
1,25,139.18254687850424,143.55863477575545,22,0.3,42,2024-08-06 12:05:00,2024-08-06 12:05:00,14.367793173878777,52.54591273439252,69,case1,DOM01,13.013974066511413
1,26,139.13450987245054,152.97792643442435,12,0.3,43,2024-08-06 12:05:00,2024-08-06 12:05:00,14.414889632172123,52.54567254936225,34,case1,DOM01,6.41268287335345
1,28,75.09586770362851,174.08694039861854,9,0.5,44,2024-08-06 12:05:00,2024-08-06 12:05:00,14.520434701993093,52.22547933851814,507,case1,DOM01,95.62441814088821
1,29,114.79183531941925,132.86612580181782,11,0.5,45,2024-08-06 12:05:00,2024-08-06 12:05:00,14.314330629009088,52.423959176597094,546,case1,DOM01,102.98014261326423
2,4,40.67229939121149,28.02480124739922,18,0.3,46,2024-08-06 12:10:00,2024-08-06 12:10:00,13.790124006236997,52.05336149695606,60,case1,DOM01,11.316499188270795
2,6,70.94815924912946,172.70447832398838,373,0.3,47,2024-08-06 12:10:00,2024-08-06 12:10:00,14.513522391619942,52.204740796245645,464,case1,DOM01,87.51426038929415
2,8,90.62554411267605,162.71026952112675,14,0.3,48,2024-08-06 12:10:00,2024-08-06 12:10:00,14.463551347605634,52.30312772056338,30,case1,DOM01,5.658249594135397
2,9,100.94577670171377,162.1295759954988,70,0.3,49,2024-08-06 12:10:00,2024-08-06 12:10:00,14.460647879977495,52.354728883508564,109,case1,DOM01,20.558306858691942
2,10,102.21273341598659,111.01735323369529,11,0.3,50,2024-08-06 12:10:00,2024-08-06 12:10:00,14.205086766168476,52.36106366707993,28,case1,DOM01,5.281032954526371
2,11,109.0725610106419,173.96696977290094,71,0.3,51,2024-08-06 12:10:00,2024-08-06 12:10:00,14.519834848864503,52.39536280505321,111,case1,DOM01,20.93552349830097
2,12,115.59076937553851,139.544350589959,293,0.3,52,2024-08-06 12:10:00,2024-08-06 12:10:00,14.347721752949795,52.42795384687769,391,case1,DOM01,73.74585304356468
2,13,112.47472753684109,57.10545413750914,11,0.3,53,2024-08-06 12:10:00,2024-08-06 12:10:00,13.935527270687546,52.412373637684205,42,case1,DOM01,7.921549431789557
2,14,115.42022254410139,104.60031843567207,33,0.3,54,2024-08-06 12:10:00,2024-08-06 12:10:00,14.17300159217836,52.42710111272051,54,case1,DOM01,10.184849269443715
2,15,122.79845999369255,162.8366532267567,134,0.3,55,2024-08-06 12:10:00,2024-08-06 12:10:00,14.464183266133784,52.46399229996847,227,case1,DOM01,42.814088595624504
2,16,121.51409845616529,24.012259402456664,56,0.3,56,2024-08-06 12:10:00,2024-08-06 12:10:00,13.770061297012283,52.45757049228082,90,case1,DOM01,16.97474878240619
2,18,122.41574719013944,75.252555809262,7,0.3,57,2024-08-06 12:10:00,2024-08-06 12:10:00,14.02626277904631,52.4620787359507,36,case1,DOM01,6.789899512962477
2,19,123.9225243681993,95.14251118837085,33,0.3,58,2024-08-06 12:10:00,2024-08-06 12:10:00,14.125712555941854,52.469612621840994,59,case1,DOM01,11.127890868466283
2,20,134.30917890440656,176.64091685252907,79,0.3,59,2024-08-06 12:10:00,2024-08-06 12:10:00,14.533204584262645,52.521545894522035,101,case1,DOM01,19.04944030025584
2,21,135.9027238045285,11.87858659840031,19,0.3,60,2024-08-06 12:10:00,2024-08-06 12:10:00,13.709392932992003,52.529513619022644,33,case1,DOM01,6.224074553548936
2,22,139.25455061806954,146.13278390544536,34,0.3,61,2024-08-06 12:10:00,2024-08-06 12:10:00,14.380663919527228,52.54627275309035,64,case1,DOM01,12.070932467488849
3,3,40.667496261260546,28.080113696809324,27,0.3,62,2024-08-06 12:15:00,2024-08-06 12:15:00,13.790400568484047,52.0533374813063,70,case1,DOM01,13.202582386315926
3,4,54.084094235091655,177.24911646210288,90,0.3,63,2024-08-06 12:15:00,2024-08-06 12:15:00,14.536245582310515,52.12042047117546,122,case1,DOM01,23.010215016150617
3,5,65.24263390067671,174.3739451465178,50,0.3,64,2024-08-06 12:15:00,2024-08-06 12:15:00,14.52186972573259,52.176213169503384,66,case1,DOM01,12.448149107097873
3,8,90.83988737405264,163.104420113001,8,0.3,65,2024-08-06 12:15:00,2024-08-06 12:15:00,14.465522100565005,52.30419943687026,25,case1,DOM01,4.715207995112831
3,9,100.04840365332917,164.6162851652321,20,0.3,66,2024-08-06 12:15:00,2024-08-06 12:15:00,14.47308142582616,52.35024201826665,37,case1,DOM01,6.97850783276699
3,10,102.92266668224399,156.74483634231606,35,0.3,67,2024-08-06 12:15:00,2024-08-06 12:15:00,14.43372418171158,52.36461333341122,67,case1,DOM01,12.636757426902387
3,11,102.57400020429701,110.78926056909138,12,0.3,68,2024-08-06 12:15:00,2024-08-06 12:15:00,14.203946302845457,52.362870001021484,25,case1,DOM01,4.715207995112831
3,12,108.61532957524331,173.21141415199014,82,0.3,69,2024-08-06 12:15:00,2024-08-06 12:15:00,14.51605707075995,52.39307664787622,130,case1,DOM01,24.519081574586725
3,13,115.28397258213141,140.47331113720352,228,0.3,70,2024-08-06 12:15:00,2024-08-06 12:15:00,14.352366555686018,52.426419862910656,325,case1,DOM01,61.2977039364668
3,14,117.21998916585407,103.63254601873834,11,0.3,71,2024-08-06 12:15:00,2024-08-06 12:15:00,14.168162730093693,52.43609994582927,41,case1,DOM01,7.732941111985043
3,15,124.38365510548242,162.20823583783616,131,0.3,72,2024-08-06 12:15:00,2024-08-06 12:15:00,14.46104117918918,52.471918275527415,221,case1,DOM01,41.682438676797425
3,16,121.71576372333438,24.21325642692632,53,0.3,73,2024-08-06 12:15:00,2024-08-06 12:15:00,13.771066282134631,52.45857881861667,96,case1,DOM01,18.10639870123327
3,17,124.46474659632649,129.79467651149017,8,0.3,74,2024-08-06 12:15:00,2024-08-06 12:15:00,14.29897338255745,52.472323732981636,32,case1,DOM01,6.035466233744424
3,18,134.1138983072068,176.9502464745387,71,0.3,75,2024-08-06 12:15:00,2024-08-06 12:15:00,14.534751232372694,52.52056949153604,94,case1,DOM01,17.729182061624243
3,19,136.4724578300376,12.77378328050928,11,0.3,76,2024-08-06 12:15:00,2024-08-06 12:15:00,13.713868916402546,52.532362289150186,27,case1,DOM01,5.092424634721858
3,20,139.17629540751707,146.59615189331245,19,0.3,77,2024-08-06 12:15:00,2024-08-06 12:15:00,14.382980759466562,52.54588147703759,51,case1,DOM01,9.619024310030175
3,22,75.766722614889,175.37253907179513,13,0.5,78,2024-08-06 12:15:00,2024-08-06 12:15:00,14.526862695358975,52.22883361307444,242,case1,DOM01,45.64321339269221
4,3,30.617088149267072,108.43379979293607,6,0.3,79,2024-08-06 12:20:00,2024-08-06 12:20:00,14.19216899896468,52.00308544074634,24,case1,DOM01,4.526599675308318
4,6,41.86927867290884,28.272490662861934,20,0.3,80,2024-08-06 12:20:00,2024-08-06 12:20:00,13.79136245331431,52.05934639336455,51,case1,DOM01,9.619024310030175
4,7,54.733112917790976,177.715982373594,86,0.3,81,2024-08-06 12:20:00,2024-08-06 12:20:00,14.53857991186797,52.123665564588954,109,case1,DOM01,20.558306858691942
4,8,66.57389511734681,175.32544960713463,36,0.3,82,2024-08-06 12:20:00,2024-08-06 12:20:00,14.526627248035673,52.182869475586735,64,case1,DOM01,12.070932467488849
4,9,77.7880232093125,172.5948642794808,178,0.3,83,2024-08-06 12:20:00,2024-08-06 12:20:00,14.512974321397405,52.238940116046564,245,case1,DOM01,46.20903835210574
4,12,91.11835774321462,163.1215276080336,11,0.3,84,2024-08-06 12:20:00,2024-08-06 12:20:00,14.465607638040169,52.30559178871607,22,case1,DOM01,4.149383035699291
4,13,112.4780098227243,150.07182347379802,428,0.3,85,2024-08-06 12:20:00,2024-08-06 12:20:00,14.40035911736899,52.41239004911362,593,case1,DOM01,111.84473364407634
4,14,124.26545530561887,163.53932638320214,122,0.3,86,2024-08-06 12:20:00,2024-08-06 12:20:00,14.467696631916011,52.47132727652809,218,case1,DOM01,41.116613717383885
4,16,123.45388746741882,23.286405842651817,41,0.3,87,2024-08-06 12:20:00,2024-08-06 12:20:00,13.76643202921326,52.467269437337094,104,case1,DOM01,19.61526525966938
4,17,131.03101032677307,175.6206049350445,37,0.3,88,2024-08-06 12:20:00,2024-08-06 12:20:00,14.528103024675222,52.50515505163387,56,case1,DOM01,10.562065909052741
4,18,138.58725385377625,179.56644115543548,11,0.3,89,2024-08-06 12:20:00,2024-08-06 12:20:00,14.547832205777178,52.54293626926888,19,case1,DOM01,3.5835580762857515
4,19,137.32446135358705,12.663606927605683,7,0.3,90,2024-08-06 12:20:00,2024-08-06 12:20:00,13.713318034638029,52.53662230676793,24,case1,DOM01,4.526599675308318
4,20,139.8321636175715,146.50602542657705,16,0.3,91,2024-08-06 12:20:00,2024-08-06 12:20:00,14.382530127132885,52.549160818087856,34,case1,DOM01,6.41268287335345
5,3,32.632922451920024,108.35056744397657,28,0.3,92,2024-08-06 12:25:00,2024-08-06 12:25:00,14.191752837219882,52.0131646122596,75,case1,DOM01,14.145623985338494
5,4,38.4373753286085,53.61670784692602,44,0.3,93,2024-08-06 12:25:00,2024-08-06 12:25:00,13.91808353923463,52.04218687664304,76,case1,DOM01,14.334232305143006
5,6,52.98425287239156,177.30242043046078,31,0.3,94,2024-08-06 12:25:00,2024-08-06 12:25:00,14.536512102152304,52.11492126436196,65,case1,DOM01,12.259540787293362
5,7,59.649644988799075,179.76564299851174,12,0.3,95,2024-08-06 12:25:00,2024-08-06 12:25:00,14.54882821499256,52.148248224944,23,case1,DOM01,4.337991355503805
5,8,67.04956504260973,176.19119173416314,23,0.3,96,2024-08-06 12:25:00,2024-08-06 12:25:00,14.530955958670814,52.185247825213054,36,case1,DOM01,6.789899512962477
5,9,78.3090710797879,173.6404388366589,128,0.3,97,2024-08-06 12:25:00,2024-08-06 12:25:00,14.518202194183294,52.24154535539894,208,case1,DOM01,39.23053051933876
5,10,84.09201448789214,58.37557421949875,36,0.3,98,2024-08-06 12:25:00,2024-08-06 12:25:00,13.941877871097494,52.27046007243946,75,case1,DOM01,14.145623985338494
5,11,92.3149957865621,163.82937083137207,5,0.3,99,2024-08-06 12:25:00,2024-08-06 12:25:00,14.469146854156861,52.31157497893281,18,case1,DOM01,3.3949497564812385
5,12,100.25719659427543,164.09890072900762,18,0.3,100,2024-08-06 12:25:00,2024-08-06 12:25:00,14.470494503645039,52.351285982971376,34,case1,DOM01,6.41268287335345
5,13,102.5149911550259,155.92217269538503,13,0.3,101,2024-08-06 12:25:00,2024-08-06 12:25:00,14.429610863476926,52.36257495577513,33,case1,DOM01,6.224074553548936
5,14,106.88994550918189,170.40848002268226,132,0.3,102,2024-08-06 12:25:00,2024-08-06 12:25:00,14.502042400113412,52.384449727545906,194,case1,DOM01,36.590014042075566
5,15,107.98569712401918,41.97115657851675,16,0.3,103,2024-08-06 12:25:00,2024-08-06 12:25:00,13.859855782892582,52.389928485620096,41,case1,DOM01,7.732941111985043
5,16,108.01647509979277,150.84435324590447,10,0.3,104,2024-08-06 12:25:00,2024-08-06 12:25:00,14.404221766229522,52.39008237549896,24,case1,DOM01,4.526599675308318
5,17,115.78650345347255,143.18536767845674,200,0.3,105,2024-08-06 12:25:00,2024-08-06 12:25:00,14.365926838392284,52.42893251726736,290,case1,DOM01,54.69641274330884
5,20,123.25729255498666,24.319850047671544,30,0.3,106,2024-08-06 12:25:00,2024-08-06 12:25:00,13.771599250238358,52.46628646277494,95,case1,DOM01,17.91779038142876
5,21,125.11095674045946,165.57338227760076,48,0.3,107,2024-08-06 12:25:00,2024-08-06 12:25:00,14.477866911388004,52.4755547837023,147,case1,DOM01,27.725423011263448
5,22,129.15964236621022,153.8244598632769,11,0.3,108,2024-08-06 12:25:00,2024-08-06 12:25:00,14.419122299316385,52.49579821183105,57,case1,DOM01,10.750674228857255
5,23,131.18371334936464,176.47315080703584,26,0.3,109,2024-08-06 12:25:00,2024-08-06 12:25:00,14.53236575403518,52.50591856674683,47,case1,DOM01,8.864591030812122
5,24,139.7421114265397,144.96203319786233,15,0.3,110,2024-08-06 12:25:00,2024-08-06 12:25:00,14.374810165989311,52.548710557132694,29,case1,DOM01,5.469641274330884
5,25,139.88347685742897,179.24917540991248,5,0.3,111,2024-08-06 12:25:00,2024-08-06 12:25:00,14.546245877049563,52.54941738428714,10,case1,DOM01,1.8860831980451325
6,3,32.59270846649719,108.83124275635458,80,0.3,112,2024-08-06 12:30:00,2024-08-06 12:30:00,14.194156213781772,52.012963542332486,103,case1,DOM01,19.426656939864863
6,4,39.32348855458211,52.90796063989901,71,0.3,113,2024-08-06 12:30:00,2024-08-06 12:30:00,13.914539803199496,52.04661744277291,98,case1,DOM01,18.4836153408423
6,5,44.757897015863094,29.135124918868904,18,0.3,114,2024-08-06 12:30:00,2024-08-06 12:30:00,13.795675624594345,52.07378948507932,72,case1,DOM01,13.579799025924954
6,8,57.89638410337338,159.5941646765216,33,0.3,115,2024-08-06 12:30:00,2024-08-06 12:30:00,14.447970823382608,52.139481920516864,62,case1,DOM01,11.693715827879823
6,10,69.27628077518936,176.60191909571398,6,0.3,116,2024-08-06 12:30:00,2024-08-06 12:30:00,14.53300959547857,52.19638140387595,20,case1,DOM01,3.772166396090265
6,13,85.40908861075742,58.53460953027684,69,0.3,117,2024-08-06 12:30:00,2024-08-06 12:30:00,13.942673047651384,52.27704544305379,125,case1,DOM01,23.576039975564157
6,14,101.13352461292678,77.56653256585525,15,0.3,118,2024-08-06 12:30:00,2024-08-06 12:30:00,14.037832662829278,52.35566762306463,34,case1,DOM01,6.41268287335345
6,15,100.52688195549477,164.56040482091146,11,0.3,119,2024-08-06 12:30:00,2024-08-06 12:30:00,14.472802024104558,52.35263440977747,30,case1,DOM01,5.658249594135397
6,16,103.92247473375038,154.3572960614244,24,0.3,120,2024-08-06 12:30:00,2024-08-06 12:30:00,14.421786480307123,52.36961237366875,43,case1,DOM01,8.11015775159407
6,18,108.88632584884705,40.937006535043096,56,0.3,121,2024-08-06 12:30:00,2024-08-06 12:30:00,13.854685032675215,52.39443162924424,89,case1,DOM01,16.78614046260168
6,19,115.78451650062031,143.90698221140406,136,0.3,122,2024-08-06 12:30:00,2024-08-06 12:30:00,14.36953491105702,52.4289225825031,246,case1,DOM01,46.39764667191026
6,20,112.17677659431745,178.74896842585204,13,0.3,123,2024-08-06 12:30:00,2024-08-06 12:30:00,14.54374484212926,52.41088388297158,35,case1,DOM01,6.601291193157963
6,21,120.21424248632792,171.17724307977693,14,0.3,124,2024-08-06 12:30:00,2024-08-06 12:30:00,14.505886215398885,52.45107121243164,32,case1,DOM01,6.035466233744424
6,22,121.65364774721107,15.8149955885745,7,0.3,125,2024-08-06 12:30:00,2024-08-06 12:30:00,13.729074977942872,52.45826823873605,34,case1,DOM01,6.41268287335345
6,23,122.62879046778167,11.098675987157796,5,0.3,126,2024-08-06 12:30:00,2024-08-06 12:30:00,13.705493379935788,52.46314395233891,9,case1,DOM01,1.6974748782406193
6,24,124.92513649172976,24.80569253211958,22,0.3,127,2024-08-06 12:30:00,2024-08-06 12:30:00,13.774028462660597,52.47462568245865,49,case1,DOM01,9.24180767042115
6,25,124.75206320077373,167.54680612818404,24,0.3,128,2024-08-06 12:30:00,2024-08-06 12:30:00,14.48773403064092,52.47376031600387,55,case1,DOM01,10.373457589248229
6,26,127.55120466680047,157.58503877414316,20,0.3,129,2024-08-06 12:30:00,2024-08-06 12:30:00,14.437925193870715,52.487756023334,93,case1,DOM01,17.54057374181973
6,27,131.37359678823367,176.82060178920102,13,0.3,130,2024-08-06 12:30:00,2024-08-06 12:30:00,14.534103008946005,52.50686798394117,36,case1,DOM01,6.789899512962477
6,28,139.7762939857218,143.61244817208595,8,0.3,131,2024-08-06 12:30:00,2024-08-06 12:30:00,14.368062240860429,52.54888146992861,29,case1,DOM01,5.469641274330884
6,30,77.2909650862969,176.15317415223754,12,0.5,132,2024-08-06 12:30:00,2024-08-06 12:30:00,14.530765870761186,52.23645482543149,151,case1,DOM01,28.4798562904815
6,31,107.02188382926667,169.6748009296673,23,0.5,133,2024-08-06 12:30:00,2024-08-06 12:30:00,14.498374004648337,52.38510941914633,177,case1,DOM01,33.38367260539884
7,3,33.119736301091535,108.68903529634724,107,0.3,134,2024-08-06 12:35:00,2024-08-06 12:35:00,14.193445176481736,52.01559868150546,125,case1,DOM01,23.576039975564157
7,4,40.30118461823463,51.28437404614183,83,0.3,135,2024-08-06 12:35:00,2024-08-06 12:35:00,13.906421870230709,52.05150592309117,124,case1,DOM01,23.387431655759645
7,5,45.73138980032804,29.25511136658178,17,0.3,136,2024-08-06 12:35:00,2024-08-06 12:35:00,13.796275556832908,52.07865694900164,41,case1,DOM01,7.732941111985043
7,6,47.69389724099699,22.190100915210962,8,0.3,137,2024-08-06 12:35:00,2024-08-06 12:35:00,13.760950504576055,52.088469486204986,19,case1,DOM01,3.5835580762857515
7,9,59.187980955305235,160.32005933683814,72,0.3,138,2024-08-06 12:35:00,2024-08-06 12:35:00,14.451600296684191,52.145939904776526,150,case1,DOM01,28.291247970676988
7,13,78.39570515049358,158.43750193940156,7,0.3,139,2024-08-06 12:35:00,2024-08-06 12:35:00,14.442187509697007,52.241978525752465,22,case1,DOM01,4.149383035699291
7,14,86.75641524285669,57.64016132737018,99,0.3,140,2024-08-06 12:35:00,2024-08-06 12:35:00,13.93820080663685,52.28378207621428,149,case1,DOM01,28.102639650872472
7,15,92.29362907624517,5.427828780849538,6,0.3,141,2024-08-06 12:35:00,2024-08-06 12:35:00,13.677139143904247,52.31146814538123,13,case1,DOM01,2.4519081574586723
7,17,94.10991232231609,115.2812573203337,31,0.3,142,2024-08-06 12:35:00,2024-08-06 12:35:00,14.226406286601668,52.32054956161158,78,case1,DOM01,14.711448944752034
7,19,101.99469314336756,77.58770679723949,53,0.3,143,2024-08-06 12:35:00,2024-08-06 12:35:00,14.037938533986198,52.359973465716834,71,case1,DOM01,13.39119070612044
7,22,103.40468481881068,153.83965602679837,7,0.3,144,2024-08-06 12:35:00,2024-08-06 12:35:00,14.419198280133992,52.36702342409405,33,case1,DOM01,6.224074553548936
7,24,110.1800810942289,39.30185338841552,96,0.3,145,2024-08-06 12:35:00,2024-08-06 12:35:00,13.846509266942078,52.40090040547114,127,case1,DOM01,23.953256615173185
7,26,117.10399280873449,144.389563032597,106,0.3,146,2024-08-06 12:35:00,2024-08-06 12:35:00,14.371947815162985,52.43551996404367,188,case1,DOM01,35.45836412324849
7,27,114.25194482686716,177.78283319550317,11,0.3,147,2024-08-06 12:35:00,2024-08-06 12:35:00,14.538914165977516,52.42125972413434,32,case1,DOM01,6.035466233744424
7,28,120.5376486514206,172.19445189578548,9,0.3,148,2024-08-06 12:35:00,2024-08-06 12:35:00,14.510972259478928,52.4526882432571,31,case1,DOM01,5.846857913939911
7,29,123.00585440503356,11.00880132772943,18,0.3,149,2024-08-06 12:35:00,2024-08-06 12:35:00,13.705044006638648,52.46502927202517,52,case1,DOM01,9.80763262983469
7,30,125.92297544074596,168.64932837184227,16,0.3,150,2024-08-06 12:35:00,2024-08-06 12:35:00,14.49324664185921,52.47961487720373,47,case1,DOM01,8.864591030812122
7,31,129.92716113672458,156.76255382587894,19,0.3,151,2024-08-06 12:35:00,2024-08-06 12:35:00,14.433812769129394,52.499635805683624,88,case1,DOM01,16.597532142797164
7,35,78.04595451688475,174.43611453495174,7,0.5,152,2024-08-06 12:35:00,2024-08-06 12:35:00,14.522180572674758,52.24022977258443,120,case1,DOM01,22.63299837654159
7,36,106.71077105711367,168.34209551203554,34,0.5,153,2024-08-06 12:35:00,2024-08-06 12:35:00,14.491710477560177,52.38355385528557,191,case1,DOM01,36.02418908266203
8,3,14.917735024195492,68.9676806015394,8,0.3,154,2024-08-06 12:40:00,2024-08-06 12:40:00,13.994838403007696,51.92458867512097,23,case1,DOM01,4.337991355503805
8,4,22.434222537266717,176.29084159948283,30,0.3,155,2024-08-06 12:40:00,2024-08-06 12:40:00,14.531454207997413,51.962171112686335,50,case1,DOM01,9.430415990225661
8,7,40.9377455350557,50.24585495366369,92,0.3,156,2024-08-06 12:40:00,2024-08-06 12:40:00,13.901229274768319,52.05468872767528,143,case1,DOM01,26.970989732045393
8,8,47.53316753424982,29.073323870311924,11,0.3,157,2024-08-06 12:40:00,2024-08-06 12:40:00,13.79536661935156,52.08766583767125,77,case1,DOM01,14.52284062494752
8,9,52.91308553446371,0.6472532286383139,12,0.3,158,2024-08-06 12:40:00,2024-08-06 12:40:00,13.65323626614319,52.11456542767232,29,case1,DOM01,5.469641274330884
8,10,59.64944089638808,162.2181429903886,120,0.3,159,2024-08-06 12:40:00,2024-08-06 12:40:00,14.461090714951943,52.14824720448194,176,case1,DOM01,33.19506428559433
8,11,69.29864847082362,0.5117494451188734,13,0.3,160,2024-08-06 12:40:00,2024-08-06 12:40:00,13.652558747225594,52.196493242354116,25,case1,DOM01,4.715207995112831
8,12,68.82891586266587,126.76244589821248,24,0.3,161,2024-08-06 12:40:00,2024-08-06 12:40:00,14.283812229491062,52.19414457931333,45,case1,DOM01,8.487374391203096
8,14,79.266793496464,156.89478527977639,19,0.3,162,2024-08-06 12:40:00,2024-08-06 12:40:00,14.434473926398882,52.246333967482315,39,case1,DOM01,7.355724472376017
8,15,88.70088220002101,56.008156629873405,131,0.3,163,2024-08-06 12:40:00,2024-08-06 12:40:00,13.930040783149368,52.29350441100011,177,case1,DOM01,33.38367260539884
8,16,93.04537607908175,5.662184788396352,25,0.3,164,2024-08-06 12:40:00,2024-08-06 12:40:00,13.678310923941982,52.31522688039541,37,case1,DOM01,6.97850783276699
8,22,115.179083770786,144.8729342767257,37,0.3,165,2024-08-06 12:40:00,2024-08-06 12:40:00,14.374364671383628,52.425895418853926,88,case1,DOM01,16.597532142797164
8,23,121.14213052028514,146.41314270892218,24,0.3,166,2024-08-06 12:40:00,2024-08-06 12:40:00,14.38206571354461,52.455710652601425,54,case1,DOM01,10.184849269443715
8,24,124.71091136523755,169.56585267881775,24,0.3,167,2024-08-06 12:40:00,2024-08-06 12:40:00,14.497829263394088,52.47355455682619,60,case1,DOM01,11.316499188270795
8,25,124.10411470132324,9.986226481779644,46,0.3,168,2024-08-06 12:40:00,2024-08-06 12:40:00,13.699931132408897,52.47052057350662,84,case1,DOM01,15.843098863579113
8,26,125.5698112624559,24.809747405824343,5,0.3,169,2024-08-06 12:40:00,2024-08-06 12:40:00,13.774048737029123,52.47784905631228,23,case1,DOM01,4.337991355503805
8,27,130.3350935392228,156.80458328140762,28,0.3,170,2024-08-06 12:40:00,2024-08-06 12:40:00,14.434022916407038,52.50167546769612,68,case1,DOM01,12.8253657467069
8,29,32.61450690034863,109.98284088699607,8,0.5,171,2024-08-06 12:40:00,2024-08-06 12:40:00,14.199914204434979,52.013072534501745,161,case1,DOM01,30.36593948852663
8,31,78.27789828853713,174.14856398347837,5,0.5,172,2024-08-06 12:40:00,2024-08-06 12:40:00,14.520742819917391,52.24138949144269,94,case1,DOM01,17.729182061624243
8,32,95.31365587511881,113.90323015606495,10,0.5,173,2024-08-06 12:40:00,2024-08-06 12:40:00,14.219516150780326,52.32656827937559,122,case1,DOM01,23.010215016150617
8,33,102.7011063512283,77.1977451827704,22,0.5,174,2024-08-06 12:40:00,2024-08-06 12:40:00,14.035988725913853,52.36350553175614,93,case1,DOM01,17.54057374181973
8,34,108.54583947260421,167.47262272651682,38,0.5,175,2024-08-06 12:40:00,2024-08-06 12:40:00,14.487363113632584,52.392729197363025,296,case1,DOM01,55.82806266213592
8,35,111.35343310525201,36.38559184708043,24,0.5,176,2024-08-06 12:40:00,2024-08-06 12:40:00,13.831927959235403,52.40676716552626,162,case1,DOM01,30.554547808331147
9,3,16.45932061553282,67.24716410410213,31,0.3,177,2024-08-06 12:45:00,2024-08-06 12:45:00,13.98623582052051,51.93229660307767,54,case1,DOM01,10.184849269443715
9,4,22.657947811250153,177.03861010711637,58,0.3,178,2024-08-06 12:45:00,2024-08-06 12:45:00,14.535193050535582,51.96328973905625,70,case1,DOM01,13.202582386315926
9,5,34.35057582901464,109.38288587667313,137,0.3,179,2024-08-06 12:45:00,2024-08-06 12:45:00,14.196914429383366,52.021752879145076,178,case1,DOM01,33.57228092520336
9,6,34.583028737803275,140.73936659756416,17,0.3,180,2024-08-06 12:45:00,2024-08-06 12:45:00,14.35369683298782,52.02291514368902,33,case1,DOM01,6.224074553548936
9,7,41.56417779624533,49.84314123686462,86,0.3,181,2024-08-06 12:45:00,2024-08-06 12:45:00,13.899215706184323,52.057820888981226,133,case1,DOM01,25.08490653400026
9,8,49.27257397004275,132.65911789411766,37,0.3,182,2024-08-06 12:45:00,2024-08-06 12:45:00,14.313295589470588,52.09636286985021,59,case1,DOM01,11.127890868466283
9,10,54.17329995864325,1.7318592897723195,17,0.3,183,2024-08-06 12:45:00,2024-08-06 12:45:00,13.658659296448862,52.120866499793216,25,case1,DOM01,4.715207995112831
9,12,68.9804088212629,127.48713626468754,50,0.3,184,2024-08-06 12:45:00,2024-08-06 12:45:00,14.287435681323439,52.194902044106314,65,case1,DOM01,12.259540787293362
9,13,68.15787264007282,1.2340882315601551,10,0.3,185,2024-08-06 12:45:00,2024-08-06 12:45:00,13.6561704411578,52.19078936320036,30,case1,DOM01,5.658249594135397
9,14,79.70461182555026,157.29346558181837,31,0.3,186,2024-08-06 12:45:00,2024-08-06 12:45:00,14.436467327909092,52.24852305912775,46,case1,DOM01,8.67598271100761
9,15,79.13817135817361,175.8871850107807,57,0.3,187,2024-08-06 12:45:00,2024-08-06 12:45:00,14.529435925053903,52.245690856790866,84,case1,DOM01,15.843098863579113
9,17,93.38068280604902,4.829376558644375,43,0.3,188,2024-08-06 12:45:00,2024-08-06 12:45:00,13.674146882793222,52.31690341403024,56,case1,DOM01,10.562065909052741
9,18,92.41696642445767,90.57017984506356,16,0.3,189,2024-08-06 12:45:00,2024-08-06 12:45:00,14.102850899225318,52.31208483212229,40,case1,DOM01,7.54433279218053
9,26,115.40298499487412,146.2176430265515,10,0.3,190,2024-08-06 12:45:00,2024-08-06 12:45:00,14.381088215132758,52.427014924974365,53,case1,DOM01,9.996240949639201
9,27,121.18110088182708,145.88942359333637,22,0.3,191,2024-08-06 12:45:00,2024-08-06 12:45:00,14.379447117966683,52.45590550440913,62,case1,DOM01,11.693715827879823
9,28,124.95080251790907,9.386597722055098,73,0.3,192,2024-08-06 12:45:00,2024-08-06 12:45:00,13.696932988610275,52.47475401258955,103,case1,DOM01,19.426656939864863
9,29,124.82226396978034,170.36851200687522,23,0.3,193,2024-08-06 12:45:00,2024-08-06 12:45:00,14.501842560034376,52.4741113198489,62,case1,DOM01,11.693715827879823
9,30,130.27151662097492,157.3092093031068,38,0.3,194,2024-08-06 12:45:00,2024-08-06 12:45:00,14.436546046515534,52.50135758310488,76,case1,DOM01,14.334232305143006
9,32,61.59337142689264,163.57648394193208,15,0.5,195,2024-08-06 12:45:00,2024-08-06 12:45:00,14.46788241970966,52.15796685713446,224,case1,DOM01,42.248263636210964
9,34,91.43408368377956,55.814243902021865,10,0.5,196,2024-08-06 12:45:00,2024-08-06 12:45:00,13.92907121951011,52.3071704184189,213,case1,DOM01,40.17357211836132
9,35,97.00341729916937,113.19002243656409,15,0.5,197,2024-08-06 12:45:00,2024-08-06 12:45:00,14.21595011218282,52.335017086495846,193,case1,DOM01,36.40140572227106
9,37,103.57105193211413,77.71571074393802,19,0.5,198,2024-08-06 12:45:00,2024-08-06 12:45:00,14.038578553719692,52.36785525966057,123,case1,DOM01,23.19882333595513
9,38,109.62517716190055,165.93706557047173,34,0.5,199,2024-08-06 12:45:00,2024-08-06 12:45:00,14.479685327852359,52.398125885809506,1,case1,DOM01,0.18860831980451326
9,39,110.38212866959461,159.51937435861143,8,0.5,200,2024-08-06 12:45:00,2024-08-06 12:45:00,14.447596871793056,52.401910643347975,272,case1,DOM01,51.3014629868276
9,40,112.14815299611882,34.270861030595285,13,0.5,201,2024-08-06 12:45:00,2024-08-06 12:45:00,13.821354305152976,52.41074076498059,155,case1,DOM01,29.234289569699552
9,42,115.44453358756952,37.30557594704542,6,0.5,202,2024-08-06 12:45:00,2024-08-06 12:45:00,13.836527879735227,52.42722266793785,34,case1,DOM01,6.41268287335345
10,3,16.707865555635458,66.05174834394464,36,0.3,203,2024-08-06 12:50:00,2024-08-06 12:50:00,13.980258741719723,51.93353932777818,68,case1,DOM01,12.8253657467069
10,6,35.77592358303853,141.15625248082628,33,0.3,204,2024-08-06 12:50:00,2024-08-06 12:50:00,14.355781262404133,52.028879617915194,51,case1,DOM01,9.619024310030175
10,7,37.81771641580093,161.64012999359556,16,0.3,205,2024-08-06 12:50:00,2024-08-06 12:50:00,14.458200649967978,52.039088582079,23,case1,DOM01,4.337991355503805
10,8,41.518568570068226,51.2539397145419,57,0.3,206,2024-08-06 12:50:00,2024-08-06 12:50:00,13.906269698572709,52.05759284285034,112,case1,DOM01,21.124131818105482
10,9,43.3128925324978,41.277257453668916,5,0.3,207,2024-08-06 12:50:00,2024-08-06 12:50:00,13.856386287268345,52.06656446266249,24,case1,DOM01,4.526599675308318
10,10,49.21481174608385,132.63021075429236,68,0.3,208,2024-08-06 12:50:00,2024-08-06 12:50:00,14.313151053771461,52.096074058730416,94,case1,DOM01,17.729182061624243
10,11,55.28147576430724,2.011163252407572,32,0.3,209,2024-08-06 12:50:00,2024-08-06 12:50:00,13.660055816262037,52.12640737882154,48,case1,DOM01,9.053199350616635
10,14,68.98164425990639,127.86950413726348,68,0.3,210,2024-08-06 12:50:00,2024-08-06 12:50:00,14.289347520686318,52.194908221299535,86,case1,DOM01,16.22031550318814
10,15,69.28759216453444,0.9246154017585727,15,0.3,211,2024-08-06 12:50:00,2024-08-06 12:50:00,13.654623077008793,52.19643796082267,30,case1,DOM01,5.658249594135397
10,16,81.58583491614036,156.48089111557073,34,0.3,212,2024-08-06 12:50:00,2024-08-06 12:50:00,14.432404455577855,52.2579291745807,48,case1,DOM01,9.053199350616635
10,17,80.33582330030076,176.49623752468113,42,0.3,213,2024-08-06 12:50:00,2024-08-06 12:50:00,14.532481187623405,52.251679116501506,60,case1,DOM01,11.316499188270795
10,18,92.15737130436725,52.27643854701441,208,0.3,214,2024-08-06 12:50:00,2024-08-06 12:50:00,13.911382192735072,52.31078685652184,246,case1,DOM01,46.39764667191026
10,19,94.0694225952181,4.017351431968111,49,0.3,215,2024-08-06 12:50:00,2024-08-06 12:50:00,13.67008675715984,52.320347112976094,71,case1,DOM01,13.39119070612044
10,21,94.12463250122805,90.2880095260004,35,0.3,216,2024-08-06 12:50:00,2024-08-06 12:50:00,14.101440047630001,52.32062316250614,52,case1,DOM01,9.80763262983469
10,25,121.95910757130801,147.80425447436963,19,0.3,217,2024-08-06 12:50:00,2024-08-06 12:50:00,14.38902127237185,52.45979553785654,54,case1,DOM01,10.184849269443715
10,26,126.04948575031304,7.993442598302226,93,0.3,218,2024-08-06 12:50:00,2024-08-06 12:50:00,13.68996721299151,52.48024742875156,119,case1,DOM01,22.444390056737078
10,27,125.68490826426721,171.30042115114648,5,0.3,219,2024-08-06 12:50:00,2024-08-06 12:50:00,14.506502105755732,52.47842454132133,68,case1,DOM01,12.8253657467069
10,28,130.903055999559,156.6005919885168,47,0.3,220,2024-08-06 12:50:00,2024-08-06 12:50:00,14.433002959942584,52.5045152799978,76,case1,DOM01,14.334232305143006
10,29,131.55660243048536,86.52745842897555,17,0.3,221,2024-08-06 12:50:00,2024-08-06 12:50:00,14.082637292144879,52.50778301215243,34,case1,DOM01,6.41268287335345
10,30,136.203201961549,0.16498183101294425,5,0.3,222,2024-08-06 12:50:00,2024-08-06 12:50:00,13.650824909155064,52.53101600980774,10,case1,DOM01,1.8860831980451325
10,32,22.54026856552797,176.3719214117525,8,0.5,223,2024-08-06 12:50:00,2024-08-06 12:50:00,14.531859607058761,51.96270134282764,84,case1,DOM01,15.843098863579113
10,33,34.75856116311965,110.29687044475398,7,0.5,224,2024-08-06 12:50:00,2024-08-06 12:50:00,14.201484352223769,52.023792805815596,173,case1,DOM01,32.62923932618079
10,34,62.08126231137639,164.47751115628145,37,0.5,225,2024-08-06 12:50:00,2024-08-06 12:50:00,14.472387555781408,52.160406311556876,297,case1,DOM01,56.016670981940436
10,37,95.80706134100659,109.26144633873187,32,0.5,226,2024-08-06 12:50:00,2024-08-06 12:50:00,14.196307231693659,52.32903530670503,244,case1,DOM01,46.020430032301235
10,39,103.86121456395107,76.02132510808202,35,0.5,227,2024-08-06 12:50:00,2024-08-06 12:50:00,14.030106625540409,52.369306072819754,148,case1,DOM01,27.91403133106796
10,41,109.92808283650209,163.61899057881553,34,0.5,228,2024-08-06 12:50:00,2024-08-06 12:50:00,14.468094952894077,52.39964041418251,268,case1,DOM01,50.547029707609546
10,42,113.38288277240746,33.57772369923275,9,0.5,229,2024-08-06 12:50:00,2024-08-06 12:50:00,13.817888618496164,52.41691441386204,241,case1,DOM01,45.45460507288769
11,3,16.26413694524016,65.32146949469097,31,0.3,230,2024-08-06 12:55:00,2024-08-06 12:55:00,13.976607347473454,51.9313206847262,65,case1,DOM01,12.259540787293362
11,5,35.26887098665143,107.2942742790812,109,0.3,231,2024-08-06 12:55:00,2024-08-06 12:55:00,14.186471371395406,52.02634435493326,164,case1,DOM01,30.93176444794017
11,6,37.055484132148614,141.02966259411028,37,0.3,232,2024-08-06 12:55:00,2024-08-06 12:55:00,14.355148312970552,52.03527742066074,55,case1,DOM01,10.373457589248229
11,7,38.84819928517971,161.62182260087442,31,0.3,233,2024-08-06 12:55:00,2024-08-06 12:55:00,14.458109113004372,52.0442409964259,43,case1,DOM01,8.11015775159407
11,8,42.098597660445314,50.5673525357582,33,0.3,234,2024-08-06 12:55:00,2024-08-06 12:55:00,13.90283676267879,52.06049298830223,119,case1,DOM01,22.444390056737078
11,10,56.40378467619273,1.060273433054242,33,0.3,235,2024-08-06 12:55:00,2024-08-06 12:55:00,13.65530136716527,52.13201892338096,56,case1,DOM01,10.562065909052741
11,12,69.368125823566,128.16519921942094,81,0.3,236,2024-08-06 12:55:00,2024-08-06 12:55:00,14.290825996097105,52.19684062911783,99,case1,DOM01,18.67222366064681
11,13,82.50132193200744,156.20918897818032,21,0.3,237,2024-08-06 12:55:00,2024-08-06 12:55:00,14.4310459448909,52.262506609660036,41,case1,DOM01,7.732941111985043
11,14,81.27892773396752,177.34121333701287,17,0.3,238,2024-08-06 12:55:00,2024-08-06 12:55:00,14.536706066685065,52.25639463866984,32,case1,DOM01,6.035466233744424
11,15,93.41683725241924,50.880353368690145,210,0.3,239,2024-08-06 12:55:00,2024-08-06 12:55:00,13.904401766843451,52.31708418626209,267,case1,DOM01,50.35842138780504
11,17,94.94814215043823,4.032356728954783,45,0.3,240,2024-08-06 12:55:00,2024-08-06 12:55:00,13.670161783644774,52.324740710752195,66,case1,DOM01,12.448149107097873
11,18,95.24681353826865,90.16305522464785,44,0.3,241,2024-08-06 12:55:00,2024-08-06 12:55:00,14.100815276123239,52.326234067691345,64,case1,DOM01,12.070932467488849
11,22,121.95046771417644,151.60858850448327,9,0.3,242,2024-08-06 12:55:00,2024-08-06 12:55:00,14.408042942522416,52.45975233857088,48,case1,DOM01,9.053199350616635
11,23,126.86136252531392,7.036401542687962,97,0.3,243,2024-08-06 12:55:00,2024-08-06 12:55:00,13.68518200771344,52.48430681262657,122,case1,DOM01,23.010215016150617
11,25,127.52449787103478,43.24295160239849,7,0.3,244,2024-08-06 12:55:00,2024-08-06 12:55:00,13.866214758011992,52.487622489355175,19,case1,DOM01,3.5835580762857515
11,27,131.8971839080456,156.71310160540148,57,0.3,245,2024-08-06 12:55:00,2024-08-06 12:55:00,14.433565508027007,52.509485919540225,84,case1,DOM01,15.843098863579113
11,28,132.5113706258067,84.56033829722371,46,0.3,246,2024-08-06 12:55:00,2024-08-06 12:55:00,14.072801691486118,52.512556853129034,66,case1,DOM01,12.448149107097873
11,29,137.72224464228495,0.5544084240684078,14,0.3,247,2024-08-06 12:55:00,2024-08-06 12:55:00,13.652772042120342,52.538611223211426,19,case1,DOM01,3.5835580762857515
11,31,24.51861433103247,177.34519795971303,25,0.5,248,2024-08-06 12:55:00,2024-08-06 12:55:00,14.536725989798565,51.97259307165516,105,case1,DOM01,19.80387357947389
11,32,50.19968524363353,132.05391153962557,6,0.5,249,2024-08-06 12:55:00,2024-08-06 12:55:00,14.310269557698128,52.10099842621817,117,case1,DOM01,22.06717341712805
11,33,61.559312301228,165.17867461719288,64,0.5,250,2024-08-06 12:55:00,2024-08-06 12:55:00,14.475893373085965,52.15779656150614,375,case1,DOM01,70.72811992669247
11,34,96.95804503827314,107.13732308102806,41,0.5,251,2024-08-06 12:55:00,2024-08-06 12:55:00,14.18568661540514,52.33479022519137,93,case1,DOM01,17.54057374181973
11,35,98.77830288356654,113.71698075850138,22,0.5,252,2024-08-06 12:55:00,2024-08-06 12:55:00,14.218584903792507,52.343891514417834,203,case1,DOM01,38.28748892031619
11,36,103.49948550245118,74.53039184456789,13,0.5,253,2024-08-06 12:55:00,2024-08-06 12:55:00,14.02265195922284,52.367497427512255,180,case1,DOM01,33.94949756481238
11,37,111.81516249039461,160.57545295239834,23,0.5,254,2024-08-06 12:55:00,2024-08-06 12:55:00,14.452877264761991,52.409075812451974,287,case1,DOM01,54.1305877838953
11,39,116.28757483942377,30.882034692159436,9,0.5,255,2024-08-06 12:55:00,2024-08-06 12:55:00,13.804410173460797,52.43143787419712,278,case1,DOM01,52.43311290565468
12,4,35.47172678827601,107.22295295170498,93,0.3,256,2024-08-06 13:00:00,2024-08-06 13:00:00,14.186114764758525,52.02735863394138,141,case1,DOM01,26.593773092436365
12,5,38.25740965018818,140.10195462613717,43,0.3,257,2024-08-06 13:00:00,2024-08-06 13:00:00,14.350509773130685,52.04128704825094,60,case1,DOM01,11.316499188270795
12,9,50.29419758932369,132.64077107902543,123,0.3,258,2024-08-06 13:00:00,2024-08-06 13:00:00,14.313203855395127,52.10147098794662,145,case1,DOM01,27.34820637165442
12,10,56.068802564728095,2.098599700781035,50,0.3,259,2024-08-06 13:00:00,2024-08-06 13:00:00,13.660492998503905,52.13034401282364,87,case1,DOM01,16.40892382299265
12,12,70.0003206288649,129.00550866175718,93,0.3,260,2024-08-06 13:00:00,2024-08-06 13:00:00,14.295027543308786,52.20000160314433,111,case1,DOM01,20.93552349830097
12,14,95.06243961565539,48.411075621054444,202,0.3,261,2024-08-06 13:00:00,2024-08-06 13:00:00,13.892055378105272,52.32531219807828,268,case1,DOM01,50.547029707609546
12,16,95.7632761268424,3.338491365576318,37,0.3,262,2024-08-06 13:00:00,2024-08-06 13:00:00,13.666692456827882,52.32881638063421,58,case1,DOM01,10.939282548661769
12,18,96.80735372281403,90.16357052338644,46,0.3,263,2024-08-06 13:00:00,2024-08-06 13:00:00,14.100817852616933,52.33403676861407,70,case1,DOM01,13.202582386315926
12,19,104.64503967470348,74.12058131646481,159,0.3,264,2024-08-06 13:00:00,2024-08-06 13:00:00,14.020602906582324,52.37322519837352,207,case1,DOM01,39.04192219953425
12,21,116.14000128053019,34.00745680653151,219,0.3,265,2024-08-06 13:00:00,2024-08-06 13:00:00,13.820037284032658,52.43070000640265,278,case1,DOM01,52.43311290565468
12,22,127.66423613998698,6.752460946451729,85,0.3,266,2024-08-06 13:00:00,2024-08-06 13:00:00,13.683762304732259,52.488321180699934,108,case1,DOM01,20.36969853888743
12,23,127.3669330587762,42.401167896730406,11,0.3,267,2024-08-06 13:00:00,2024-08-06 13:00:00,13.862005839483652,52.486834665293884,41,case1,DOM01,7.732941111985043
12,26,134.59085731607982,130.54376238703682,26,0.3,268,2024-08-06 13:00:00,2024-08-06 13:00:00,14.302718811935184,52.5229542865804,40,case1,DOM01,7.54433279218053
12,27,137.48633244064771,0.606590127207076,16,0.3,269,2024-08-06 13:00:00,2024-08-06 13:00:00,13.653032950636035,52.53743166220324,22,case1,DOM01,4.149383035699291
12,29,24.933725964184482,176.79200852038633,24,0.5,270,2024-08-06 13:00:00,2024-08-06 13:00:00,14.533960042601931,51.974668629820926,104,case1,DOM01,19.61526525966938
12,30,39.50599617609569,161.0898289047946,7,0.5,271,2024-08-06 13:00:00,2024-08-06 13:00:00,14.455449144523973,52.047529980880476,54,case1,DOM01,10.184849269443715
12,31,62.47112984776316,164.6926724103258,90,0.5,272,2024-08-06 13:00:00,2024-08-06 13:00:00,14.473463362051628,52.16235564923881,461,case1,DOM01,86.9484354298806
12,33,98.3126481012019,108.32546639004244,57,0.5,273,2024-08-06 13:00:00,2024-08-06 13:00:00,14.191627331950212,52.34156324050601,338,case1,DOM01,63.74961209392548
12,35,111.78983453220742,159.69973460281687,19,0.5,274,2024-08-06 13:00:00,2024-08-06 13:00:00,14.448498673014084,52.40894917266103,348,case1,DOM01,65.6356952919706
12,36,131.33098223105833,157.60728315559663,5,0.5,275,2024-08-06 13:00:00,2024-08-06 13:00:00,14.438036415777983,52.506654911155294,95,case1,DOM01,17.91779038142876
12,37,133.5452359029628,83.38284186550962,14,0.5,276,2024-08-06 13:00:00,2024-08-06 13:00:00,14.066914209327548,52.51772617951482,86,case1,DOM01,16.22031550318814
13,6,23.35175183267973,60.206465639489544,9,0.3,277,2024-08-06 13:05:00,2024-08-06 13:05:00,13.951032328197448,51.9667587591634,43,case1,DOM01,8.11015775159407
13,7,36.085293027028385,105.89815632171465,67,0.3,278,2024-08-06 13:05:00,2024-08-06 13:05:00,14.179490781608573,52.03042646513514,122,case1,DOM01,23.010215016150617
13,8,39.12834839907441,139.64430130579697,37,0.3,279,2024-08-06 13:05:00,2024-08-06 13:05:00,14.348221506528985,52.045641741995375,58,case1,DOM01,10.939282548661769
13,10,50.648748977755005,132.42760636061888,146,0.3,280,2024-08-06 13:05:00,2024-08-06 13:05:00,14.312138031803094,52.10324374488877,175,case1,DOM01,33.00645596578982
13,12,55.63429129024559,2.253656557220454,49,0.3,281,2024-08-06 13:05:00,2024-08-06 13:05:00,13.661268282786102,52.12817145645123,85,case1,DOM01,16.031707183383624
13,14,70.60997791138671,130.1378500208173,77,0.3,282,2024-08-06 13:05:00,2024-08-06 13:05:00,14.300689250104087,52.20304988955694,114,case1,DOM01,21.50134845771451
13,16,96.52415646616967,48.29161311757876,179,0.3,283,2024-08-06 13:05:00,2024-08-06 13:05:00,13.891458065587894,52.33262078233085,264,case1,DOM01,49.79259642839149
13,18,94.97872819626238,135.49606706362422,64,0.3,284,2024-08-06 13:05:00,2024-08-06 13:05:00,14.327480335318121,52.324893640981315,85,case1,DOM01,16.031707183383624
13,19,95.0079447147266,171.9156841382263,32,0.3,285,2024-08-06 13:05:00,2024-08-06 13:05:00,14.509578420691131,52.32503972357364,47,case1,DOM01,8.864591030812122
13,20,96.03201289214077,4.503301998728315,9,0.3,286,2024-08-06 13:05:00,2024-08-06 13:05:00,13.672516509993642,52.3301600644607,49,case1,DOM01,9.24180767042115
13,21,98.19886217345864,90.58196517544604,47,0.3,287,2024-08-06 13:05:00,2024-08-06 13:05:00,14.10290982587723,52.340994310867295,74,case1,DOM01,13.95701566553398
13,22,105.01541903169971,74.35000358838815,146,0.3,288,2024-08-06 13:05:00,2024-08-06 13:05:00,14.02175001794194,52.375077095158495,213,case1,DOM01,40.17357211836132
13,24,114.51342498886787,163.9930405083804,279,0.3,289,2024-08-06 13:05:00,2024-08-06 13:05:00,14.469965202541903,52.42256712494434,342,case1,DOM01,64.50404537314353
13,26,117.48321336333181,33.21254213111894,227,0.3,290,2024-08-06 13:05:00,2024-08-06 13:05:00,13.816062710655594,52.43741606681666,291,case1,DOM01,54.885021063113356
13,27,128.87227511345975,4.953692812588057,67,0.3,291,2024-08-06 13:05:00,2024-08-06 13:05:00,13.674768464062941,52.494361375567294,113,case1,DOM01,21.312740137909998
13,29,130.12484568160625,41.691832380046236,34,0.3,292,2024-08-06 13:05:00,2024-08-06 13:05:00,13.858459161900232,52.50062422840803,58,case1,DOM01,10.939282548661769
13,33,137.7794347024074,0.8196136384588802,19,0.3,293,2024-08-06 13:05:00,2024-08-06 13:05:00,13.654098068192294,52.538897173512034,25,case1,DOM01,4.715207995112831
13,36,26.812040010943676,177.2217645385564,11,0.5,294,2024-08-06 13:05:00,2024-08-06 13:05:00,14.536108822692782,51.98406020005472,111,case1,DOM01,20.93552349830097
13,38,39.36640295319396,163.54249086430045,6,0.5,295,2024-08-06 13:05:00,2024-08-06 13:05:00,14.467712454321502,52.04683201476597,67,case1,DOM01,12.636757426902387
13,39,63.679118927998175,164.6428085863659,100,0.5,296,2024-08-06 13:05:00,2024-08-06 13:05:00,14.47321404293183,52.16839559463999,528,case1,DOM01,99.58519285678298
13,41,99.17908114206423,105.77518899768032,54,0.5,297,2024-08-06 13:05:00,2024-08-06 13:05:00,14.178875944988402,52.34589540571032,288,case1,DOM01,54.31919610369982
13,43,132.7362399826942,157.0620412433101,12,0.5,298,2024-08-06 13:05:00,2024-08-06 13:05:00,14.43531020621655,52.51368119991347,104,case1,DOM01,19.61526525966938
13,44,133.59886469889935,83.8291112018849,28,0.5,299,2024-08-06 13:05:00,2024-08-06 13:05:00,14.069145556009424,52.5179943234945,105,case1,DOM01,19.80387357947389
13,45,134.26968493731104,129.2638362731596,11,0.5,300,2024-08-06 13:05:00,2024-08-06 13:05:00,14.296319181365797,52.52134842468656,77,case1,DOM01,14.52284062494752
14,3,0.39063310593172795,75.97516880913601,11,0.3,301,2024-08-06 13:10:00,2024-08-06 13:10:00,14.02987584404568,51.85195316552966,26,case1,DOM01,4.903816314917345
14,4,16.49373740707055,110.80383871391815,6,0.3,302,2024-08-06 13:10:00,2024-08-06 13:10:00,14.204019193569591,51.93246868703535,17,case1,DOM01,3.206341436676725
14,5,27.297547887129348,176.09893368001198,92,0.3,303,2024-08-06 13:10:00,2024-08-06 13:10:00,14.53049466840006,51.986487739435645,110,case1,DOM01,20.746915178496458
14,6,25.523522489425034,58.311359397845756,13,0.3,304,2024-08-06 13:10:00,2024-08-06 13:10:00,13.941556796989229,51.977617612447126,37,case1,DOM01,6.97850783276699
14,7,37.17417333933961,105.47349107096336,67,0.3,305,2024-08-06 13:10:00,2024-08-06 13:10:00,14.177367455354817,52.0358708666967,94,case1,DOM01,17.729182061624243
14,9,40.725350419144526,138.1479528396478,26,0.3,306,2024-08-06 13:10:00,2024-08-06 13:10:00,14.340739764198238,52.053626752095724,51,case1,DOM01,9.619024310030175
14,11,57.29566754680994,1.466357620142851,44,0.3,307,2024-08-06 13:10:00,2024-08-06 13:10:00,13.657331788100715,52.13647833773405,89,case1,DOM01,16.78614046260168
14,13,69.45536287885575,132.6635630681234,24,0.3,308,2024-08-06 13:10:00,2024-08-06 13:10:00,14.313317815340618,52.19727681439428,49,case1,DOM01,9.24180767042115
14,14,75.66183578936439,127.1946406071096,24,0.3,309,2024-08-06 13:10:00,2024-08-06 13:10:00,14.285973203035548,52.22830917894682,39,case1,DOM01,7.355724472376017
14,16,97.2086911965416,45.23748299089574,141,0.3,310,2024-08-06 13:10:00,2024-08-06 13:10:00,13.87618741495448,52.33604345598271,257,case1,DOM01,48.4723381897599
14,18,96.10550532238935,134.8606468079983,59,0.3,311,2024-08-06 13:10:00,2024-08-06 13:10:00,14.324303234039991,52.330527526611945,90,case1,DOM01,16.97474878240619
14,19,99.59586588056337,87.98133340887883,37,0.3,312,2024-08-06 13:10:00,2024-08-06 13:10:00,14.089906667044394,52.34797932940282,71,case1,DOM01,13.39119070612044
14,20,105.35148846674836,73.40058630184431,117,0.3,313,2024-08-06 13:10:00,2024-08-06 13:10:00,14.017002931509221,52.37675744233374,202,case1,DOM01,38.09888060051168
14,22,118.27676465375342,31.49386175821935,230,0.3,314,2024-08-06 13:10:00,2024-08-06 13:10:00,13.807469308791097,52.441383823268765,296,case1,DOM01,55.82806266213592
14,23,129.89334296723376,5.137236351127233,56,0.3,315,2024-08-06 13:10:00,2024-08-06 13:10:00,13.675686181755637,52.49946671483617,93,case1,DOM01,17.54057374181973
14,24,131.3583210160533,40.889151235491425,54,0.3,316,2024-08-06 13:10:00,2024-08-06 13:10:00,13.854445756177457,52.50679160508027,74,case1,DOM01,13.95701566553398
14,28,138.97096310229492,1.444589586206631,19,0.3,317,2024-08-06 13:10:00,2024-08-06 13:10:00,13.657222947931032,52.54485481551148,25,case1,DOM01,4.715207995112831
14,31,40.49066060999351,160.33768577402842,11,0.5,318,2024-08-06 13:10:00,2024-08-06 13:10:00,14.451688428870142,52.052453303049965,73,case1,DOM01,13.768407345729466
14,32,47.771924929809614,127.20161603794412,5,0.5,319,2024-08-06 13:10:00,2024-08-06 13:10:00,14.28600808018972,52.088859624649054,179,case1,DOM01,33.760889245007874
14,33,64.23329214423312,161.66105850881155,104,0.5,320,2024-08-06 13:10:00,2024-08-06 13:10:00,14.458305292544058,52.17116646072117,592,case1,DOM01,111.65612532427184
14,36,94.5013836389841,172.49873134554852,10,0.5,321,2024-08-06 13:10:00,2024-08-06 13:10:00,14.512493656727743,52.322506918194925,101,case1,DOM01,19.04944030025584
14,37,99.16133230110626,105.48529162650499,30,0.5,322,2024-08-06 13:10:00,2024-08-06 13:10:00,14.177426458132524,52.34580666150553,331,case1,DOM01,62.42935385529388
14,41,122.11354823065008,154.15509784465493,9,0.5,323,2024-08-06 13:10:00,2024-08-06 13:10:00,14.420775489223274,52.46056774115325,344,case1,DOM01,64.88126201275256
14,43,132.6931600864364,156.8416470592703,19,0.5,324,2024-08-06 13:10:00,2024-08-06 13:10:00,14.434208235296351,52.51346580043218,110,case1,DOM01,20.746915178496458
14,44,132.99650825389998,79.04029029539241,12,0.5,325,2024-08-06 13:10:00,2024-08-06 13:10:00,14.045201451476961,52.514982541269504,102,case1,DOM01,19.23804862006035
14,45,135.55270382633404,131.16371817944122,28,0.5,326,2024-08-06 13:10:00,2024-08-06 13:10:00,14.305818590897205,52.52776351913167,116,case1,DOM01,21.878565097323538
14,47,135.87249470502096,83.63056287041285,5,0.5,327,2024-08-06 13:10:00,2024-08-06 13:10:00,14.068152814352064,52.529362473525104,22,case1,DOM01,4.149383035699291
15,3,1.1977451103368981,75.75111232537479,22,0.3,328,2024-08-06 13:15:00,2024-08-06 13:15:00,14.028755561626873,51.85598872555168,36,case1,DOM01,6.789899512962477
15,4,28.39723752491765,175.87383177944065,77,0.3,329,2024-08-06 13:15:00,2024-08-06 13:15:00,14.529369158897202,51.99198618762459,98,case1,DOM01,18.4836153408423
15,5,29.74620300039756,56.434556974489645,13,0.3,330,2024-08-06 13:15:00,2024-08-06 13:15:00,13.932172784872447,51.99873101500199,36,case1,DOM01,6.789899512962477
15,6,38.32150991039756,104.92031532541141,50,0.3,331,2024-08-06 13:15:00,2024-08-06 13:15:00,14.174601576627058,52.04160754955199,82,case1,DOM01,15.465882223970086
15,8,40.958875298426015,136.54941305307747,7,0.3,332,2024-08-06 13:15:00,2024-08-06 13:15:00,14.332747065265387,52.05479437649213,28,case1,DOM01,5.281032954526371
15,9,51.291224999287486,131.7121018711177,175,0.3,333,2024-08-06 13:15:00,2024-08-06 13:15:00,14.308560509355589,52.106456124996434,208,case1,DOM01,39.23053051933876
15,10,57.38180090471116,3.188087571808343,58,0.3,334,2024-08-06 13:15:00,2024-08-06 13:15:00,13.665940437859042,52.13690900452355,99,case1,DOM01,18.67222366064681
15,12,75.37877718582833,126.93279641387485,21,0.3,335,2024-08-06 13:15:00,2024-08-06 13:15:00,14.284663982069373,52.226893885929144,37,case1,DOM01,6.97850783276699
15,16,96.84691741534485,134.82699134798824,55,0.3,336,2024-08-06 13:15:00,2024-08-06 13:15:00,14.324134956739941,52.33423458707672,82,case1,DOM01,15.465882223970086
15,17,99.04274133910228,43.75826764139496,123,0.3,337,2024-08-06 13:15:00,2024-08-06 13:15:00,13.868791338206973,52.34521370669551,273,case1,DOM01,51.49007130663212
15,19,102.36252905907311,86.90481669625278,31,0.3,338,2024-08-06 13:15:00,2024-08-06 13:15:00,14.084524083481265,52.361812645295366,82,case1,DOM01,15.465882223970086
15,20,107.55707292349588,74.77828285203626,82,0.3,339,2024-08-06 13:15:00,2024-08-06 13:15:00,14.02389141426018,52.38778536461748,152,case1,DOM01,28.668464610286012
15,23,129.8645599908935,4.359003089422178,36,0.3,340,2024-08-06 13:15:00,2024-08-06 13:15:00,13.671795015447112,52.49932279995447,98,case1,DOM01,18.4836153408423
15,24,131.77012720698926,39.84344361434844,55,0.3,341,2024-08-06 13:15:00,2024-08-06 13:15:00,13.849217218071741,52.50885063603494,81,case1,DOM01,15.277273904165574
15,29,41.21819143306454,160.43186785757652,9,0.5,342,2024-08-06 13:15:00,2024-08-06 13:15:00,14.452159339287883,52.056090957165324,68,case1,DOM01,12.8253657467069
15,33,65.4789683654062,161.72144697221793,89,0.5,343,2024-08-06 13:15:00,2024-08-06 13:15:00,14.45860723486109,52.17739484182703,631,case1,DOM01,119.01184979664787
15,35,95.45316399013308,171.83107801702673,43,0.5,344,2024-08-06 13:15:00,2024-08-06 13:15:00,14.509155390085134,52.32726581995067,127,case1,DOM01,23.953256615173185
15,36,99.63147623346404,104.09934248420082,32,0.5,345,2024-08-06 13:15:00,2024-08-06 13:15:00,14.170496712421004,52.34815738116732,256,case1,DOM01,48.283729869955394
15,37,104.33735431448297,112.2620607391938,8,0.5,346,2024-08-06 13:15:00,2024-08-06 13:15:00,14.211310303695969,52.37168677157241,121,case1,DOM01,22.821606696346105
15,38,119.88232905195528,38.69376029815831,6,0.5,347,2024-08-06 13:15:00,2024-08-06 13:15:00,13.843468801490792,52.44941164525978,284,case1,DOM01,53.56476282448176
15,39,123.04455437295684,156.13226252142846,40,0.5,348,2024-08-06 13:15:00,2024-08-06 13:15:00,14.430661312607143,52.46522277186479,355,case1,DOM01,66.9559535306022
15,40,133.3468924180936,129.22784703803964,15,0.5,349,2024-08-06 13:15:00,2024-08-06 13:15:00,14.296139235190198,52.51673446209047,48,case1,DOM01,9.053199350616635
15,41,132.84602332632545,135.4606879993752,5,0.5,350,2024-08-06 13:15:00,2024-08-06 13:15:00,14.327303439996875,52.51423011663163,1,case1,DOM01,0.18860831980451326
15,42,133.4782844670246,155.06450312730144,27,0.5,351,2024-08-06 13:15:00,2024-08-06 13:15:00,14.425322515636507,52.51739142233512,118,case1,DOM01,22.255781736932565
15,44,134.65882570846452,87.45084379535204,13,0.5,352,2024-08-06 13:15:00,2024-08-06 13:15:00,14.08725421897676,52.523294128542325,99,case1,DOM01,18.67222366064681
15,45,136.01766959111384,80.16607629500074,8,0.5,353,2024-08-06 13:15:00,2024-08-06 13:15:00,14.050830381475004,52.53008834795557,59,case1,DOM01,11.127890868466283
15,46,138.16018589421495,129.01258707417784,14,0.5,354,2024-08-06 13:15:00,2024-08-06 13:15:00,14.29506293537089,52.540800929471075,107,case1,DOM01,20.18109021908292
16,3,1.534203457046931,74.94435423823982,33,0.3,355,2024-08-06 13:20:00,2024-08-06 13:20:00,14.0247217711912,51.857671017285234,49,case1,DOM01,9.24180767042115
16,5,29.569676061085172,177.31486557690067,48,0.3,356,2024-08-06 13:20:00,2024-08-06 13:20:00,14.536574327884503,51.99784838030543,87,case1,DOM01,16.40892382299265
16,6,31.786521321927854,55.11015332116629,13,0.3,357,2024-08-06 13:20:00,2024-08-06 13:20:00,13.925550766605832,52.00893260660964,51,case1,DOM01,9.619024310030175
16,7,39.847077273899544,105.07826884724591,40,0.3,358,2024-08-06 13:20:00,2024-08-06 13:20:00,14.17539134423623,52.049235386369496,61,case1,DOM01,11.505107508075309
16,8,41.09369154329525,160.0267622564732,46,0.3,359,2024-08-06 13:20:00,2024-08-06 13:20:00,14.450133811282365,52.05546845771648,62,case1,DOM01,11.693715827879823
16,12,55.29213403366489,26.42737364448146,20,0.3,360,2024-08-06 13:20:00,2024-08-06 13:20:00,13.782136868222407,52.12646067016833,39,case1,DOM01,7.355724472376017
16,13,59.01622635500375,5.21586627736959,34,0.3,361,2024-08-06 13:20:00,2024-08-06 13:20:00,13.676079331386848,52.14508113177502,74,case1,DOM01,13.95701566553398
16,18,96.59450036556336,46.86361192867001,8,0.3,362,2024-08-06 13:20:00,2024-08-06 13:20:00,13.88431805964335,52.33297250182782,36,case1,DOM01,6.789899512962477
16,19,97.37190245910989,135.19900199441983,52,0.3,363,2024-08-06 13:20:00,2024-08-06 13:20:00,14.325995009972099,52.336859512295554,86,case1,DOM01,16.22031550318814
16,20,102.04011514471469,46.839581166350264,123,0.3,364,2024-08-06 13:20:00,2024-08-06 13:20:00,13.884197905831751,52.360200575723574,214,case1,DOM01,40.36218043816584
16,21,102.77155429911068,86.02894399672097,40,0.3,365,2024-08-06 13:20:00,2024-08-06 13:20:00,14.080144719983604,52.36385777149555,78,case1,DOM01,14.711448944752034
16,22,110.4181047073818,77.24688377244969,67,0.3,366,2024-08-06 13:20:00,2024-08-06 13:20:00,14.036234418862248,52.402090523536906,0,case1,DOM01,0.0
16,24,121.17821483195895,29.829426049298807,207,0.3,367,2024-08-06 13:20:00,2024-08-06 13:20:00,13.799147130246494,52.455891074159794,264,case1,DOM01,49.79259642839149
16,27,132.55259490008717,38.961293898727035,60,0.3,368,2024-08-06 13:20:00,2024-08-06 13:20:00,13.844806469493635,52.51276297450043,86,case1,DOM01,16.22031550318814
16,28,131.33311630648052,1.4774141915933618,12,0.3,369,2024-08-06 13:20:00,2024-08-06 13:20:00,13.657387070957967,52.5066655815324,71,case1,DOM01,13.39119070612044
16,32,49.21782710867694,124.5556448479955,5,0.5,370,2024-08-06 13:20:00,2024-08-06 13:20:00,14.272778224239978,52.09608913554339,244,case1,DOM01,46.020430032301235
16,34,65.6385418403365,157.64159295126765,70,0.5,371,2024-08-06 13:20:00,2024-08-06 13:20:00,14.438207964756337,52.17819270920168,458,case1,DOM01,86.38261047046706
16,35,70.38034984759592,168.84500335533104,8,0.5,372,2024-08-06 13:20:00,2024-08-06 13:20:00,14.494225016776655,52.20190174923798,181,case1,DOM01,34.1381058846169
16,36,95.81940581365878,170.0154189219412,48,0.5,373,2024-08-06 13:20:00,2024-08-06 13:20:00,14.500077094609706,52.32909702906829,161,case1,DOM01,30.36593948852663
16,37,99.84548964146472,100.48779498156458,39,0.5,374,2024-08-06 13:20:00,2024-08-06 13:20:00,14.152438974907822,52.34922744820732,413,case1,DOM01,77.89523607926397
16,39,114.33309692603584,175.11160527965143,5,0.5,375,2024-08-06 13:20:00,2024-08-06 13:20:00,14.525558026398258,52.42166548463018,158,case1,DOM01,29.800114529113092
16,40,123.6227644235234,155.7512611198402,47,0.5,376,2024-08-06 13:20:00,2024-08-06 13:20:00,14.428756305599201,52.468113822117616,182,case1,DOM01,34.32671420442141
16,42,134.24636203969706,130.85039240010445,45,0.5,377,2024-08-06 13:20:00,2024-08-06 13:20:00,14.304251962000523,52.521231810198486,185,case1,DOM01,34.892539163834954
16,44,133.95120436398082,155.4930116706605,34,0.5,378,2024-08-06 13:20:00,2024-08-06 13:20:00,14.427465058353302,52.51975602181991,118,case1,DOM01,22.255781736932565
16,45,134.79319745524725,76.73491382514837,8,0.5,379,2024-08-06 13:20:00,2024-08-06 13:20:00,14.033674569125742,52.523965987276235,184,case1,DOM01,34.70393084403044
17,3,2.7687135731365893,75.13509579671361,15,0.3,380,2024-08-06 13:25:00,2024-08-06 13:25:00,14.025675478983569,51.863843567865686,49,case1,DOM01,9.24180767042115
17,4,31.256274297968915,176.99756148588617,35,0.3,381,2024-08-06 13:25:00,2024-08-06 13:25:00,14.534987807429431,52.00628137148985,73,case1,DOM01,13.768407345729466
17,6,40.854576113854705,104.3840974440201,24,0.3,382,2024-08-06 13:25:00,2024-08-06 13:25:00,14.1719204872201,52.05427288056927,43,case1,DOM01,8.11015775159407
17,7,41.81617286232333,159.32493354369853,31,0.3,383,2024-08-06 13:25:00,2024-08-06 13:25:00,14.446624667718492,52.05908086431162,44,case1,DOM01,8.298766071398582
17,8,51.306510503064956,131.15154242114994,215,0.3,384,2024-08-06 13:25:00,2024-08-06 13:25:00,14.30575771210575,52.106532552515326,266,case1,DOM01,50.16981306800052
17,10,55.71477925617652,24.749738850505757,32,0.3,385,2024-08-06 13:25:00,2024-08-06 13:25:00,13.773748694252529,52.128573896280884,49,case1,DOM01,9.24180767042115
17,11,59.90985476835495,5.470806539699692,23,0.3,386,2024-08-06 13:25:00,2024-08-06 13:25:00,13.6773540326985,52.14954927384177,40,case1,DOM01,7.54433279218053
17,12,79.26756894189171,126.49526851582402,11,0.3,387,2024-08-06 13:25:00,2024-08-06 13:25:00,14.28247634257912,52.24633784470946,38,case1,DOM01,7.167116152571503
17,16,97.97394904664158,132.90226797411302,24,0.3,388,2024-08-06 13:25:00,2024-08-06 13:25:00,14.314511339870565,52.33986974523321,77,case1,DOM01,14.52284062494752
17,17,101.00953620193941,37.222266647113955,48,0.3,389,2024-08-06 13:25:00,2024-08-06 13:25:00,13.83611133323557,52.355047681009694,111,case1,DOM01,20.93552349830097
17,18,105.04490855875166,54.97043214458277,80,0.3,390,2024-08-06 13:25:00,2024-08-06 13:25:00,13.924852160722915,52.37522454279376,145,case1,DOM01,27.34820637165442
17,19,114.21811050193708,173.66629790240142,95,0.3,391,2024-08-06 13:25:00,2024-08-06 13:25:00,14.518331489512008,52.42109055250969,120,case1,DOM01,22.63299837654159
17,20,113.99661582127169,78.8487852068003,37,0.3,392,2024-08-06 13:25:00,2024-08-06 13:25:00,14.044243926034001,52.41998307910636,77,case1,DOM01,14.52284062494752
17,22,122.11646219252485,29.248096519566346,166,0.3,393,2024-08-06 13:25:00,2024-08-06 13:25:00,13.796240482597831,52.46058231096263,228,case1,DOM01,43.00269691542902
17,23,135.21657988491768,83.50527504185953,162,0.3,394,2024-08-06 13:25:00,2024-08-06 13:25:00,14.067526375209297,52.52608289942459,199,case1,DOM01,37.53305564109814
17,25,133.38610361977496,37.36247423823148,35,0.3,395,2024-08-06 13:25:00,2024-08-06 13:25:00,13.836812371191158,52.516930518098874,69,case1,DOM01,13.013974066511413
17,27,132.8403456959013,2.6997433845896928,9,0.3,396,2024-08-06 13:25:00,2024-08-06 13:25:00,13.66349871692295,52.514201728479506,50,case1,DOM01,9.430415990225661
17,29,67.55202447032012,159.48919279316596,80,0.5,397,2024-08-06 13:25:00,2024-08-06 13:25:00,14.44744596396583,52.1877601223516,660,case1,DOM01,124.48149107097875
17,31,96.07894691816864,171.01401965236863,82,0.5,398,2024-08-06 13:25:00,2024-08-06 13:25:00,14.505070098261845,52.33039473459084,200,case1,DOM01,37.721663960902646
17,32,100.81494764715174,97.64526499426614,22,0.5,399,2024-08-06 13:25:00,2024-08-06 13:25:00,14.138226324971331,52.35407473823576,524,case1,DOM01,98.83075957756493
17,33,123.65002841773045,156.58802203574552,61,0.5,400,2024-08-06 13:25:00,2024-08-06 13:25:00,14.432940110178727,52.46825014208865,183,case1,DOM01,34.51532252422592
17,35,134.21305292293678,125.87065501112416,9,0.5,401,2024-08-06 13:25:00,2024-08-06 13:25:00,14.27935327505562,52.521065264614684,220,case1,DOM01,41.493830356992916
17,37,133.84923463261288,154.4772431756299,19,0.5,402,2024-08-06 13:25:00,2024-08-06 13:25:00,14.42238621587815,52.51924617316307,126,case1,DOM01,23.76464829536867
18,3,32.240173862996386,176.77577358264054,12,0.3,403,2024-08-06 13:30:00,2024-08-06 13:30:00,14.533878867913202,52.01120086931498,46,case1,DOM01,8.67598271100761
18,4,36.53643382180009,0.49845654378774223,6,0.3,404,2024-08-06 13:30:00,2024-08-06 13:30:00,13.652492282718939,52.032682169109,16,case1,DOM01,3.017733116872212
18,5,41.46054332634275,103.98201576220785,6,0.3,405,2024-08-06 13:30:00,2024-08-06 13:30:00,14.16991007881104,52.05730271663172,24,case1,DOM01,4.526599675308318
18,7,52.02338507421332,129.93911827640468,208,0.3,406,2024-08-06 13:30:00,2024-08-06 13:30:00,14.299695591382024,52.11011692537107,276,case1,DOM01,52.05589626604565
18,8,49.61163223868218,159.56458141521895,7,0.3,407,2024-08-06 13:30:00,2024-08-06 13:30:00,14.447822907076095,52.098058161193414,50,case1,DOM01,9.430415990225661
18,11,55.98513941879466,23.35437258621744,35,0.3,408,2024-08-06 13:30:00,2024-08-06 13:30:00,13.766771862931087,52.129925697093974,57,case1,DOM01,10.750674228857255
18,14,60.4143550888928,6.400156905164215,25,0.3,409,2024-08-06 13:30:00,2024-08-06 13:30:00,13.68200078452582,52.15207177544446,39,case1,DOM01,7.355724472376017
18,15,79.42543146130343,127.88592498363425,14,0.3,410,2024-08-06 13:30:00,2024-08-06 13:30:00,14.289429624918172,52.247127157306515,37,case1,DOM01,6.97850783276699
18,19,101.71525009919043,35.96592484944196,28,0.3,411,2024-08-06 13:30:00,2024-08-06 13:30:00,13.82982962424721,52.35857625049595,85,case1,DOM01,16.031707183383624
18,20,106.45648371063201,55.094172130214524,99,0.3,412,2024-08-06 13:30:00,2024-08-06 13:30:00,13.925470860651073,52.38228241855316,143,case1,DOM01,26.970989732045393
18,21,105.20739782618996,82.28985370231129,19,0.3,413,2024-08-06 13:30:00,2024-08-06 13:30:00,14.061449268511558,52.37603698913095,49,case1,DOM01,9.24180767042115
18,22,115.10800977746123,174.92939482988132,88,0.3,414,2024-08-06 13:30:00,2024-08-06 13:30:00,14.524646974149407,52.42554004888731,112,case1,DOM01,21.124131818105482
18,23,114.9230245917629,79.45867129269718,38,0.3,415,2024-08-06 13:30:00,2024-08-06 13:30:00,14.047293356463486,52.42461512295881,72,case1,DOM01,13.579799025924954
18,25,123.570771329512,24.256304864441628,120,0.3,416,2024-08-06 13:30:00,2024-08-06 13:30:00,13.771281524322207,52.46785385664756,184,case1,DOM01,34.70393084403044
18,26,122.90749497405966,46.5298326848249,9,0.3,417,2024-08-06 13:30:00,2024-08-06 13:30:00,13.882649163424125,52.464537474870305,23,case1,DOM01,4.337991355503805
18,27,134.44673070895578,84.99558943063886,154,0.3,418,2024-08-06 13:30:00,2024-08-06 13:30:00,14.074977947153194,52.52223365354478,192,case1,DOM01,36.21279740246654
18,28,134.80812580672247,132.5833452633502,234,0.3,419,2024-08-06 13:30:00,2024-08-06 13:30:00,14.31291672631675,52.524040629033614,256,case1,DOM01,48.283729869955394
18,30,134.55498678558473,36.42996466847628,17,0.3,420,2024-08-06 13:30:00,2024-08-06 13:30:00,13.832149823342382,52.52277493392793,60,case1,DOM01,11.316499188270795
18,32,64.82582319475212,157.11682739491695,35,0.5,421,2024-08-06 13:30:00,2024-08-06 13:30:00,14.435584136974585,52.174129115973756,647,case1,DOM01,122.02958291352007
18,34,95.90756154186793,171.9239261769471,71,0.5,422,2024-08-06 13:30:00,2024-08-06 13:30:00,14.509619630884735,52.329537807709336,224,case1,DOM01,42.248263636210964
18,35,102.78924828135276,96.97972863972683,21,0.5,423,2024-08-06 13:30:00,2024-08-06 13:30:00,14.134898643198634,52.363946241406765,553,case1,DOM01,104.30040085189583
18,36,124.63354143497031,156.69178151411091,69,0.5,424,2024-08-06 13:30:00,2024-08-06 13:30:00,14.433458907570555,52.47316770717485,209,case1,DOM01,39.419138839143265
18,39,133.74361082812942,156.6180906675524,21,0.5,425,2024-08-06 13:30:00,2024-08-06 13:30:00,14.433090453337762,52.51871805414065,127,case1,DOM01,23.953256615173185
19,3,37.355857452190804,0.4825784258087987,6,0.3,426,2024-08-06 13:35:00,2024-08-06 13:35:00,13.652412892129044,52.03677928726095,13,case1,DOM01,2.4519081574586723
19,4,51.8164303826261,128.80265618835617,201,0.3,427,2024-08-06 13:35:00,2024-08-06 13:35:00,14.294013280941781,52.10908215191313,266,case1,DOM01,50.16981306800052
19,5,49.51637997484555,161.988932657101,30,0.3,428,2024-08-06 13:35:00,2024-08-06 13:35:00,14.459944663285507,52.09758189987423,96,case1,DOM01,18.10639870123327
19,6,52.43027272655106,140.72918750212287,9,0.3,429,2024-08-06 13:35:00,2024-08-06 13:35:00,14.353645937510615,52.112151363632755,22,case1,DOM01,4.149383035699291
19,7,57.45704488476775,21.17257756516882,30,0.3,430,2024-08-06 13:35:00,2024-08-06 13:35:00,13.755862887825845,52.137285224423835,53,case1,DOM01,9.996240949639201
19,9,62.2399330247066,5.6114190872482785,16,0.3,431,2024-08-06 13:35:00,2024-08-06 13:35:00,13.678057095436241,52.16119966512353,30,case1,DOM01,5.658249594135397
19,10,69.93004496436573,178.5044696760063,44,0.3,432,2024-08-06 13:35:00,2024-08-06 13:35:00,14.542522348380032,52.19965022482183,56,case1,DOM01,10.562065909052741
19,12,80.45549792445398,125.66237766398466,5,0.3,433,2024-08-06 13:35:00,2024-08-06 13:35:00,14.278311888319923,52.25227748962227,31,case1,DOM01,5.846857913939911
19,15,102.68128588402259,35.19555639903992,41,0.3,434,2024-08-06 13:35:00,2024-08-06 13:35:00,13.8259777819952,52.36340642942012,67,case1,DOM01,12.636757426902387
19,16,107.02276703443623,54.26746226410792,115,0.3,435,2024-08-06 13:35:00,2024-08-06 13:35:00,13.92133731132054,52.38511383517218,150,case1,DOM01,28.291247970676988
19,17,106.15841149431024,82.15569106371696,20,0.3,436,2024-08-06 13:35:00,2024-08-06 13:35:00,14.060778455318586,52.38079205747155,32,case1,DOM01,6.035466233744424
19,18,116.29440816140867,176.03567832409848,70,0.3,437,2024-08-06 13:35:00,2024-08-06 13:35:00,14.530178391620492,52.431472040807044,95,case1,DOM01,17.91779038142876
19,19,116.40383132106419,81.12856348379461,28,0.3,438,2024-08-06 13:35:00,2024-08-06 13:35:00,14.055642817418972,52.43201915660532,64,case1,DOM01,12.070932467488849
19,21,121.62676553507225,29.809960399650283,5,0.3,439,2024-08-06 13:35:00,2024-08-06 13:35:00,13.799049801998253,52.45813382767536,17,case1,DOM01,3.206341436676725
19,22,122.31773175201172,35.676203323179294,14,0.3,440,2024-08-06 13:35:00,2024-08-06 13:35:00,13.828381016615896,52.46158865876006,39,case1,DOM01,7.355724472376017
19,23,126.14915531843127,16.351911608341506,69,0.3,441,2024-08-06 13:35:00,2024-08-06 13:35:00,13.731759558041707,52.48074577659215,114,case1,DOM01,21.50134845771451
19,25,133.40779986427248,87.83404781354699,106,0.3,442,2024-08-06 13:35:00,2024-08-06 13:35:00,14.089170239067736,52.517038999321365,158,case1,DOM01,29.800114529113092
19,26,135.06355677954994,132.6814447707147,253,0.3,443,2024-08-06 13:35:00,2024-08-06 13:35:00,14.313407223853574,52.52531778389775,275,case1,DOM01,51.86728794624114
19,27,135.56251790939862,157.56885127470426,111,0.3,444,2024-08-06 13:35:00,2024-08-06 13:35:00,14.437844256373522,52.52781258954699,129,case1,DOM01,24.330473254782206
19,28,133.0575923078088,32.72222642896577,5,0.3,445,2024-08-06 13:35:00,2024-08-06 13:35:00,13.813611132144828,52.515287961539045,42,case1,DOM01,7.921549431789557
19,29,135.21416253195488,0.8251277663190741,6,0.3,446,2024-08-06 13:35:00,2024-08-06 13:35:00,13.654125638831594,52.526070812659775,12,case1,DOM01,2.263299837654159
19,30,139.54016323024055,87.4770499068293,5,0.3,447,2024-08-06 13:35:00,2024-08-06 13:35:00,14.087385249534147,52.5477008161512,19,case1,DOM01,3.5835580762857515
19,33,63.18454113161755,161.26062600662922,11,0.5,448,2024-08-06 13:35:00,2024-08-06 13:35:00,14.456303130033147,52.16592270565809,344,case1,DOM01,64.88126201275256
19,36,75.60231056368768,167.44357054725566,13,0.5,449,2024-08-06 13:35:00,2024-08-06 13:35:00,14.487217852736277,52.22801155281844,198,case1,DOM01,37.34444732129362
19,37,95.79695426915633,172.7352035602367,79,0.5,450,2024-08-06 13:35:00,2024-08-06 13:35:00,14.513676017801183,52.32898477134578,262,case1,DOM01,49.41537978878247
19,38,103.60789303686582,95.47927152936762,22,0.5,451,2024-08-06 13:35:00,2024-08-06 13:35:00,14.12739635764684,52.36803946518433,590,case1,DOM01,111.27890868466282
19,39,125.28016796384944,155.37015181468513,66,0.5,452,2024-08-06 13:35:00,2024-08-06 13:35:00,14.426850759073426,52.47640083981925,229,case1,DOM01,43.19130523523353
20,3,39.067313693540484,0.2574713173294015,5,0.3,453,2024-08-06 13:40:00,2024-08-06 13:40:00,13.651287356586646,52.045336568467704,13,case1,DOM01,2.4519081574586723
20,4,49.76623424303553,124.28799583148131,116,0.3,454,2024-08-06 13:40:00,2024-08-06 13:40:00,14.271439979157407,52.09883117121518,172,case1,DOM01,32.44063100637628
20,5,47.76739233753459,166.08606046315705,6,0.3,455,2024-08-06 13:40:00,2024-08-06 13:40:00,14.480430302315785,52.088836961687676,16,case1,DOM01,3.017733116872212
20,6,49.122072693349324,158.80116435720728,18,0.3,456,2024-08-06 13:40:00,2024-08-06 13:40:00,14.444005821786037,52.09561036346675,51,case1,DOM01,9.619024310030175
20,7,50.2210815680382,169.46669878103782,7,0.3,457,2024-08-06 13:40:00,2024-08-06 13:40:00,14.497333493905188,52.101105407840194,33,case1,DOM01,6.224074553548936
20,8,52.238149669373385,140.1060763377107,6,0.3,458,2024-08-06 13:40:00,2024-08-06 13:40:00,14.350530381688554,52.111190748346864,21,case1,DOM01,3.9607747158947784
20,9,57.64169108616917,19.904550377601577,30,0.3,459,2024-08-06 13:40:00,2024-08-06 13:40:00,13.749522751888009,52.13820845543084,60,case1,DOM01,11.316499188270795
20,10,59.29439152026039,135.95097207929712,50,0.3,460,2024-08-06 13:40:00,2024-08-06 13:40:00,14.329754860396486,52.14647195760131,75,case1,DOM01,14.145623985338494
20,12,63.552122238425234,5.062710954828638,13,0.3,461,2024-08-06 13:40:00,2024-08-06 13:40:00,13.675313554774144,52.16776061119213,37,case1,DOM01,6.97850783276699
20,15,102.08378198216735,107.60251384778024,471,0.3,462,2024-08-06 13:40:00,2024-08-06 13:40:00,14.188012569238902,52.360418909910834,608,case1,DOM01,114.67385844114405
20,17,104.2203443913465,34.15436744290497,33,0.3,463,2024-08-06 13:40:00,2024-08-06 13:40:00,13.820771837214526,52.371101721956734,68,case1,DOM01,12.8253657467069
20,18,107.2694738932815,52.5546519291958,131,0.3,464,2024-08-06 13:40:00,2024-08-06 13:40:00,13.912773259645979,52.38634736946641,175,case1,DOM01,33.00645596578982
20,19,107.07451187818283,81.33543199085841,12,0.3,465,2024-08-06 13:40:00,2024-08-06 13:40:00,14.056677159954292,52.38537255939091,25,case1,DOM01,4.715207995112831
20,20,117.47180587609577,177.21014867930094,48,0.3,466,2024-08-06 13:40:00,2024-08-06 13:40:00,14.536050743396505,52.43735902938048,72,case1,DOM01,13.579799025924954
20,21,117.49091508478752,82.10180370649951,11,0.3,467,2024-08-06 13:40:00,2024-08-06 13:40:00,14.060509018532498,52.437454575423935,46,case1,DOM01,8.67598271100761
20,23,122.78595330156291,34.08222254932215,14,0.3,468,2024-08-06 13:40:00,2024-08-06 13:40:00,13.82041111274661,52.46392976650782,34,case1,DOM01,6.41268287335345
20,24,127.80127005455942,14.976865113198107,43,0.3,469,2024-08-06 13:40:00,2024-08-06 13:40:00,13.72488432556599,52.489006350272795,96,case1,DOM01,18.10639870123327
20,25,132.63797711365103,90.57857213480723,51,0.3,470,2024-08-06 13:40:00,2024-08-06 13:40:00,14.102892860674036,52.51318988556825,99,case1,DOM01,18.67222366064681
20,26,135.8566307093489,133.41064996271984,249,0.3,471,2024-08-06 13:40:00,2024-08-06 13:40:00,14.317053249813599,52.52928315354674,287,case1,DOM01,54.1305877838953
20,27,136.1690975722217,159.47878526129432,94,0.3,472,2024-08-06 13:40:00,2024-08-06 13:40:00,14.447393926306471,52.53084548786111,117,case1,DOM01,22.06717341712805
20,28,134.42048819926015,32.09109626378869,6,0.3,473,2024-08-06 13:40:00,2024-08-06 13:40:00,13.810455481318943,52.5221024409963,26,case1,DOM01,4.903816314917345
20,30,69.74636638683215,178.54886449271268,23,0.5,474,2024-08-06 13:40:00,2024-08-06 13:40:00,14.542744322463564,52.19873183193416,67,case1,DOM01,12.636757426902387
20,33,76.37772795974006,167.81221784829356,9,0.5,475,2024-08-06 13:40:00,2024-08-06 13:40:00,14.489061089241467,52.2318886397987,534,case1,DOM01,100.71684277561008
20,35,96.1999669494427,174.90332742443272,63,0.5,476,2024-08-06 13:40:00,2024-08-06 13:40:00,14.524516637122163,52.33099983474721,291,case1,DOM01,54.885021063113356
20,39,124.32609428691559,152.68037078227786,38,0.5,477,2024-08-06 13:40:00,2024-08-06 13:40:00,14.41340185391139,52.47163047143458,127,case1,DOM01,23.953256615173185
20,40,127.77322259298265,160.71627674740867,21,0.5,478,2024-08-06 13:40:00,2024-08-06 13:40:00,14.453581383737044,52.488866112964914,124,case1,DOM01,23.387431655759645
21,3,49.39901468895731,122.07925564135456,90,0.3,479,2024-08-06 13:45:00,2024-08-06 13:45:00,14.260396278206773,52.09699507344479,149,case1,DOM01,28.102639650872472
21,4,49.676706794244744,158.81291939608158,35,0.3,480,2024-08-06 13:45:00,2024-08-06 13:45:00,14.444064596980407,52.09838353397122,114,case1,DOM01,21.50134845771451
21,8,59.90129312341731,17.469096665315607,17,0.3,481,2024-08-06 13:45:00,2024-08-06 13:45:00,13.737345483326578,52.14950646561709,53,case1,DOM01,9.996240949639201
21,9,60.45311551489331,137.16380319119304,51,0.3,482,2024-08-06 13:45:00,2024-08-06 13:45:00,14.335819015955966,52.15226557757447,82,case1,DOM01,15.465882223970086
21,10,64.75943827521026,4.284813203135642,7,0.3,483,2024-08-06 13:45:00,2024-08-06 13:45:00,13.671424066015678,52.173797191376046,25,case1,DOM01,4.715207995112831
21,15,104.89032858833447,34.25266376766435,32,0.3,484,2024-08-06 13:45:00,2024-08-06 13:45:00,13.821263318838321,52.37445164294167,66,case1,DOM01,12.448149107097873
21,16,108.79416083047961,49.91990190656272,121,0.3,485,2024-08-06 13:45:00,2024-08-06 13:45:00,13.899599509532814,52.3939708041524,201,case1,DOM01,37.91027228070717
21,17,107.8641192640478,81.1768516338469,6,0.3,486,2024-08-06 13:45:00,2024-08-06 13:45:00,14.055884258169234,52.38932059632024,13,case1,DOM01,2.4519081574586723
21,18,118.65148548253526,178.2875119974911,29,0.3,487,2024-08-06 13:45:00,2024-08-06 13:45:00,14.541437559987456,52.443257427412675,45,case1,DOM01,8.487374391203096
21,19,119.32454661766398,84.72860982352407,8,0.3,488,2024-08-06 13:45:00,2024-08-06 13:45:00,14.07364304911762,52.44662273308832,37,case1,DOM01,6.97850783276699
21,21,129.06502814727787,12.193796415593608,59,0.3,489,2024-08-06 13:45:00,2024-08-06 13:45:00,13.710968982077969,52.495325140736384,92,case1,DOM01,17.35196542201522
21,22,136.87310343729186,134.6906772833287,191,0.3,490,2024-08-06 13:45:00,2024-08-06 13:45:00,14.323453386416643,52.53436551718646,273,case1,DOM01,51.49007130663212
21,23,131.78189965219372,92.12167984776134,12,0.3,491,2024-08-06 13:45:00,2024-08-06 13:45:00,14.110608399238806,52.50890949826097,52,case1,DOM01,9.80763262983469
21,24,136.32987512005533,162.44378730978025,82,0.3,492,2024-08-06 13:45:00,2024-08-06 13:45:00,14.462218936548902,52.531649375600274,110,case1,DOM01,20.746915178496458
21,25,134.52118373627272,31.945631959561954,6,0.3,493,2024-08-06 13:45:00,2024-08-06 13:45:00,13.80972815979781,52.522605918681364,27,case1,DOM01,5.092424634721858
21,29,69.35219487661637,178.72204946605225,29,0.5,494,2024-08-06 13:45:00,2024-08-06 13:45:00,14.543610247330262,52.19676097438308,78,case1,DOM01,14.711448944752034
21,31,77.77856194389837,168.99400608931887,13,0.5,495,2024-08-06 13:45:00,2024-08-06 13:45:00,14.494970030446593,52.238892809719495,473,case1,DOM01,89.21173526753476
21,32,96.85465744835928,175.017699644164,41,0.5,496,2024-08-06 13:45:00,2024-08-06 13:45:00,14.52508849822082,52.3342732872418,269,case1,DOM01,50.73563802741406
21,33,102.48271197706492,127.92738096206273,17,0.5,497,2024-08-06 13:45:00,2024-08-06 13:45:00,14.289636904810315,52.362413559885326,161,case1,DOM01,30.36593948852663
21,34,107.23360281790995,90.32386006164178,9,0.5,498,2024-08-06 13:45:00,2024-08-06 13:45:00,14.101619300308208,52.38616801408955,466,case1,DOM01,87.89147702890317
21,35,126.3845594378488,153.93255976884694,31,0.5,499,2024-08-06 13:45:00,2024-08-06 13:45:00,14.419662798844234,52.48192279718924,219,case1,DOM01,41.3052220371884
21,36,129.1298923442468,160.96424962580545,10,0.5,500,2024-08-06 13:45:00,2024-08-06 13:45:00,14.454821248129027,52.49564946172123,47,case1,DOM01,8.864591030812122
22,3,31.114645217227107,103.59179530828945,9,0.3,501,2024-08-06 13:50:00,2024-08-06 13:50:00,14.167958976541447,52.005573226086135,18,case1,DOM01,3.3949497564812385
22,4,50.69218007364157,121.537698830261,80,0.3,502,2024-08-06 13:50:00,2024-08-06 13:50:00,14.257688494151305,52.103460900368205,125,case1,DOM01,23.576039975564157
22,5,50.261261233388105,158.11680614339735,38,0.3,503,2024-08-06 13:50:00,2024-08-06 13:50:00,14.440584030716986,52.10130630616694,73,case1,DOM01,13.768407345729466
22,8,60.90644863497263,137.67164822255748,59,0.3,504,2024-08-06 13:50:00,2024-08-06 13:50:00,14.338358241112788,52.15453224317486,91,case1,DOM01,17.163357102210703
22,10,61.63226015796224,16.529609877745003,9,0.3,505,2024-08-06 13:50:00,2024-08-06 13:50:00,13.732648049388725,52.15816130078981,57,case1,DOM01,10.750674228857255
22,19,106.38944611144143,31.674465281874337,18,0.3,506,2024-08-06 13:50:00,2024-08-06 13:50:00,13.808372326409373,52.38194723055721,58,case1,DOM01,10.939282548661769
22,20,109.94995634283514,48.259394591296704,146,0.3,507,2024-08-06 13:50:00,2024-08-06 13:50:00,13.891296972956484,52.39974978171418,216,case1,DOM01,40.73939707777486
22,21,108.46425640509882,80.15917443811156,7,0.3,508,2024-08-06 13:50:00,2024-08-06 13:50:00,14.050795872190559,52.3923212820255,11,case1,DOM01,2.0746915178496455
22,22,119.8218264450128,178.88634841017472,13,0.3,509,2024-08-06 13:50:00,2024-08-06 13:50:00,14.544431742050874,52.44910913222507,24,case1,DOM01,4.526599675308318
22,24,130.27105181934527,10.946760507282395,52,0.3,510,2024-08-06 13:50:00,2024-08-06 13:50:00,13.704733802536412,52.50135525909673,100,case1,DOM01,18.860831980451323
22,26,138.1201810769238,136.35344899099658,141,0.3,511,2024-08-06 13:50:00,2024-08-06 13:50:00,14.331767244954984,52.54060090538462,230,case1,DOM01,43.37991355503805
22,27,136.1956485992672,31.526418470032777,6,0.3,512,2024-08-06 13:50:00,2024-08-06 13:50:00,13.807632092350165,52.53097824299633,33,case1,DOM01,6.224074553548936
22,29,70.22942505297216,177.7452047613954,22,0.5,513,2024-08-06 13:50:00,2024-08-06 13:50:00,14.538726023806978,52.20114712526486,88,case1,DOM01,16.597532142797164
22,30,78.22784647444944,169.42267450589443,8,0.5,514,2024-08-06 13:50:00,2024-08-06 13:50:00,14.497113372529471,52.24113923237225,458,case1,DOM01,86.38261047046706
22,31,97.45845616875391,178.72955885238477,17,0.5,515,2024-08-06 13:50:00,2024-08-06 13:50:00,14.543647794261924,52.33729228084377,284,case1,DOM01,53.56476282448176
22,32,102.00120967090416,125.62951360027002,17,0.5,516,2024-08-06 13:50:00,2024-08-06 13:50:00,14.27814756800135,52.36000604835452,183,case1,DOM01,34.51532252422592
22,33,107.97164537661763,90.26463398773667,13,0.5,517,2024-08-06 13:50:00,2024-08-06 13:50:00,14.101323169938683,52.38985822688309,408,case1,DOM01,76.9521944802414
22,34,124.61802248763037,152.8008782860808,5,0.5,518,2024-08-06 13:50:00,2024-08-06 13:50:00,14.414004391430405,52.47309011243815,36,case1,DOM01,6.789899512962477
22,36,128.6924343262802,156.09948816807952,14,0.5,519,2024-08-06 13:50:00,2024-08-06 13:50:00,14.430497440840398,52.4934621716314,319,case1,DOM01,60.16605401763972
23,4,32.601525507638804,103.0532844424372,16,0.3,520,2024-08-06 13:55:00,2024-08-06 13:55:00,14.165266422212186,52.013007627538194,19,case1,DOM01,3.5835580762857515
23,5,51.18346605878241,121.70714487705541,63,0.3,521,2024-08-06 13:55:00,2024-08-06 13:55:00,14.258535724385277,52.10591733029391,128,case1,DOM01,24.141864934977697
23,6,50.45863833340089,157.25969005656682,25,0.3,522,2024-08-06 13:55:00,2024-08-06 13:55:00,14.436298450282834,52.102293191667,67,case1,DOM01,12.636757426902387
23,7,49.236941837890306,172.89445073612683,5,0.3,523,2024-08-06 13:55:00,2024-08-06 13:55:00,14.514472253680635,52.09618470918945,29,case1,DOM01,5.469641274330884
23,8,62.043360399784454,139.57446411087992,56,0.3,524,2024-08-06 13:55:00,2024-08-06 13:55:00,14.3478723205544,52.16021680199892,95,case1,DOM01,17.91779038142876
23,9,64.13181968935957,12.54870487081733,13,0.3,525,2024-08-06 13:55:00,2024-08-06 13:55:00,13.712743524354087,52.1706590984468,52,case1,DOM01,9.80763262983469
23,10,67.28932222066526,157.06177683375347,127,0.3,526,2024-08-06 13:55:00,2024-08-06 13:55:00,14.435308884168768,52.18644661110333,187,case1,DOM01,35.26975580344398
23,12,68.55704830572107,0.8481955481639294,6,0.3,527,2024-08-06 13:55:00,2024-08-06 13:55:00,13.65424097774082,52.192785241528604,19,case1,DOM01,3.5835580762857515
23,13,72.55748319719123,46.06796896409871,6,0.3,528,2024-08-06 13:55:00,2024-08-06 13:55:00,13.880339844820494,52.21278741598596,25,case1,DOM01,4.715207995112831
23,14,74.69242471173229,149.16196028410536,14,0.3,529,2024-08-06 13:55:00,2024-08-06 13:55:00,14.395809801420526,52.22346212355866,43,case1,DOM01,8.11015775159407
23,15,78.33712227627584,170.17474160559237,58,0.3,530,2024-08-06 13:55:00,2024-08-06 13:55:00,14.500873708027962,52.24168561138138,113,case1,DOM01,21.312740137909998
23,17,105.04745205762383,98.82670593062763,258,0.3,531,2024-08-06 13:55:00,2024-08-06 13:55:00,14.144133529653137,52.37523726028812,392,case1,DOM01,73.9344613633692
23,19,107.43963009125916,29.020095445714652,11,0.3,532,2024-08-06 13:55:00,2024-08-06 13:55:00,13.795100477228573,52.38719815045629,37,case1,DOM01,6.97850783276699
23,20,111.53176931718141,47.28142451728446,146,0.3,533,2024-08-06 13:55:00,2024-08-06 13:55:00,13.886407122586423,52.4076588465859,196,case1,DOM01,36.9672306816846
23,21,108.65924573041845,63.30237378718924,5,0.3,534,2024-08-06 13:55:00,2024-08-06 13:55:00,13.966511868935946,52.3932962286521,15,case1,DOM01,2.8291247970676987
23,23,131.59183751426997,9.779380189378037,71,0.3,535,2024-08-06 13:55:00,2024-08-06 13:55:00,13.69889690094689,52.50795918757135,108,case1,DOM01,20.36969853888743
23,24,137.39928174687708,129.6964741327635,33,0.3,536,2024-08-06 13:55:00,2024-08-06 13:55:00,14.298482370663818,52.53699640873438,89,case1,DOM01,16.78614046260168
23,26,139.3215927894977,150.2982868764111,26,0.3,537,2024-08-06 13:55:00,2024-08-06 13:55:00,14.401491434382056,52.54660796394749,58,case1,DOM01,10.939282548661769
23,27,137.99174789418217,165.2216705966472,36,0.3,538,2024-08-06 13:55:00,2024-08-06 13:55:00,14.476108352983236,52.53995873947091,74,case1,DOM01,13.95701566553398
23,29,139.72796053791086,138.1745374615746,6,0.3,539,2024-08-06 13:55:00,2024-08-06 13:55:00,14.340872687307874,52.54863980268955,15,case1,DOM01,2.8291247970676987
23,33,71.90810256507001,179.67008352597242,5,0.5,540,2024-08-06 13:55:00,2024-08-06 13:55:00,14.548350417629862,52.20954051282535,96,case1,DOM01,18.10639870123327
23,34,97.8439163805966,177.33535671505444,28,0.5,541,2024-08-06 13:55:00,2024-08-06 13:55:00,14.536676783575272,52.33921958190299,261,case1,DOM01,49.22677146897796
23,35,102.38365312827814,123.45700802978803,6,0.5,542,2024-08-06 13:55:00,2024-08-06 13:55:00,14.26728504014894,52.36191826564139,186,case1,DOM01,35.08114748363946
23,38,128.3706938099843,155.54495791467355,14,0.5,543,2024-08-06 13:55:00,2024-08-06 13:55:00,14.427724789573368,52.49185346904992,313,case1,DOM01,59.034404098812644
24,3,34.05396341873386,102.41898548068271,9,0.3,544,2024-08-06 14:00:00,2024-08-06 14:00:00,14.162094927403414,52.02026981709367,16,case1,DOM01,3.017733116872212
24,4,48.69039388222217,174.03297645749896,12,0.3,545,2024-08-06 14:00:00,2024-08-06 14:00:00,14.520164882287494,52.09345196941111,32,case1,DOM01,6.035466233744424
24,5,51.187318558147744,123.13610607353117,41,0.3,546,2024-08-06 14:00:00,2024-08-06 14:00:00,14.265680530367657,52.105936592790734,92,case1,DOM01,17.35196542201522
24,6,51.65038535632153,158.63575129390415,16,0.3,547,2024-08-06 14:00:00,2024-08-06 14:00:00,14.443178756469521,52.108251926781605,52,case1,DOM01,9.80763262983469
24,7,53.70364736578873,116.86923380382763,8,0.3,548,2024-08-06 14:00:00,2024-08-06 14:00:00,14.234346169019137,52.11851823682894,27,case1,DOM01,5.092424634721858
24,8,62.483020339639,140.14016611921818,79,0.3,549,2024-08-06 14:00:00,2024-08-06 14:00:00,14.350700830596091,52.162415101698194,112,case1,DOM01,21.124131818105482
24,9,64.9567162684447,10.979499306396864,12,0.3,550,2024-08-06 14:00:00,2024-08-06 14:00:00,13.704897496531984,52.17478358134222,39,case1,DOM01,7.355724472376017
24,10,68.60512905056835,157.87757850049692,64,0.3,551,2024-08-06 14:00:00,2024-08-06 14:00:00,14.439387892502484,52.19302564525284,117,case1,DOM01,22.06717341712805
24,11,70.63203733868527,176.85083663485804,85,0.3,552,2024-08-06 14:00:00,2024-08-06 14:00:00,14.53425418317429,52.203160186693424,106,case1,DOM01,19.992481899278403
24,12,70.44717720814154,0.40148091137551545,6,0.3,553,2024-08-06 14:00:00,2024-08-06 14:00:00,13.652007404556878,52.20223588604071,24,case1,DOM01,4.526599675308318
24,14,76.93477001929526,146.09289533287503,15,0.3,554,2024-08-06 14:00:00,2024-08-06 14:00:00,14.380464476664375,52.23467385009648,37,case1,DOM01,6.97850783276699
24,15,78.88828229371059,170.48957670555464,48,0.3,555,2024-08-06 14:00:00,2024-08-06 14:00:00,14.502447883527774,52.24444141146855,68,case1,DOM01,12.8253657467069
24,17,96.79943587207732,116.32086263250133,48,0.3,556,2024-08-06 14:00:00,2024-08-06 14:00:00,14.231604313162507,52.33399717936039,76,case1,DOM01,14.334232305143006
24,19,105.71372448787167,107.00561560082367,43,0.3,557,2024-08-06 14:00:00,2024-08-06 14:00:00,14.18502807800412,52.37856862243936,99,case1,DOM01,18.67222366064681
24,20,108.88897667532962,89.31703964570802,124,0.3,558,2024-08-06 14:00:00,2024-08-06 14:00:00,14.09658519822854,52.39444488337665,190,case1,DOM01,35.83558076285752
24,23,132.81068670432893,10.085978037811895,59,0.3,559,2024-08-06 14:00:00,2024-08-06 14:00:00,13.700429890189058,52.514053433521646,107,case1,DOM01,20.18109021908292
24,24,139.63902066247996,151.98053157604178,14,0.3,560,2024-08-06 14:00:00,2024-08-06 14:00:00,14.40990265788021,52.5481951033124,91,case1,DOM01,17.163357102210703
24,25,139.06563417431596,167.74802578658708,18,0.3,561,2024-08-06 14:00:00,2024-08-06 14:00:00,14.488740128932935,52.54532817087158,54,case1,DOM01,10.184849269443715
24,27,97.64295346291891,177.56855031825643,36,0.5,562,2024-08-06 14:00:00,2024-08-06 14:00:00,14.537842751591283,52.3382147673146,247,case1,DOM01,46.58625499171477
24,29,105.54785078880224,123.47707698842326,5,0.5,563,2024-08-06 14:00:00,2024-08-06 14:00:00,14.267385384942116,52.377739253944014,215,case1,DOM01,40.550788757970345
24,31,113.51778424281011,45.633334905377666,7,0.5,564,2024-08-06 14:00:00,2024-08-06 14:00:00,13.87816667452689,52.41758892121405,212,case1,DOM01,39.984963798556805
24,33,128.73636617634753,176.50427027121873,8,0.5,565,2024-08-06 14:00:00,2024-08-06 14:00:00,14.532521351356094,52.493681830881734,314,case1,DOM01,59.22301241861716
25,3,47.89549392950958,173.14426861302516,6,0.3,566,2024-08-06 14:05:00,2024-08-06 14:05:00,14.515721343065126,52.08947746964755,30,case1,DOM01,5.658249594135397
25,4,52.73661286578023,120.53547227686958,61,0.3,567,2024-08-06 14:05:00,2024-08-06 14:05:00,14.252677361384348,52.1136830643289,112,case1,DOM01,21.124131818105482
25,5,52.326916567923725,156.91242092819567,15,0.3,568,2024-08-06 14:05:00,2024-08-06 14:05:00,14.434562104640978,52.11163458283962,41,case1,DOM01,7.732941111985043
25,6,62.939911689772345,141.2082277749282,72,0.3,569,2024-08-06 14:05:00,2024-08-06 14:05:00,14.356041138874641,52.16469955844886,119,case1,DOM01,22.444390056737078
25,7,72.29722562821325,176.93845172748325,87,0.3,570,2024-08-06 14:05:00,2024-08-06 14:05:00,14.534692258637417,52.21148612814107,107,case1,DOM01,20.18109021908292
25,8,67.62070312477968,5.376907075716116,10,0.3,571,2024-08-06 14:05:00,2024-08-06 14:05:00,13.676884535378582,52.1881035156239,40,case1,DOM01,7.54433279218053
25,9,69.5004823553376,159.68404991878958,26,0.3,572,2024-08-06 14:05:00,2024-08-06 14:05:00,14.448420249593948,52.19750241177669,57,case1,DOM01,10.750674228857255
25,10,71.6214599587377,0.5670619124924249,11,0.3,573,2024-08-06 14:05:00,2024-08-06 14:05:00,13.652835309562462,52.20810729979369,21,case1,DOM01,3.9607747158947784
25,11,76.10787826258426,44.685472473661996,18,0.3,574,2024-08-06 14:05:00,2024-08-06 14:05:00,13.873427362368309,52.23053939131292,40,case1,DOM01,7.54433279218053
25,12,77.48528044687617,145.7218566678141,23,0.3,575,2024-08-06 14:05:00,2024-08-06 14:05:00,14.37860928333907,52.237426402234384,41,case1,DOM01,7.732941111985043
25,13,79.68249917524822,171.75511003954372,34,0.3,576,2024-08-06 14:05:00,2024-08-06 14:05:00,14.508775550197718,52.24841249587624,55,case1,DOM01,10.373457589248229
25,14,81.04507968959054,11.211587542938133,14,0.3,577,2024-08-06 14:05:00,2024-08-06 14:05:00,13.706057937714691,52.255225398447955,34,case1,DOM01,6.41268287335345
25,16,103.81159056998737,124.15989073763737,227,0.3,578,2024-08-06 14:05:00,2024-08-06 14:05:00,14.270799453688186,52.369057952849936,322,case1,DOM01,60.73187897705326
25,17,110.52861847478067,86.81636303363976,100,0.3,579,2024-08-06 14:05:00,2024-08-06 14:05:00,14.084081815168199,52.4026430923739,198,case1,DOM01,37.34444732129362
25,18,108.68424566430944,26.59924621087901,9,0.3,580,2024-08-06 14:05:00,2024-08-06 14:05:00,13.782996231054394,52.39342122832155,42,case1,DOM01,7.921549431789557
25,20,109.06112350040678,103.8402743729664,19,0.3,581,2024-08-06 14:05:00,2024-08-06 14:05:00,14.169201371864832,52.39530561750204,74,case1,DOM01,13.95701566553398
25,22,135.35122564841134,4.824163693855384,47,0.3,582,2024-08-06 14:05:00,2024-08-06 14:05:00,13.674120818469277,52.526756128242056,107,case1,DOM01,20.18109021908292
25,23,140.0,169.7556660490051,6,0.3,583,2024-08-06 14:05:00,2024-08-06 14:05:00,14.498778330245026,52.55,41,case1,DOM01,7.732941111985043
25,25,97.71859080483792,177.94439378958495,32,0.5,584,2024-08-06 14:05:00,2024-08-06 14:05:00,14.539721968947926,52.33859295402419,260,case1,DOM01,49.03816314917345
25,26,115.88889953373793,44.26340198287884,24,0.5,585,2024-08-06 14:05:00,2024-08-06 14:05:00,13.871317009914394,52.42944449766869,214,case1,DOM01,40.36218043816584
25,27,128.25199509977477,178.44687633265877,7,0.5,586,2024-08-06 14:05:00,2024-08-06 14:05:00,14.542234381663294,52.49125997549888,348,case1,DOM01,65.6356952919706
26,3,0.5918806877164638,123.46881721902295,7,0.3,587,2024-08-06 14:10:00,2024-08-06 14:10:00,14.267344086095115,51.85295940343858,17,case1,DOM01,3.206341436676725
26,5,54.18386680875953,118.7174498641226,78,0.3,588,2024-08-06 14:10:00,2024-08-06 14:10:00,14.243587249320612,52.1209193340438,124,case1,DOM01,23.387431655759645
26,7,63.070899407905515,141.16838011131512,82,0.3,589,2024-08-06 14:10:00,2024-08-06 14:10:00,14.355841900556577,52.16535449703953,122,case1,DOM01,23.010215016150617
26,8,71.18028152962407,1.8467542952098221,29,0.3,590,2024-08-06 14:10:00,2024-08-06 14:10:00,13.65923377147605,52.20590140764812,56,case1,DOM01,10.562065909052741
26,9,74.25195230254404,177.36490554943057,62,0.3,591,2024-08-06 14:10:00,2024-08-06 14:10:00,14.536824527747154,52.22125976151272,88,case1,DOM01,16.597532142797164
26,10,70.75493800327162,161.2676654289725,5,0.3,592,2024-08-06 14:10:00,2024-08-06 14:10:00,14.456338327144863,52.20377469001636,26,case1,DOM01,4.903816314917345
26,11,75.79833523822506,43.9587911207971,18,0.3,593,2024-08-06 14:10:00,2024-08-06 14:10:00,13.869793955603985,52.22899167619112,51,case1,DOM01,9.619024310030175
26,12,78.41146712791344,169.76355994790728,7,0.3,594,2024-08-06 14:10:00,2024-08-06 14:10:00,14.498817799739536,52.242057335639565,19,case1,DOM01,3.5835580762857515
26,13,79.3081510818733,144.81847933588418,19,0.3,595,2024-08-06 14:10:00,2024-08-06 14:10:00,14.374092396679421,52.24654075540936,44,case1,DOM01,8.298766071398582
26,14,81.71956433836888,12.012252062466539,31,0.3,596,2024-08-06 14:10:00,2024-08-06 14:10:00,13.710061260312333,52.25859782169184,49,case1,DOM01,9.24180767042115
26,18,104.27666258510253,121.51368437548552,146,0.3,597,2024-08-06 14:10:00,2024-08-06 14:10:00,14.257568421877428,52.37138331292551,253,case1,DOM01,47.71790491054185
26,19,103.58642166722242,136.23870135993593,6,0.3,598,2024-08-06 14:10:00,2024-08-06 14:10:00,14.33119350679968,52.36793210833611,68,case1,DOM01,12.8253657467069
26,20,111.63573286552153,84.21433029094837,69,0.3,599,2024-08-06 14:10:00,2024-08-06 14:10:00,14.071071651454742,52.40817866432761,232,case1,DOM01,43.757130194647075
26,23,131.17193976817933,160.54127357303406,262,0.3,600,2024-08-06 14:10:00,2024-08-06 14:10:00,14.45270636786517,52.5058596988409,367,case1,DOM01,69.21925336825636
26,24,135.9783337417618,3.5743339694716836,44,0.3,601,2024-08-06 14:10:00,2024-08-06 14:10:00,13.667871669847358,52.52989166870881,96,case1,DOM01,18.10639870123327
26,26,98.8253388781371,177.33228436967278,17,0.5,602,2024-08-06 14:10:00,2024-08-06 14:10:00,14.536661421848365,52.34412669439069,233,case1,DOM01,43.945738514451584
26,27,116.69819669736289,42.30741796876192,10,0.5,603,2024-08-06 14:10:00,2024-08-06 14:10:00,13.861537089843809,52.43349098348681,208,case1,DOM01,39.23053051933876
27,3,54.896118004247924,118.25300379508548,82,0.3,604,2024-08-06 14:15:00,2024-08-06 14:15:00,14.241265018975428,52.12448059002124,116,case1,DOM01,21.878565097323538
27,4,63.4434974887817,141.57038328615718,86,0.3,605,2024-08-06 14:15:00,2024-08-06 14:15:00,14.357851916430786,52.16721748744391,126,case1,DOM01,23.76464829536867
27,5,72.40640964609209,2.2209759007635066,34,0.3,606,2024-08-06 14:15:00,2024-08-06 14:15:00,13.661104879503817,52.21203204823046,45,case1,DOM01,8.487374391203096
27,6,76.63505535346326,178.2342507524887,32,0.3,607,2024-08-06 14:15:00,2024-08-06 14:15:00,14.541171253762444,52.23317527676731,51,case1,DOM01,9.619024310030175
27,7,76.11812710807806,43.28046959007732,18,0.3,608,2024-08-06 14:15:00,2024-08-06 14:15:00,13.866402347950386,52.23059063554039,40,case1,DOM01,7.54433279218053
27,8,79.9966678926175,142.1491055081876,18,0.3,609,2024-08-06 14:15:00,2024-08-06 14:15:00,14.360745527540937,52.249983339463085,48,case1,DOM01,9.053199350616635
27,9,82.21964514313146,10.990585368348112,37,0.3,610,2024-08-06 14:15:00,2024-08-06 14:15:00,13.70495292684174,52.261098225715656,55,case1,DOM01,10.373457589248229
27,10,80.56363970759291,43.77225285080725,8,0.3,611,2024-08-06 14:15:00,2024-08-06 14:15:00,13.868861264254036,52.252818198537966,20,case1,DOM01,3.772166396090265
27,11,81.26524394160735,127.04641013686424,13,0.3,612,2024-08-06 14:15:00,2024-08-06 14:15:00,14.285232050684321,52.256326219708036,48,case1,DOM01,9.053199350616635
27,12,98.75673852712902,176.1744587463675,146,0.3,613,2024-08-06 14:15:00,2024-08-06 14:15:00,14.530872293731838,52.34378369263565,236,case1,DOM01,44.51156347386513
27,13,105.00002279660119,117.95592944109934,68,0.3,614,2024-08-06 14:15:00,2024-08-06 14:15:00,14.239779647205497,52.375000113983006,147,case1,DOM01,27.725423011263448
27,16,106.2104837683869,131.00401696334802,40,0.3,615,2024-08-06 14:15:00,2024-08-06 14:15:00,14.30502008481674,52.38105241884194,113,case1,DOM01,21.312740137909998
27,17,111.58475998421774,79.27344841023925,56,0.3,616,2024-08-06 14:15:00,2024-08-06 14:15:00,14.046367242051197,52.407923799921086,138,case1,DOM01,26.027948133022825
27,20,136.13537172912706,4.491888369319525,60,0.3,617,2024-08-06 14:15:00,2024-08-06 14:15:00,13.672459441846598,52.530676858645634,94,case1,DOM01,17.729182061624243
27,21,140.0,25.592357032607797,8,0.3,618,2024-08-06 14:15:00,2024-08-06 14:15:00,13.777961785163038,52.55,18,case1,DOM01,3.3949497564812385
27,25,116.60294380058656,38.226330745531335,10,0.5,619,2024-08-06 14:15:00,2024-08-06 14:15:00,13.841131653727656,52.433014719002934,228,case1,DOM01,43.00269691542902
27,27,133.95899803769166,145.53452686759124,20,0.5,620,2024-08-06 14:15:00,2024-08-06 14:15:00,14.377672634337957,52.51979499018846,358,case1,DOM01,67.52177849001575
28,3,56.03808559238269,115.83600807235348,96,0.3,621,2024-08-06 14:20:00,2024-08-06 14:20:00,14.229180040361769,52.130190427961914,140,case1,DOM01,26.405164772631853
28,4,63.001514292840156,142.10437892555942,79,0.3,622,2024-08-06 14:20:00,2024-08-06 14:20:00,14.360521894627796,52.1650075714642,119,case1,DOM01,22.444390056737078
28,5,73.62774635138537,2.5033809986213744,35,0.3,623,2024-08-06 14:20:00,2024-08-06 14:20:00,13.662516904993108,52.21813873175693,44,case1,DOM01,8.298766071398582
28,6,77.58115642086997,178.23460730439004,32,0.3,624,2024-08-06 14:20:00,2024-08-06 14:20:00,14.54117303652195,52.23790578210435,45,case1,DOM01,8.487374391203096
28,7,78.51256974774745,42.299832554194786,25,0.3,625,2024-08-06 14:20:00,2024-08-06 14:20:00,13.861499162770974,52.242562848738736,74,case1,DOM01,13.95701566553398
28,8,83.06580852148849,10.965706574361962,48,0.3,626,2024-08-06 14:20:00,2024-08-06 14:20:00,13.70482853287181,52.26532904260744,74,case1,DOM01,13.95701566553398
28,9,82.0404241625241,140.01137743032714,21,0.3,627,2024-08-06 14:20:00,2024-08-06 14:20:00,14.350056887151636,52.26020212081262,47,case1,DOM01,8.864591030812122
28,10,83.28393555302549,124.00958224538837,13,0.3,628,2024-08-06 14:20:00,2024-08-06 14:20:00,14.270047911226941,52.26641967776513,54,case1,DOM01,10.184849269443715
28,13,99.45768630520192,175.17584041186163,140,0.3,629,2024-08-06 14:20:00,2024-08-06 14:20:00,14.525879202059308,52.34728843152601,263,case1,DOM01,49.60398810858698
28,14,105.07831546511994,117.18469167703168,69,0.3,630,2024-08-06 14:20:00,2024-08-06 14:20:00,14.235923458385159,52.3753915773256,135,case1,DOM01,25.462123173609285
28,15,103.70730842244639,83.9568652943877,10,0.3,631,2024-08-06 14:20:00,2024-08-06 14:20:00,14.06978432647194,52.36853654211223,20,case1,DOM01,3.772166396090265
28,16,107.48336585715683,133.54779395638425,28,0.3,632,2024-08-06 14:20:00,2024-08-06 14:20:00,14.31773896978192,52.38741682928578,83,case1,DOM01,15.6544905437746
28,17,111.35381922515965,77.37934826267598,51,0.3,633,2024-08-06 14:20:00,2024-08-06 14:20:00,14.036896741313381,52.4067690961258,109,case1,DOM01,20.558306858691942
28,19,116.87039252009046,41.33920650195153,207,0.3,634,2024-08-06 14:20:00,2024-08-06 14:20:00,13.856696032509758,52.43435196260045,249,case1,DOM01,46.9634716313238
28,21,130.44371263930918,174.49783892912802,87,0.3,635,2024-08-06 14:20:00,2024-08-06 14:20:00,14.52248919464564,52.50221856319655,125,case1,DOM01,23.576039975564157
28,23,134.87667693423373,11.828639688439072,8,0.3,636,2024-08-06 14:20:00,2024-08-06 14:20:00,13.709143198442195,52.52438338467117,17,case1,DOM01,3.206341436676725
28,24,138.12753575757495,3.553430737383419,32,0.3,637,2024-08-06 14:20:00,2024-08-06 14:20:00,13.667767153686917,52.540637678787874,62,case1,DOM01,11.693715827879823
28,25,140.0,25.630560919735835,7,0.3,638,2024-08-06 14:20:00,2024-08-06 14:20:00,13.77815280459868,52.55,19,case1,DOM01,3.5835580762857515
28,29,134.93874032565768,146.17707374325695,25,0.5,639,2024-08-06 14:20:00,2024-08-06 14:20:00,14.380885368716285,52.52469370162829,209,case1,DOM01,39.419138839143265
29,3,57.54977843682901,114.55386152372904,119,0.3,640,2024-08-06 14:25:00,2024-08-06 14:25:00,14.222769307618645,52.13774889218414,165,case1,DOM01,31.120372767744687
29,4,64.05500420962956,141.64532499954518,63,0.3,641,2024-08-06 14:25:00,2024-08-06 14:25:00,14.358226624997725,52.17027502104815,106,case1,DOM01,19.992481899278403
29,5,74.40502480284616,2.679220030202037,25,0.3,642,2024-08-06 14:25:00,2024-08-06 14:25:00,13.663396100151012,52.22202512401423,35,case1,DOM01,6.601291193157963
29,6,79.1674241678834,178.65684730793714,27,0.3,643,2024-08-06 14:25:00,2024-08-06 14:25:00,14.543284236539685,52.24583712083942,34,case1,DOM01,6.41268287335345
29,7,80.41325051026382,41.63632827639049,36,0.3,644,2024-08-06 14:25:00,2024-08-06 14:25:00,13.858181641381952,52.25206625255132,70,case1,DOM01,13.202582386315926
29,8,83.82966473334379,10.768207121753779,57,0.3,645,2024-08-06 14:25:00,2024-08-06 14:25:00,13.703841035608768,52.26914832366672,87,case1,DOM01,16.40892382299265
29,10,81.7578288083815,130.61791761039197,10,0.3,646,2024-08-06 14:25:00,2024-08-06 14:25:00,14.303089588051959,52.258789144041906,39,case1,DOM01,7.355724472376017
29,11,83.20364245179736,137.78137105637833,39,0.3,647,2024-08-06 14:25:00,2024-08-06 14:25:00,14.338906855281891,52.266018212258984,58,case1,DOM01,10.939282548661769
29,12,84.52513373741479,124.28614373920895,17,0.3,648,2024-08-06 14:25:00,2024-08-06 14:25:00,14.271430718696045,52.27262566868708,38,case1,DOM01,7.167116152571503
29,13,100.38687546157107,174.74648455633246,169,0.3,649,2024-08-06 14:25:00,2024-08-06 14:25:00,14.523732422781663,52.351934377307856,268,case1,DOM01,50.547029707609546
29,14,106.49303160484789,116.64508509865425,73,0.3,650,2024-08-06 14:25:00,2024-08-06 14:25:00,14.233225425493272,52.38246515802424,110,case1,DOM01,20.746915178496458
29,15,104.27593635391435,83.95095827030075,5,0.3,651,2024-08-06 14:25:00,2024-08-06 14:25:00,14.069754791351503,52.37137968176957,21,case1,DOM01,3.9607747158947784
29,16,108.4331728741801,134.5293247447124,34,0.3,652,2024-08-06 14:25:00,2024-08-06 14:25:00,14.322646623723562,52.3921658643709,103,case1,DOM01,19.426656939864863
29,18,112.88347675406607,74.6015249559153,12,0.3,653,2024-08-06 14:25:00,2024-08-06 14:25:00,14.023007624779577,52.41441738377033,108,case1,DOM01,20.36969853888743
29,22,140.0,21.040824162857817,7,0.3,654,2024-08-06 14:25:00,2024-08-06 14:25:00,13.75520412081429,52.55,17,case1,DOM01,3.206341436676725
29,24,119.48352858287389,37.42029070048298,7,0.5,655,2024-08-06 14:25:00,2024-08-06 14:25:00,13.837101453502415,52.447417642914374,255,case1,DOM01,48.09512155015088
29,25,131.3321073769373,174.6568169080344,5,0.5,656,2024-08-06 14:25:00,2024-08-06 14:25:00,14.523284084540173,52.50666053688469,117,case1,DOM01,22.06717341712805
29,26,135.36764758476795,146.61339614045067,49,0.5,657,2024-08-06 14:25:00,2024-08-06 14:25:00,14.383066980702253,52.52683823792384,214,case1,DOM01,40.36218043816584
30,3,12.014273398394247,53.60623264868213,22,0.3,658,2024-08-06 14:30:00,2024-08-06 14:30:00,13.91803116324341,51.91007136699197,49,case1,DOM01,9.24180767042115
30,4,58.66000988562137,113.94718749494594,109,0.3,659,2024-08-06 14:30:00,2024-08-06 14:30:00,14.21973593747473,52.143300049428106,166,case1,DOM01,31.3089810875492
30,5,64.59240564499208,141.72046288491765,65,0.3,660,2024-08-06 14:30:00,2024-08-06 14:30:00,14.358602314424587,52.17296202822496,109,case1,DOM01,20.558306858691942
30,7,80.08147472014078,179.16354660465822,14,0.3,661,2024-08-06 14:30:00,2024-08-06 14:30:00,14.545817733023291,52.2504073736007,19,case1,DOM01,3.5835580762857515
30,8,82.49866524617134,41.341371441749644,38,0.3,662,2024-08-06 14:30:00,2024-08-06 14:30:00,13.856706857208748,52.26249332623085,73,case1,DOM01,13.768407345729466
30,9,80.36381491470178,122.58888849325966,6,0.3,663,2024-08-06 14:30:00,2024-08-06 14:30:00,14.2629444424663,52.25181907457351,14,case1,DOM01,2.6405164772631853
30,10,84.73615760158691,10.399208742463212,63,0.3,664,2024-08-06 14:30:00,2024-08-06 14:30:00,13.701996043712315,52.27368078800794,108,case1,DOM01,20.36969853888743
30,11,84.12675543323178,134.82855185051383,89,0.3,665,2024-08-06 14:30:00,2024-08-06 14:30:00,14.324142759252569,52.27063377716616,139,case1,DOM01,26.21655645282734
30,12,100.17597648816937,175.0980695157308,116,0.3,666,2024-08-06 14:30:00,2024-08-06 14:30:00,14.525490347578653,52.35087988244085,174,case1,DOM01,32.8178476459853
30,13,108.20317669190608,115.96499802054527,62,0.3,667,2024-08-06 14:30:00,2024-08-06 14:30:00,14.229824990102728,52.39101588345953,105,case1,DOM01,19.80387357947389
30,14,102.04682495127513,146.4203710121176,18,0.3,668,2024-08-06 14:30:00,2024-08-06 14:30:00,14.382101855060588,52.360234124756374,47,case1,DOM01,8.864591030812122
30,15,109.27032501343902,134.71299595248385,47,0.3,669,2024-08-06 14:30:00,2024-08-06 14:30:00,14.323564979762418,52.3963516250672,97,case1,DOM01,18.295007021037783
30,16,112.41731976281494,176.86698914576957,47,0.3,670,2024-08-06 14:30:00,2024-08-06 14:30:00,14.534334945728848,52.41208659881407,92,case1,DOM01,17.35196542201522
30,17,110.50281591256338,76.31941986034721,9,0.3,671,2024-08-06 14:30:00,2024-08-06 14:30:00,14.031597099301736,52.40251407956281,77,case1,DOM01,14.52284062494752
30,18,117.8921067595785,37.75248402492282,194,0.3,672,2024-08-06 14:30:00,2024-08-06 14:30:00,13.838762420124613,52.43946053379789,259,case1,DOM01,48.849554829368934
30,19,119.85893619650294,17.484191426696267,5,0.3,673,2024-08-06 14:30:00,2024-08-06 14:30:00,13.737420957133482,52.44929468098252,20,case1,DOM01,3.772166396090265
30,20,121.00016180421214,87.8855933178033,6,0.3,674,2024-08-06 14:30:00,2024-08-06 14:30:00,14.089427966589016,52.45500080902106,33,case1,DOM01,6.224074553548936
30,21,131.35163084831282,176.07955045196812,48,0.3,675,2024-08-06 14:30:00,2024-08-06 14:30:00,14.53039775225984,52.50675815424157,91,case1,DOM01,17.163357102210703
30,23,139.9044939187399,19.624951929144864,8,0.3,676,2024-08-06 14:30:00,2024-08-06 14:30:00,13.748124759645725,52.5495224695937,19,case1,DOM01,3.5835580762857515
30,25,136.90405830030005,150.00678463109955,51,0.5,677,2024-08-06 14:30:00,2024-08-06 14:30:00,14.400033923155497,52.5345202915015,201,case1,DOM01,37.91027228070717
31,3,11.693221819211423,53.68559362259676,14,0.3,678,2024-08-06 14:35:00,2024-08-06 14:35:00,13.918427968112985,51.908466109096054,54,case1,DOM01,10.184849269443715
31,4,59.16829766059935,114.43833695645039,111,0.3,679,2024-08-06 14:35:00,2024-08-06 14:35:00,14.222191684782253,52.145841488303,180,case1,DOM01,33.94949756481238
31,5,65.45952586068218,141.76544691163016,76,0.3,680,2024-08-06 14:35:00,2024-08-06 14:35:00,14.35882723455815,52.17729762930341,112,case1,DOM01,21.124131818105482
31,7,80.48043360899786,178.89138268294627,14,0.3,681,2024-08-06 14:35:00,2024-08-06 14:35:00,14.54445691341473,52.25240216804499,21,case1,DOM01,3.9607747158947784
31,8,83.30485044134856,40.66936759926093,41,0.3,682,2024-08-06 14:35:00,2024-08-06 14:35:00,13.853346837996305,52.26652425220674,60,case1,DOM01,11.316499188270795
31,11,84.52987081946223,134.34100477075415,88,0.3,683,2024-08-06 14:35:00,2024-08-06 14:35:00,14.32170502385377,52.27264935409731,189,case1,DOM01,35.646972443053
31,12,85.64817550597473,7.698912287423172,33,0.3,684,2024-08-06 14:35:00,2024-08-06 14:35:00,13.688494561437116,52.278240877529875,65,case1,DOM01,12.259540787293362
31,13,84.4584559887326,15.678398075607147,11,0.3,685,2024-08-06 14:35:00,2024-08-06 14:35:00,13.728391990378036,52.27229227994366,40,case1,DOM01,7.54433279218053
31,15,101.10540728957778,117.86030101533919,11,0.3,686,2024-08-06 14:35:00,2024-08-06 14:35:00,14.239301505076696,52.35552703644789,39,case1,DOM01,7.355724472376017
31,16,103.65090480723494,144.63529252420176,35,0.3,687,2024-08-06 14:35:00,2024-08-06 14:35:00,14.373176462621009,52.368254524036175,66,case1,DOM01,12.448149107097873
31,17,110.58475974923486,115.42614504781383,52,0.3,688,2024-08-06 14:35:00,2024-08-06 14:35:00,14.22713072523907,52.40292379874617,77,case1,DOM01,14.52284062494752
31,18,109.77433515813824,134.66395628471062,49,0.3,689,2024-08-06 14:35:00,2024-08-06 14:35:00,14.323319781423553,52.398871675790694,77,case1,DOM01,14.52284062494752
31,19,114.80680080845315,176.85048243457965,52,0.3,690,2024-08-06 14:35:00,2024-08-06 14:35:00,14.534252412172899,52.42403400404226,95,case1,DOM01,17.91779038142876
31,20,119.28428219263786,36.12029230427018,182,0.3,691,2024-08-06 14:35:00,2024-08-06 14:35:00,13.83060146152135,52.44642141096319,259,case1,DOM01,48.849554829368934
31,24,131.6233184068934,178.12321695131587,22,0.3,692,2024-08-06 14:35:00,2024-08-06 14:35:00,14.54061608475658,52.50811659203447,66,case1,DOM01,12.448149107097873
31,26,139.88770040869022,19.634949136400785,9,0.3,693,2024-08-06 14:35:00,2024-08-06 14:35:00,13.748174745682004,52.54943850204345,16,case1,DOM01,3.017733116872212
31,29,100.48497140256796,175.4405110954467,5,0.5,694,2024-08-06 14:35:00,2024-08-06 14:35:00,14.527202555477233,52.35242485701284,178,case1,DOM01,33.57228092520336
31,30,134.70613954344626,149.93871834601538,6,0.5,695,2024-08-06 14:35:00,2024-08-06 14:35:00,14.399693591730077,52.523530697717234,53,case1,DOM01,9.996240949639201
31,31,136.22358401315964,142.73458109397507,6,0.5,696,2024-08-06 14:35:00,2024-08-06 14:35:00,14.363672905469876,52.531117920065796,60,case1,DOM01,11.316499188270795
31,32,137.92786045849795,156.90361199810755,21,0.5,697,2024-08-06 14:35:00,2024-08-06 14:35:00,14.434518059990538,52.539639302292485,86,case1,DOM01,16.22031550318814
32,4,51.17483991948987,159.3844210315722,6,0.3,698,2024-08-06 14:40:00,2024-08-06 14:40:00,14.446922105157862,52.105874199597444,23,case1,DOM01,4.337991355503805
32,5,60.18433668442707,115.83306529154903,94,0.3,699,2024-08-06 14:40:00,2024-08-06 14:40:00,14.229165326457746,52.15092168342213,162,case1,DOM01,30.554547808331147
32,6,65.52062723420434,141.34297286437325,79,0.3,700,2024-08-06 14:40:00,2024-08-06 14:40:00,14.356714864321866,52.17760313617102,116,case1,DOM01,21.878565097323538
32,7,72.36312747698774,95.71502312386679,5,0.3,701,2024-08-06 14:40:00,2024-08-06 14:40:00,14.128575115619334,52.21181563738494,12,case1,DOM01,2.263299837654159
32,8,85.9020978374399,132.49165932880587,126,0.3,702,2024-08-06 14:40:00,2024-08-06 14:40:00,14.31245829664403,52.2795104891872,199,case1,DOM01,37.53305564109814
32,9,83.75892763898577,179.7901384060821,7,0.3,703,2024-08-06 14:40:00,2024-08-06 14:40:00,14.548950692030411,52.26879463819493,17,case1,DOM01,3.206341436676725
32,10,84.05019230470188,13.554436981766473,30,0.3,704,2024-08-06 14:40:00,2024-08-06 14:40:00,13.717772184908833,52.270250961523516,94,case1,DOM01,17.729182061624243
32,11,84.21863300430155,40.145199668614296,41,0.3,705,2024-08-06 14:40:00,2024-08-06 14:40:00,13.850725998343071,52.27109316502151,70,case1,DOM01,13.202582386315926
32,14,101.70669965810616,118.49501298429118,7,0.3,706,2024-08-06 14:40:00,2024-08-06 14:40:00,14.242475064921456,52.35853349829053,34,case1,DOM01,6.41268287335345
32,15,107.46762172792123,139.6148526976503,96,0.3,707,2024-08-06 14:40:00,2024-08-06 14:40:00,14.348074263488252,52.387338108639604,146,case1,DOM01,27.536814691458932
32,16,111.49505344415624,114.93334554847299,66,0.3,708,2024-08-06 14:40:00,2024-08-06 14:40:00,14.224666727742365,52.40747526722078,84,case1,DOM01,15.843098863579113
32,17,116.22087474382228,176.022813715927,54,0.3,709,2024-08-06 14:40:00,2024-08-06 14:40:00,14.530114068579634,52.43110437371911,114,case1,DOM01,21.50134845771451
32,18,120.77591518131506,35.10022036446229,179,0.3,710,2024-08-06 14:40:00,2024-08-06 14:40:00,13.825501101822312,52.453879575906576,247,case1,DOM01,46.58625499171477
32,20,124.10171671474721,87.21147374959276,17,0.3,711,2024-08-06 14:40:00,2024-08-06 14:40:00,14.086057368747964,52.47050858357373,58,case1,DOM01,10.939282548661769
32,22,139.8693985475543,19.7387399952713,8,0.3,712,2024-08-06 14:40:00,2024-08-06 14:40:00,13.748693699976357,52.54934699273777,15,case1,DOM01,2.8291247970676987
32,25,104.39678719077995,177.15119745949988,11,0.5,713,2024-08-06 14:40:00,2024-08-06 14:40:00,14.535755987297499,52.3719839359539,159,case1,DOM01,29.988722848917607
32,26,136.3655394156672,150.0713853941289,49,0.5,714,2024-08-06 14:40:00,2024-08-06 14:40:00,14.400356926970645,52.531827697078334,201,case1,DOM01,37.91027228070717
33,3,15.118146609955241,48.59998383459743,18,0.3,715,2024-08-06 14:45:00,2024-08-06 14:45:00,13.892999919172986,51.92559073304977,65,case1,DOM01,12.259540787293362
33,4,52.15267793635738,158.18610558677332,11,0.3,716,2024-08-06 14:45:00,2024-08-06 14:45:00,14.440930527933867,52.110763389681786,26,case1,DOM01,4.903816314917345
33,7,65.6452866119241,142.1852361515475,96,0.3,717,2024-08-06 14:45:00,2024-08-06 14:45:00,14.360926180757737,52.17822643305962,139,case1,DOM01,26.21655645282734
33,8,65.42521054490074,32.75206650709949,12,0.3,718,2024-08-06 14:45:00,2024-08-06 14:45:00,13.813760332535498,52.1771260527245,30,case1,DOM01,5.658249594135397
33,9,72.29543274384072,95.52287834218431,6,0.3,719,2024-08-06 14:45:00,2024-08-06 14:45:00,14.127614391710923,52.2114771637192,21,case1,DOM01,3.9607747158947784
33,11,86.02961813433842,39.16643908705555,44,0.3,720,2024-08-06 14:45:00,2024-08-06 14:45:00,13.845832195435278,52.280148090671695,86,case1,DOM01,16.22031550318814
33,12,84.85282835468811,13.620246347666047,23,0.3,721,2024-08-06 14:45:00,2024-08-06 14:45:00,13.71810123173833,52.27426414177344,62,case1,DOM01,11.693715827879823
33,13,85.00270509854924,179.57077836451353,8,0.3,722,2024-08-06 14:45:00,2024-08-06 14:45:00,14.547853891822568,52.275013525492746,14,case1,DOM01,2.6405164772631853
33,14,89.06718998140833,3.5224556495489336,10,0.3,723,2024-08-06 14:45:00,2024-08-06 14:45:00,13.667612278247745,52.29533594990704,21,case1,DOM01,3.9607747158947784
33,15,101.59237904018998,174.66562541648716,115,0.3,724,2024-08-06 14:45:00,2024-08-06 14:45:00,14.523328127082436,52.35796189520095,150,case1,DOM01,28.291247970676988
33,16,106.78845962752608,141.524219280495,101,0.3,725,2024-08-06 14:45:00,2024-08-06 14:45:00,14.357621096402475,52.383942298137626,140,case1,DOM01,26.405164772631853
33,17,112.37677998542186,115.12591864586174,76,0.3,726,2024-08-06 14:45:00,2024-08-06 14:45:00,14.225629593229309,52.411883899927105,105,case1,DOM01,19.80387357947389
33,18,117.37377070665916,176.94048602023986,50,0.3,727,2024-08-06 14:45:00,2024-08-06 14:45:00,14.5347024301012,52.4368688535333,120,case1,DOM01,22.63299837654159
33,19,122.83048945490005,35.12434642724758,146,0.3,728,2024-08-06 14:45:00,2024-08-06 14:45:00,13.825621732136238,52.4641524472745,226,case1,DOM01,42.625480275819996
33,20,125.92115207001846,85.32901337855313,26,0.3,729,2024-08-06 14:45:00,2024-08-06 14:45:00,14.076645066892766,52.47960576035009,63,case1,DOM01,11.882324147684335
33,22,140.0,19.579781720781995,5,0.3,730,2024-08-06 14:45:00,2024-08-06 14:45:00,13.74789890860391,52.55,7,case1,DOM01,1.3202582386315926
33,24,60.167390142914385,115.89493830121872,7,0.5,731,2024-08-06 14:45:00,2024-08-06 14:45:00,14.229474691506095,52.15083695071457,165,case1,DOM01,31.120372767744687
33,25,85.67537735359718,130.97169977695938,5,0.5,732,2024-08-06 14:45:00,2024-08-06 14:45:00,14.304858498884796,52.27837688676799,215,case1,DOM01,40.550788757970345
33,32,137.6474312801964,153.51455902140205,12,0.5,733,2024-08-06 14:45:00,2024-08-06 14:45:00,14.417572795107011,52.53823715640098,162,case1,DOM01,30.554547808331147
33,33,138.53926652252431,160.9110698668425,6,0.5,734,2024-08-06 14:45:00,2024-08-06 14:45:00,14.454555349334212,52.54269633261262,38,case1,DOM01,7.167116152571503
34,4,16.416041370077995,47.092335810936916,19,0.3,735,2024-08-06 14:50:00,2024-08-06 14:50:00,13.885461679054684,51.932080206850394,56,case1,DOM01,10.562065909052741
34,5,33.76208009722798,93.8291456662998,20,0.3,736,2024-08-06 14:50:00,2024-08-06 14:50:00,14.119145728331498,52.018810400486146,37,case1,DOM01,6.97850783276699
34,6,53.951266909962285,158.41539863599593,13,0.3,737,2024-08-06 14:50:00,2024-08-06 14:50:00,14.44207699317998,52.11975633454981,37,case1,DOM01,6.97850783276699
34,7,56.03604958332189,136.14098575161998,21,0.3,738,2024-08-06 14:50:00,2024-08-06 14:50:00,14.3307049287581,52.13018024791661,45,case1,DOM01,8.487374391203096
34,8,63.18401885971312,113.72508338911051,107,0.3,739,2024-08-06 14:50:00,2024-08-06 14:50:00,14.218625416945553,52.16592009429856,176,case1,DOM01,33.19506428559433
34,9,65.15296901907888,141.90222655921113,100,0.3,740,2024-08-06 14:50:00,2024-08-06 14:50:00,14.359511132796055,52.175764845095394,147,case1,DOM01,27.725423011263448
34,10,66.90921921443936,32.66515990965214,15,0.3,741,2024-08-06 14:50:00,2024-08-06 14:50:00,13.813325799548261,52.1845460960722,32,case1,DOM01,6.035466233744424
34,11,74.62922111876227,94.49271601093463,6,0.3,742,2024-08-06 14:50:00,2024-08-06 14:50:00,14.122463580054673,52.22314610559381,19,case1,DOM01,3.5835580762857515
34,12,87.39874852436405,132.1620988678868,154,0.3,743,2024-08-06 14:50:00,2024-08-06 14:50:00,14.310810494339435,52.28699374262182,248,case1,DOM01,46.77486331151929
34,13,87.65500836241328,38.728851889166954,43,0.3,744,2024-08-06 14:50:00,2024-08-06 14:50:00,13.843644259445835,52.288275041812064,83,case1,DOM01,15.6544905437746
34,14,86.69595632429947,179.5870322267094,11,0.3,745,2024-08-06 14:50:00,2024-08-06 14:50:00,14.547935161133548,52.283479781621494,20,case1,DOM01,3.772166396090265
34,15,86.90957894931034,10.310776343596713,11,0.3,746,2024-08-06 14:50:00,2024-08-06 14:50:00,13.701553881717983,52.284547894746545,25,case1,DOM01,4.715207995112831
34,16,86.8422928114899,15.810320214038038,9,0.3,747,2024-08-06 14:50:00,2024-08-06 14:50:00,13.729051601070191,52.28421146405745,28,case1,DOM01,5.281032954526371
34,17,89.33826205246424,3.65371103809305,14,0.3,748,2024-08-06 14:50:00,2024-08-06 14:50:00,13.668268555190465,52.29669131026232,20,case1,DOM01,3.772166396090265
34,18,95.89789029600709,174.45779356651465,18,0.3,749,2024-08-06 14:50:00,2024-08-06 14:50:00,14.522288967832573,52.329489451480036,33,case1,DOM01,6.224074553548936
34,19,97.43204817261855,37.912991912294224,6,0.3,750,2024-08-06 14:50:00,2024-08-06 14:50:00,13.839564959561471,52.33716024086309,27,case1,DOM01,5.092424634721858
34,22,105.98080319711642,143.18033252972089,70,0.3,751,2024-08-06 14:50:00,2024-08-06 14:50:00,14.365901662648604,52.37990401598559,94,case1,DOM01,17.729182061624243
34,23,113.56161515312105,114.95640442502248,86,0.3,752,2024-08-06 14:50:00,2024-08-06 14:50:00,14.224782022125112,52.417808075765606,116,case1,DOM01,21.878565097323538
34,24,112.08910123635646,133.88629495458088,23,0.3,753,2024-08-06 14:50:00,2024-08-06 14:50:00,14.319431474772905,52.41044550618178,55,case1,DOM01,10.373457589248229
34,25,118.24169720333508,177.02968035608902,51,0.3,754,2024-08-06 14:50:00,2024-08-06 14:50:00,14.535148401780445,52.44120848601668,97,case1,DOM01,18.295007021037783
34,26,124.6243994456542,32.83281807699909,121,0.3,755,2024-08-06 14:50:00,2024-08-06 14:50:00,13.814164090384995,52.47312199722827,196,case1,DOM01,36.9672306816846
34,27,126.91757132831154,85.43628603064516,35,0.3,756,2024-08-06 14:50:00,2024-08-06 14:50:00,14.077181430153226,52.484587856641554,81,case1,DOM01,15.277273904165574
34,32,105.35272890873713,177.8224636216339,5,0.5,757,2024-08-06 14:50:00,2024-08-06 14:50:00,14.53911231810817,52.376763644543686,78,case1,DOM01,14.711448944752034
34,33,137.72913287923018,152.3549405598546,16,0.5,758,2024-08-06 14:50:00,2024-08-06 14:50:00,14.411774702799274,52.53864566439615,199,case1,DOM01,37.53305564109814
35,3,0.3300741627934062,157.02634539103227,18,0.3,759,2024-08-06 14:55:00,2024-08-06 14:55:00,14.435131726955161,51.851650370813964,34,case1,DOM01,6.41268287335345
35,4,19.439323978388288,47.19065020176732,15,0.3,760,2024-08-06 14:55:00,2024-08-06 14:55:00,13.885953251008836,51.94719661989194,51,case1,DOM01,9.619024310030175
35,5,34.15214589113267,93.45107422320041,20,0.3,761,2024-08-06 14:55:00,2024-08-06 14:55:00,14.117255371116002,52.02076072945567,49,case1,DOM01,9.24180767042115
35,6,54.6372016406149,117.40965665108375,8,0.3,762,2024-08-06 14:55:00,2024-08-06 14:55:00,14.237048283255419,52.12318600820307,30,case1,DOM01,5.658249594135397
35,7,55.26642007660318,157.10723253437732,18,0.3,763,2024-08-06 14:55:00,2024-08-06 14:55:00,14.435536162671887,52.12633210038302,38,case1,DOM01,7.167116152571503
35,8,56.782296293639774,136.582208173017,9,0.3,764,2024-08-06 14:55:00,2024-08-06 14:55:00,14.332911040865085,52.133911481468196,39,case1,DOM01,7.355724472376017
35,10,65.55947974044753,141.9118559221136,98,0.3,765,2024-08-06 14:55:00,2024-08-06 14:55:00,14.359559279610567,52.17779739870224,193,case1,DOM01,36.40140572227106
35,12,68.50195138213542,31.508396978884576,15,0.3,766,2024-08-06 14:55:00,2024-08-06 14:55:00,13.807541984894423,52.192509756910674,47,case1,DOM01,8.864591030812122
35,13,75.72608838232637,95.29369369687613,12,0.3,767,2024-08-06 14:55:00,2024-08-06 14:55:00,14.126468468484381,52.22863044191163,29,case1,DOM01,5.469641274330884
35,15,88.3935297074215,11.484458585240505,25,0.3,768,2024-08-06 14:55:00,2024-08-06 14:55:00,13.707422292926204,52.29196764853711,48,case1,DOM01,9.053199350616635
35,16,88.84004658545996,37.838487508863466,36,0.3,769,2024-08-06 14:55:00,2024-08-06 14:55:00,13.839192437544318,52.2942002329273,89,case1,DOM01,16.78614046260168
35,17,88.17128280924123,179.52446616532276,14,0.3,770,2024-08-06 14:55:00,2024-08-06 14:55:00,14.547622330826615,52.2908564140462,27,case1,DOM01,5.092424634721858
35,18,89.48396246134712,3.586363212295635,7,0.3,771,2024-08-06 14:55:00,2024-08-06 14:55:00,13.667931816061479,52.297419812306735,11,case1,DOM01,2.0746915178496455
35,20,96.11835137689876,174.91984702590497,16,0.3,772,2024-08-06 14:55:00,2024-08-06 14:55:00,14.524599235129525,52.330591756884495,26,case1,DOM01,4.903816314917345
35,21,98.30844864379299,152.51233998874497,6,0.3,773,2024-08-06 14:55:00,2024-08-06 14:55:00,14.412561699943726,52.34154224321897,27,case1,DOM01,5.092424634721858
35,23,104.04356727009946,174.8059559338584,25,0.3,774,2024-08-06 14:55:00,2024-08-06 14:55:00,14.524029779669291,52.37021783635049,62,case1,DOM01,11.693715827879823
35,24,107.31260206476463,142.60618111730756,68,0.3,775,2024-08-06 14:55:00,2024-08-06 14:55:00,14.363030905586538,52.38656301032382,96,case1,DOM01,18.10639870123327
35,25,114.60779197857129,114.53855445558837,94,0.3,776,2024-08-06 14:55:00,2024-08-06 14:55:00,14.222692772277941,52.42303895989286,132,case1,DOM01,24.896298214195745
35,26,112.11308585095236,132.6473908448577,15,0.3,777,2024-08-06 14:55:00,2024-08-06 14:55:00,14.313236954224289,52.41056542925476,40,case1,DOM01,7.54433279218053
35,28,119.52812419628587,177.18233599902305,51,0.3,778,2024-08-06 14:55:00,2024-08-06 14:55:00,14.535911679995115,52.44764062098143,109,case1,DOM01,20.558306858691942
35,29,118.30136695608833,59.204724863229195,23,0.3,779,2024-08-06 14:55:00,2024-08-06 14:55:00,13.946023624316146,52.44150683478044,53,case1,DOM01,9.996240949639201
35,30,125.84014108152915,32.36899921651728,110,0.3,780,2024-08-06 14:55:00,2024-08-06 14:55:00,13.811844996082586,52.47920070540764,168,case1,DOM01,31.686197727158227
35,31,122.99572053402343,139.3823905029552,7,0.3,781,2024-08-06 14:55:00,2024-08-06 14:55:00,14.346911952514777,52.46497860267012,49,case1,DOM01,9.24180767042115
35,32,128.04575259639515,84.21029162546476,51,0.3,782,2024-08-06 14:55:00,2024-08-06 14:55:00,14.071051458127323,52.49022876298198,85,case1,DOM01,16.031707183383624
35,35,62.290592608176155,114.37025278669697,7,0.5,783,2024-08-06 14:55:00,2024-08-06 14:55:00,14.221851263933486,52.16145296304088,168,case1,DOM01,31.686197727158227
35,36,89.87895871073697,128.76681188218112,12,0.5,784,2024-08-06 14:55:00,2024-08-06 14:55:00,14.293834059410905,52.29939479355368,251,case1,DOM01,47.34068827093282
35,37,137.53330688861405,150.65025358544358,15,0.5,785,2024-08-06 14:55:00,2024-08-06 14:55:00,14.403251267927217,52.53766653444307,195,case1,DOM01,36.77862236188009
36,3,0.938444183372822,154.78360530328357,26,0.3,786,2024-08-06 15:00:00,2024-08-06 15:00:00,14.423918026516418,51.85469222091686,43,case1,DOM01,8.11015775159407
36,4,20.109258883207083,44.41801060614404,14,0.3,787,2024-08-06 15:00:00,2024-08-06 15:00:00,13.87209005303072,51.950546294416036,47,case1,DOM01,8.864591030812122
36,7,35.425231289895464,93.20219127056183,26,0.3,788,2024-08-06 15:00:00,2024-08-06 15:00:00,14.11601095635281,52.02712615644948,55,case1,DOM01,10.373457589248229
36,8,55.623057928774934,117.19687258669491,12,0.3,789,2024-08-06 15:00:00,2024-08-06 15:00:00,14.235984362933474,52.12811528964388,27,case1,DOM01,5.092424634721858
36,9,55.47568825181749,155.1906840107399,20,0.3,790,2024-08-06 15:00:00,2024-08-06 15:00:00,14.4259534200537,52.12737844125909,41,case1,DOM01,7.732941111985043
36,10,65.72537785021515,113.22216149649996,117,0.3,791,2024-08-06 15:00:00,2024-08-06 15:00:00,14.2161108074825,52.17862688925108,166,case1,DOM01,31.3089810875492
36,11,65.74531700104504,142.27369987232956,90,0.3,792,2024-08-06 15:00:00,2024-08-06 15:00:00,14.361368499361648,52.17872658500522,162,case1,DOM01,30.554547808331147
36,12,63.10317787899579,134.6103721816425,7,0.3,793,2024-08-06 15:00:00,2024-08-06 15:00:00,14.323051860908212,52.16551588939498,45,case1,DOM01,8.487374391203096
36,13,70.39593852072503,29.662515418698533,11,0.3,794,2024-08-06 15:00:00,2024-08-06 15:00:00,13.798312577093492,52.20197969260363,25,case1,DOM01,4.715207995112831
36,14,88.5612259386876,132.50076541483043,208,0.3,795,2024-08-06 15:00:00,2024-08-06 15:00:00,14.312503827074153,52.29280612969344,309,case1,DOM01,58.279970819594595
36,15,89.32843756765207,12.976687410067413,21,0.3,796,2024-08-06 15:00:00,2024-08-06 15:00:00,13.714883437050338,52.29664218783826,46,case1,DOM01,8.67598271100761
36,16,90.58750574826527,37.00618993903476,30,0.3,797,2024-08-06 15:00:00,2024-08-06 15:00:00,13.835030949695174,52.302937528741325,53,case1,DOM01,9.996240949639201
36,17,89.87040042765165,179.45701098659492,17,0.3,798,2024-08-06 15:00:00,2024-08-06 15:00:00,14.547285054932974,52.29935200213826,32,case1,DOM01,6.035466233744424
36,18,97.0517234314445,175.6339452666691,10,0.3,799,2024-08-06 15:00:00,2024-08-06 15:00:00,14.528169726333346,52.33525861715722,21,case1,DOM01,3.9607747158947784
36,19,97.57534535729401,38.41648364058145,7,0.3,800,2024-08-06 15:00:00,2024-08-06 15:00:00,13.842082418202908,52.33787672678647,28,case1,DOM01,5.281032954526371
36,20,97.66690358573493,150.72133483931552,11,0.3,801,2024-08-06 15:00:00,2024-08-06 15:00:00,14.403606674196578,52.33833451792868,39,case1,DOM01,7.355724472376017
36,21,107.38984035642346,142.02532661720286,52,0.3,802,2024-08-06 15:00:00,2024-08-06 15:00:00,14.360126633086013,52.386949201782116,89,case1,DOM01,16.78614046260168
36,22,115.88446993690907,114.15871662052866,111,0.3,803,2024-08-06 15:00:00,2024-08-06 15:00:00,14.220793583102644,52.42942234968454,150,case1,DOM01,28.291247970676988
36,23,113.20210546319687,130.90810021920962,13,0.3,804,2024-08-06 15:00:00,2024-08-06 15:00:00,14.304540501096048,52.41601052731598,34,case1,DOM01,6.41268287335345
36,24,118.9654974047164,58.88008567293792,66,0.3,805,2024-08-06 15:00:00,2024-08-06 15:00:00,13.94440042836469,52.44482748702358,107,case1,DOM01,20.18109021908292
36,25,121.01564494022116,176.9407583143111,47,0.3,806,2024-08-06 15:00:00,2024-08-06 15:00:00,14.534703791571555,52.455078224701104,86,case1,DOM01,16.22031550318814
36,26,127.51609673525512,30.594194202857985,100,0.3,807,2024-08-06 15:00:00,2024-08-06 15:00:00,13.80297097101429,52.487580483676275,161,case1,DOM01,30.36593948852663
36,27,122.62204491443833,139.17590752698837,16,0.3,808,2024-08-06 15:00:00,2024-08-06 15:00:00,14.345879537634943,52.4631102245722,55,case1,DOM01,10.373457589248229
36,28,129.3481190082379,83.8240406426968,60,0.3,809,2024-08-06 15:00:00,2024-08-06 15:00:00,14.069120203213485,52.49674059504119,91,case1,DOM01,17.163357102210703
36,32,137.5054641125346,151.42436992786136,11,0.5,810,2024-08-06 15:00:00,2024-08-06 15:00:00,14.407121849639307,52.537527320562674,176,case1,DOM01,33.19506428559433
