frame,idx,hdim_1,hdim_2,num,threshold_value,feature,time,timestr,lon,lat,ncells,case,domain,size_km2
0,4,0.0,49.63640041860495,9,0.3,1,2024-09-28 12:00:00,2024-09-28 12:00:00,13.898182002093025,51.85,0.0,case2,DOM01,0.0
0,8,9.652313099738642,68.98646150051465,12,0.3,2,2024-09-28 12:00:00,2024-09-28 12:00:00,13.994932307502573,51.89826156549869,0.0,case2,DOM01,0.0
0,9,12.91036285028439,35.82786082313389,13,0.3,3,2024-09-28 12:00:00,2024-09-28 12:00:00,13.82913930411567,51.91455181425142,0.0,case2,DOM01,0.0
0,10,17.75516649709902,175.65048230538676,11,0.3,4,2024-09-28 12:00:00,2024-09-28 12:00:00,14.528252411526934,51.9387758324855,0.0,case2,DOM01,0.0
0,11,22.56324747996642,2.3520508647586915,53,0.3,5,2024-09-28 12:00:00,2024-09-28 12:00:00,13.661760254323793,51.962816237399835,5.0,case2,DOM01,0.9430415990225662
0,17,98.32145798605315,34.85821395449991,40,0.3,6,2024-09-28 12:00:00,2024-09-28 12:00:00,13.8242910697725,52.341607289930266,0.0,case2,DOM01,0.0
0,19,112.90661007274782,48.63014633811004,142,0.3,7,2024-09-28 12:00:00,2024-09-28 12:00:00,13.89315073169055,52.41453305036374,0.0,case2,DOM01,0.0
0,21,115.75127307589601,118.17244408318918,30,0.3,8,2024-09-28 12:00:00,2024-09-28 12:00:00,14.240862220415947,52.42875636537948,0.0,case2,DOM01,0.0
0,22,118.60438863386962,126.88093476101169,19,0.3,9,2024-09-28 12:00:00,2024-09-28 12:00:00,14.284404673805058,52.44302194316935,0.0,case2,DOM01,0.0
0,23,119.11924270792828,138.38382516559864,10,0.3,10,2024-09-28 12:00:00,2024-09-28 12:00:00,14.341919125827994,52.445596213539645,0.0,case2,DOM01,0.0
0,24,123.65021909211222,165.22650094544053,77,0.3,11,2024-09-28 12:00:00,2024-09-28 12:00:00,14.476132504727202,52.46825109546056,0.0,case2,DOM01,0.0
0,25,135.4692450362034,57.78296501654555,308,0.3,12,2024-09-28 12:00:00,2024-09-28 12:00:00,13.938914825082728,52.52734622518102,79.0,case2,DOM01,14.900057264556546
0,26,137.55926360334357,93.7513733730051,70,0.3,13,2024-09-28 12:00:00,2024-09-28 12:00:00,14.118756866865025,52.53779631801672,0.0,case2,DOM01,0.0
0,27,138.5407554768775,145.30022849281445,55,0.3,14,2024-09-28 12:00:00,2024-09-28 12:00:00,14.376501142464072,52.54270377738439,0.0,case2,DOM01,0.0
0,29,4.6239564059345,3.40314345542055,77,0.5,15,2024-09-28 12:00:00,2024-09-28 12:00:00,13.667015717277103,51.87311978202967,115.0,case2,DOM01,21.689956777519026
0,30,6.43478543848192,97.50166062611974,204,0.5,16,2024-09-28 12:00:00,2024-09-28 12:00:00,14.137508303130598,51.88217392719241,418.0,case2,DOM01,78.83827767828653
0,31,4.460907599676881,171.88722360211878,170,0.5,17,2024-09-28 12:00:00,2024-09-28 12:00:00,14.509436118010594,51.87230453799838,206.0,case2,DOM01,38.853313879729725
0,32,12.729652479706445,79.37118642743167,12,0.5,18,2024-09-28 12:00:00,2024-09-28 12:00:00,14.04685593213716,51.91364826239853,95.0,case2,DOM01,17.91779038142876
0,34,29.433205631026734,137.27678427254767,215,0.5,19,2024-09-28 12:00:00,2024-09-28 12:00:00,14.336383921362739,51.997166028155135,662.0,case2,DOM01,124.85870771058777
0,37,32.53196943648172,173.45994079574626,60,0.5,20,2024-09-28 12:00:00,2024-09-28 12:00:00,14.51729970397873,52.012659847182405,283.0,case2,DOM01,53.37615450467725
0,38,60.7799725251369,159.48779155650473,14,0.5,21,2024-09-28 12:00:00,2024-09-28 12:00:00,14.447438957782524,52.153899862625686,80.0,case2,DOM01,15.08866558436106
0,39,60.678831370587346,167.0697498511648,25,0.5,22,2024-09-28 12:00:00,2024-09-28 12:00:00,14.485348749255824,52.15339415685294,78.0,case2,DOM01,14.711448944752034
0,40,74.8048866271365,176.27843533734557,142,0.5,23,2024-09-28 12:00:00,2024-09-28 12:00:00,14.531392176686728,52.22402443313568,226.0,case2,DOM01,42.625480275819996
0,41,98.35221933114738,131.09595428001015,56,0.5,24,2024-09-28 12:00:00,2024-09-28 12:00:00,14.30547977140005,52.34176109665574,144.0,case2,DOM01,27.15959805184991
0,42,108.03548721619937,76.94480429228021,10,0.5,25,2024-09-28 12:00:00,2024-09-28 12:00:00,14.0347240214614,52.390177436081,81.0,case2,DOM01,15.277273904165574
0,43,108.86464657465835,89.05697015418986,7,0.5,26,2024-09-28 12:00:00,2024-09-28 12:00:00,14.09528485077095,52.3943232328733,32.0,case2,DOM01,6.035466233744424
1,4,0.15756847490868098,50.42945402617576,11,0.3,27,2024-09-28 12:05:00,2024-09-28 12:05:00,13.902147270130879,51.850787842374544,2.0,case2,DOM01,0.3772166396090265
1,7,0.3791587064602326,118.3221155911653,9,0.3,28,2024-09-28 12:05:00,2024-09-28 12:05:00,14.241610577955827,51.8518957935323,0.0,case2,DOM01,0.0
1,8,0.0,146.20150906368434,5,0.3,29,2024-09-28 12:05:00,2024-09-28 12:05:00,14.381007545318422,51.85,0.0,case2,DOM01,0.0
1,10,9.304860105777845,71.4989437979659,8,0.3,30,2024-09-28 12:05:00,2024-09-28 12:05:00,14.007494718989829,51.89652430052889,0.0,case2,DOM01,0.0
1,11,13.388175997923483,36.35968097099705,15,0.3,31,2024-09-28 12:05:00,2024-09-28 12:05:00,13.831798404854986,51.91694087998962,0.0,case2,DOM01,0.0
1,12,18.36826458582515,179.2728449088645,6,0.3,32,2024-09-28 12:05:00,2024-09-28 12:05:00,14.546364224544323,51.94184132292912,0.0,case2,DOM01,0.0
1,13,22.621831596696225,2.815110259240843,52,0.3,33,2024-09-28 12:05:00,2024-09-28 12:05:00,13.664075551296206,51.96310915798348,5.0,case2,DOM01,0.9430415990225662
1,18,92.60084474226188,105.80889213093874,12,0.3,34,2024-09-28 12:05:00,2024-09-28 12:05:00,14.179044460654694,52.31300422371131,0.0,case2,DOM01,0.0
1,19,98.18162489945588,33.861237568626954,36,0.3,35,2024-09-28 12:05:00,2024-09-28 12:05:00,13.819306187843136,52.34090812449728,0.0,case2,DOM01,0.0
1,23,112.62561706015155,48.946373429517124,129,0.3,36,2024-09-28 12:05:00,2024-09-28 12:05:00,13.894731867147586,52.413128085300755,0.0,case2,DOM01,0.0
1,24,116.44039765532321,122.05415415014926,48,0.3,37,2024-09-28 12:05:00,2024-09-28 12:05:00,14.260270770750747,52.43220198827662,0.0,case2,DOM01,0.0
1,25,119.19787470929018,139.49303740002784,10,0.3,38,2024-09-28 12:05:00,2024-09-28 12:05:00,14.34746518700014,52.44598937354645,0.0,case2,DOM01,0.0
1,27,123.92203089492142,165.9674520008714,70,0.3,39,2024-09-28 12:05:00,2024-09-28 12:05:00,14.479837260004357,52.46961015447461,0.0,case2,DOM01,0.0
1,28,121.1752918723655,157.35927553564525,6,0.3,40,2024-09-28 12:05:00,2024-09-28 12:05:00,14.436796377678226,52.455876459361825,0.0,case2,DOM01,0.0
1,29,135.38180135940772,57.221793612349416,305,0.3,41,2024-09-28 12:05:00,2024-09-28 12:05:00,13.936108968061747,52.52690900679704,92.0,case2,DOM01,17.35196542201522
1,30,133.6218173372473,128.7439201700146,9,0.3,42,2024-09-28 12:05:00,2024-09-28 12:05:00,14.293719600850073,52.51810908668624,0.0,case2,DOM01,0.0
1,31,137.74875413513618,94.20568932493947,66,0.3,43,2024-09-28 12:05:00,2024-09-28 12:05:00,14.121028446624697,52.53874377067568,0.0,case2,DOM01,0.0
1,32,138.17042777985017,145.87078198550861,57,0.3,44,2024-09-28 12:05:00,2024-09-28 12:05:00,14.379353909927543,52.540852138899254,0.0,case2,DOM01,0.0
1,34,4.307560137569067,3.4062356556950197,64,0.5,45,2024-09-28 12:05:00,2024-09-28 12:05:00,13.667031178278476,51.87153780068785,121.0,case2,DOM01,22.821606696346105
1,37,7.225536102279397,99.6847212670059,195,0.5,46,2024-09-28 12:05:00,2024-09-28 12:05:00,14.14842360633503,51.88612768051139,410.0,case2,DOM01,77.32941111985043
1,38,4.572456620614114,172.3603948133517,165,0.5,47,2024-09-28 12:05:00,2024-09-28 12:05:00,14.511801974066758,51.87286228310307,202.0,case2,DOM01,38.09888060051168
1,39,13.818318456332428,80.66996037338889,8,0.5,48,2024-09-28 12:05:00,2024-09-28 12:05:00,14.053349801866945,51.91909159228166,99.0,case2,DOM01,18.67222366064681
1,40,29.46616666571941,137.91286755009568,220,0.5,49,2024-09-28 12:05:00,2024-09-28 12:05:00,14.339564337750478,51.9973308333286,465.0,case2,DOM01,87.70286870909865
1,41,32.30060459046757,175.64992767832817,60,0.5,50,2024-09-28 12:05:00,2024-09-28 12:05:00,14.52824963839164,52.01150302295234,291.0,case2,DOM01,54.885021063113356
1,43,44.51979264581128,145.83512145398296,5,0.5,51,2024-09-28 12:05:00,2024-09-28 12:05:00,14.379175607269916,52.072598963229055,82.0,case2,DOM01,15.465882223970086
1,44,60.70080203562987,167.53487176522484,24,0.5,52,2024-09-28 12:05:00,2024-09-28 12:05:00,14.487674358826125,52.153504010178146,76.0,case2,DOM01,14.334232305143006
1,45,60.50811315285083,158.29405520973086,9,0.5,53,2024-09-28 12:05:00,2024-09-28 12:05:00,14.441470276048655,52.152540565764255,64.0,case2,DOM01,12.070932467488849
1,46,75.0313730764238,176.55813975484278,139,0.5,54,2024-09-28 12:05:00,2024-09-28 12:05:00,14.532790698774214,52.22515686538212,243.0,case2,DOM01,45.83182171249672
1,48,98.63708302999753,130.23803494856705,52,0.5,55,2024-09-28 12:05:00,2024-09-28 12:05:00,14.301190174742835,52.34318541514999,148.0,case2,DOM01,27.91403133106796
1,49,108.2544107786,77.26246039346627,8,0.5,56,2024-09-28 12:05:00,2024-09-28 12:05:00,14.036312301967332,52.391272053893005,52.0,case2,DOM01,9.80763262983469
1,51,108.31593087813499,89.52849173842057,7,0.5,57,2024-09-28 12:05:00,2024-09-28 12:05:00,14.097642458692103,52.391579654390675,80.0,case2,DOM01,15.08866558436106
2,5,0.05150494233398533,155.18921779632743,5,0.3,58,2024-09-28 12:10:00,2024-09-28 12:10:00,14.425946088981638,51.85025752471167,0.0,case2,DOM01,0.0
2,8,22.16942414104003,13.409031348341715,32,0.3,59,2024-09-28 12:10:00,2024-09-28 12:10:00,13.717045156741708,51.9608471207052,0.0,case2,DOM01,0.0
2,10,29.280910382269468,0.3516987845065245,15,0.3,60,2024-09-28 12:10:00,2024-09-28 12:10:00,13.651758493922532,51.99640455191135,0.0,case2,DOM01,0.0
2,12,64.2138531552177,2.7001427129631,40,0.3,61,2024-09-28 12:10:00,2024-09-28 12:10:00,13.663500713564817,52.17106926577609,0.0,case2,DOM01,0.0
2,13,91.41277113536108,115.86993830413589,41,0.3,62,2024-09-28 12:10:00,2024-09-28 12:10:00,14.22934969152068,52.30706385567681,0.0,case2,DOM01,0.0
2,15,95.83483731727378,172.71812993504497,167,0.3,63,2024-09-28 12:10:00,2024-09-28 12:10:00,14.513590649675224,52.32917418658637,0.0,case2,DOM01,0.0
2,16,97.61180564169327,45.745408048251974,34,0.3,64,2024-09-28 12:10:00,2024-09-28 12:10:00,13.87872704024126,52.33805902820847,0.0,case2,DOM01,0.0
2,18,110.96616719443382,58.446422133354574,138,0.3,65,2024-09-28 12:10:00,2024-09-28 12:10:00,13.942232110666772,52.40483083597217,0.0,case2,DOM01,0.0
2,20,113.84194620555498,126.63702313779532,24,0.3,66,2024-09-28 12:10:00,2024-09-28 12:10:00,14.283185115688976,52.41920973102778,0.0,case2,DOM01,0.0
2,21,118.31803998694659,144.24260049108338,41,0.3,67,2024-09-28 12:10:00,2024-09-28 12:10:00,14.371213002455416,52.44159019993473,0.0,case2,DOM01,0.0
2,23,122.9923743414255,176.20597065404772,53,0.3,68,2024-09-28 12:10:00,2024-09-28 12:10:00,14.531029853270239,52.46496187170713,0.0,case2,DOM01,0.0
2,26,137.8118308758549,157.30840571449272,89,0.3,69,2024-09-28 12:10:00,2024-09-28 12:10:00,14.436542028572465,52.539059154379274,0.0,case2,DOM01,0.0
2,27,136.04948613681515,1.4687507998490734,14,0.3,70,2024-09-28 12:10:00,2024-09-28 12:10:00,13.657343753999244,52.53024743068408,0.0,case2,DOM01,0.0
2,29,3.2694110073861626,6.233533061218353,155,0.5,71,2024-09-28 12:10:00,2024-09-28 12:10:00,13.681167665306091,51.86634705503693,224.0,case2,DOM01,42.248263636210964
2,30,3.893281612645683,102.26730278169286,217,0.5,72,2024-09-28 12:10:00,2024-09-28 12:10:00,14.161336513908465,51.869466408063225,418.0,case2,DOM01,78.83827767828653
2,31,2.357556063584135,177.10535982003665,51,0.5,73,2024-09-28 12:10:00,2024-09-28 12:10:00,14.535526799100184,51.86178778031792,67.0,case2,DOM01,12.636757426902387
2,32,30.829579105982642,147.1787685497196,271,0.5,74,2024-09-28 12:10:00,2024-09-28 12:10:00,14.385893842748597,52.00414789552992,693.0,case2,DOM01,130.70556562452768
2,35,40.86512593655594,1.8747016724818077,7,0.5,75,2024-09-28 12:10:00,2024-09-28 12:10:00,13.659373508362409,52.05432562968278,32.0,case2,DOM01,6.035466233744424
2,37,41.511740173552255,178.59872443975823,10,0.5,76,2024-09-28 12:10:00,2024-09-28 12:10:00,14.542993622198791,52.057558700867766,78.0,case2,DOM01,14.711448944752034
2,38,59.85537774127111,173.70873675148906,50,0.5,77,2024-09-28 12:10:00,2024-09-28 12:10:00,14.518543683757445,52.14927688870635,156.0,case2,DOM01,29.422897889504068
2,39,69.76711986998636,180.0,6,0.5,78,2024-09-28 12:10:00,2024-09-28 12:10:00,14.55,52.198835599349934,28.0,case2,DOM01,5.281032954526371
2,40,97.71267791130617,140.8991773289581,54,0.5,79,2024-09-28 12:10:00,2024-09-28 12:10:00,14.354495886644791,52.33856338955653,130.0,case2,DOM01,24.519081574586725
2,41,106.1039347066646,84.93051023730102,10,0.5,80,2024-09-28 12:10:00,2024-09-28 12:10:00,14.074652551186505,52.38051967353333,66.0,case2,DOM01,12.448149107097873
2,42,106.43924269331224,97.69719877932823,7,0.5,81,2024-09-28 12:10:00,2024-09-28 12:10:00,14.13848599389664,52.382196213466564,79.0,case2,DOM01,14.900057264556546
2,43,133.97195246999215,63.67131643054713,15,0.5,82,2024-09-28 12:10:00,2024-09-28 12:10:00,13.968356582152737,52.51985976234997,138.0,case2,DOM01,26.027948133022825
3,5,0.8205466751228814,175.07690642537298,47,0.3,83,2024-09-28 12:15:00,2024-09-28 12:15:00,14.525384532126866,51.85410273337561,0.0,case2,DOM01,0.0
3,8,23.090166418193796,23.876975480640343,7,0.3,84,2024-09-28 12:15:00,2024-09-28 12:15:00,13.769384877403201,51.96545083209097,0.0,case2,DOM01,0.0
3,10,63.101604326196764,8.997149405261455,130,0.3,85,2024-09-28 12:15:00,2024-09-28 12:15:00,13.694985747026308,52.165508021630984,27.0,case2,DOM01,5.092424634721858
3,12,90.06018118688579,124.59180708963258,126,0.3,86,2024-09-28 12:15:00,2024-09-28 12:15:00,14.272959035448164,52.30030090593443,0.0,case2,DOM01,0.0
3,14,86.64456644386023,55.8963019285072,6,0.3,87,2024-09-28 12:15:00,2024-09-28 12:15:00,13.929481509642535,52.2832228322193,0.0,case2,DOM01,0.0
3,16,92.8203972748528,178.37345852347792,27,0.3,88,2024-09-28 12:15:00,2024-09-28 12:15:00,14.54186729261739,52.31410198637426,0.0,case2,DOM01,0.0
3,17,94.96761737355894,58.037555660364355,28,0.3,89,2024-09-28 12:15:00,2024-09-28 12:15:00,13.940187778301821,52.3248380868678,0.0,case2,DOM01,0.0
3,19,101.62490051999497,179.41811774834017,5,0.3,90,2024-09-28 12:15:00,2024-09-28 12:15:00,14.547090588741701,52.35812450259997,0.0,case2,DOM01,0.0
3,20,110.30433038704507,71.07306764860012,155,0.3,91,2024-09-28 12:15:00,2024-09-28 12:15:00,14.005365338243001,52.40152165193523,0.0,case2,DOM01,0.0
3,21,112.74557586151339,138.91384938126095,31,0.3,92,2024-09-28 12:15:00,2024-09-28 12:15:00,14.344569246906305,52.413727879307565,0.0,case2,DOM01,0.0
3,22,116.78488490517893,153.31979001261791,50,0.3,93,2024-09-28 12:15:00,2024-09-28 12:15:00,14.41659895006309,52.4339244245259,0.0,case2,DOM01,0.0
3,23,123.8064621806268,178.9412302083397,10,0.3,94,2024-09-28 12:15:00,2024-09-28 12:15:00,14.544706151041698,52.46903231090313,0.0,case2,DOM01,0.0
3,25,134.0649247165045,5.658374456093789,49,0.3,95,2024-09-28 12:15:00,2024-09-28 12:15:00,13.67829187228047,52.520324623582525,0.0,case2,DOM01,0.0
3,26,136.76652247151094,167.01149806167146,192,0.3,96,2024-09-28 12:15:00,2024-09-28 12:15:00,14.485057490308357,52.53383261235755,72.0,case2,DOM01,13.579799025924954
3,27,133.71122504956753,46.55499526048746,8,0.3,97,2024-09-28 12:15:00,2024-09-28 12:15:00,13.882774976302438,52.51855612524784,0.0,case2,DOM01,0.0
3,28,134.3820446027887,107.4275203037682,7,0.3,98,2024-09-28 12:15:00,2024-09-28 12:15:00,14.187137601518842,52.52191022301395,0.0,case2,DOM01,0.0
3,29,135.67597945224543,114.97471248112858,7,0.3,99,2024-09-28 12:15:00,2024-09-28 12:15:00,14.224873562405643,52.528379897261225,0.0,case2,DOM01,0.0
3,31,2.6154571380197145,9.678900554038991,188,0.5,100,2024-09-28 12:15:00,2024-09-28 12:15:00,13.698394502770194,51.863077285690096,269.0,case2,DOM01,50.73563802741406
3,32,2.3763985850458877,107.1434955970618,152,0.5,101,2024-09-28 12:15:00,2024-09-28 12:15:00,14.185717477985309,51.86188199292523,303.0,case2,DOM01,57.148320900767516
3,34,31.225477761114615,157.36052072561068,294,0.5,102,2024-09-28 12:15:00,2024-09-28 12:15:00,14.436802603628054,52.006127388805574,704.0,case2,DOM01,132.7802571423773
3,35,25.753827793830293,1.0543841883060023,20,0.5,103,2024-09-28 12:15:00,2024-09-28 12:15:00,13.65527192094153,51.97876913896915,73.0,case2,DOM01,13.768407345729466
3,36,39.838963939259656,9.869077845171335,54,0.5,104,2024-09-28 12:15:00,2024-09-28 12:15:00,13.699345389225856,52.0491948196963,127.0,case2,DOM01,23.953256615173185
3,37,38.70802874599302,179.558479063234,7,0.5,105,2024-09-28 12:15:00,2024-09-28 12:15:00,14.54779239531617,52.04354014372996,35.0,case2,DOM01,6.601291193157963
3,39,56.900683741702146,177.7054916286768,24,0.5,106,2024-09-28 12:15:00,2024-09-28 12:15:00,14.538527458143385,52.13450341870851,86.0,case2,DOM01,16.22031550318814
3,40,96.23354345282458,149.21447903968428,43,0.5,107,2024-09-28 12:15:00,2024-09-28 12:15:00,14.396072395198422,52.33116771726412,94.0,case2,DOM01,17.729182061624243
3,41,101.12757450394649,94.6827317238659,12,0.5,108,2024-09-28 12:15:00,2024-09-28 12:15:00,14.123413658619329,52.35563787251973,140.0,case2,DOM01,26.405164772631853
3,43,105.0737786689712,95.72269055233195,6,0.5,109,2024-09-28 12:15:00,2024-09-28 12:15:00,14.12861345276166,52.375368893344856,20.0,case2,DOM01,3.772166396090265
3,44,132.93125985781438,76.30888310477448,41,0.5,110,2024-09-28 12:15:00,2024-09-28 12:15:00,14.031544415523872,52.51465629928907,140.0,case2,DOM01,26.405164772631853
4,5,0.307841148404023,177.3416536452256,15,0.3,111,2024-09-28 12:20:00,2024-09-28 12:20:00,14.536708268226128,51.85153920574202,0.0,case2,DOM01,0.0
4,7,43.90166147819549,66.78945564749077,9,0.3,112,2024-09-28 12:20:00,2024-09-28 12:20:00,13.983947278237453,52.069508307390976,0.0,case2,DOM01,0.0
4,9,62.23104266057873,15.944441488441527,230,0.3,113,2024-09-28 12:20:00,2024-09-28 12:20:00,13.729722207442208,52.16115521330289,50.0,case2,DOM01,9.430415990225661
4,10,74.04715490434849,66.84873625723364,11,0.3,114,2024-09-28 12:20:00,2024-09-28 12:20:00,13.984243681286168,52.22023577452174,0.0,case2,DOM01,0.0
4,12,84.81049825960991,65.36461284650231,45,0.3,115,2024-09-28 12:20:00,2024-09-28 12:20:00,13.976823064232512,52.27405249129805,0.0,case2,DOM01,0.0
4,15,93.46345737220496,71.70581513133767,59,0.3,116,2024-09-28 12:20:00,2024-09-28 12:20:00,14.00852907565669,52.31731728686103,0.0,case2,DOM01,0.0
4,17,108.03674330223959,80.23424821561228,186,0.3,117,2024-09-28 12:20:00,2024-09-28 12:20:00,14.051171241078062,52.390183716511196,73.0,case2,DOM01,13.768407345729466
4,18,110.58658765191987,146.91162648101255,21,0.3,118,2024-09-28 12:20:00,2024-09-28 12:20:00,14.384558132405063,52.402932938259596,0.0,case2,DOM01,0.0
4,19,115.25583460510632,125.07897513414235,153,0.3,119,2024-09-28 12:20:00,2024-09-28 12:20:00,14.275394875670711,52.42627917302553,18.0,case2,DOM01,3.3949497564812385
4,20,114.88566069824256,162.44687547977935,61,0.3,120,2024-09-28 12:20:00,2024-09-28 12:20:00,14.462234377398897,52.42442830349121,0.0,case2,DOM01,0.0
4,23,131.69857171943218,12.45444927768535,79,0.3,121,2024-09-28 12:20:00,2024-09-28 12:20:00,13.712272246388427,52.50849285859716,0.0,case2,DOM01,0.0
4,24,130.17525561925163,156.8600023498937,19,0.3,122,2024-09-28 12:20:00,2024-09-28 12:20:00,14.43430001174947,52.50087627809626,0.0,case2,DOM01,0.0
4,25,132.34287395977398,55.47712601726296,28,0.3,123,2024-09-28 12:20:00,2024-09-28 12:20:00,13.927385630086315,52.51171436979887,0.0,case2,DOM01,0.0
4,26,133.13788318271403,124.10896313113875,31,0.3,124,2024-09-28 12:20:00,2024-09-28 12:20:00,14.270544815655693,52.51568941591357,0.0,case2,DOM01,0.0
4,28,2.1051124963195695,17.47208346266809,175,0.5,125,2024-09-28 12:20:00,2024-09-28 12:20:00,13.73736041731334,51.8605255624816,253.0,case2,DOM01,47.71790491054185
4,29,1.472073127516589,115.20222010446118,125,0.5,126,2024-09-28 12:20:00,2024-09-28 12:20:00,14.226011100522305,51.85736036563758,257.0,case2,DOM01,48.4723381897599
4,31,22.954148647760768,7.316977192136361,159,0.5,127,2024-09-28 12:20:00,2024-09-28 12:20:00,13.686584885960682,51.96477074323881,256.0,case2,DOM01,48.283729869955394
4,32,30.193478694753175,165.87496294629173,282,0.5,128,2024-09-28 12:20:00,2024-09-28 12:20:00,14.47937481473146,52.000967393473765,660.0,case2,DOM01,124.48149107097875
4,34,37.910723886233264,19.339102092518715,98,0.5,129,2024-09-28 12:20:00,2024-09-28 12:20:00,13.746695510462594,52.03955361943117,184.0,case2,DOM01,34.70393084403044
4,36,95.41207449634659,158.4861101341911,34,0.5,130,2024-09-28 12:20:00,2024-09-28 12:20:00,14.442430550670956,52.32706037248173,65.0,case2,DOM01,12.259540787293362
4,37,101.6338071816962,104.81914416503972,56,0.5,131,2024-09-28 12:20:00,2024-09-28 12:20:00,14.1740957208252,52.35816903590848,204.0,case2,DOM01,38.4760972401207
4,40,127.7350010274689,81.53861624359214,7,0.5,132,2024-09-28 12:20:00,2024-09-28 12:20:00,14.05769308121796,52.488675005137345,28.0,case2,DOM01,5.281032954526371
4,41,132.39645385800887,84.83111791577728,39,0.5,133,2024-09-28 12:20:00,2024-09-28 12:20:00,14.074155589578886,52.511982269290044,124.0,case2,DOM01,23.387431655759645
4,42,135.1442556102999,176.2783895235976,66,0.5,134,2024-09-28 12:20:00,2024-09-28 12:20:00,14.531391947617987,52.5257212780515,116.0,case2,DOM01,21.878565097323538
5,5,37.29568960071212,61.20644164680179,9,0.3,135,2024-09-28 12:25:00,2024-09-28 12:25:00,13.95603220823401,52.03647844800356,0.0,case2,DOM01,0.0
5,6,42.64646190109029,72.1487394031186,29,0.3,136,2024-09-28 12:25:00,2024-09-28 12:25:00,14.010743697015593,52.06323230950545,0.0,case2,DOM01,0.0
5,7,61.58577697191476,25.65350746867007,301,0.3,137,2024-09-28 12:25:00,2024-09-28 12:25:00,13.77826753734335,52.15792888485957,36.0,case2,DOM01,6.789899512962477
5,8,72.89256065064849,80.67423954160806,27,0.3,138,2024-09-28 12:25:00,2024-09-28 12:25:00,14.05337119770804,52.21446280325325,0.0,case2,DOM01,0.0
5,11,82.9805211480718,49.25785537542149,13,0.3,139,2024-09-28 12:25:00,2024-09-28 12:25:00,13.896289276877107,52.26490260574036,0.0,case2,DOM01,0.0
5,13,85.2054717044604,54.52732698469655,6,0.3,140,2024-09-28 12:25:00,2024-09-28 12:25:00,13.922636634923483,52.2760273585223,0.0,case2,DOM01,0.0
5,16,112.84476443921405,169.2918548589299,89,0.3,141,2024-09-28 12:25:00,2024-09-28 12:25:00,14.496459274294649,52.41422382219607,0.0,case2,DOM01,0.0
5,20,126.12838576108062,143.8408043853306,22,0.3,142,2024-09-28 12:25:00,2024-09-28 12:25:00,14.369204021926652,52.4806419288054,0.0,case2,DOM01,0.0
5,21,129.7469472288935,21.233035450906904,75,0.3,143,2024-09-28 12:25:00,2024-09-28 12:25:00,13.756165177254536,52.49873473614446,0.0,case2,DOM01,0.0
5,23,130.33545872945444,64.90898960441854,76,0.3,144,2024-09-28 12:25:00,2024-09-28 12:25:00,13.974544948022093,52.501677293647276,0.0,case2,DOM01,0.0
5,25,131.53908486074485,136.87373280770925,76,0.3,145,2024-09-28 12:25:00,2024-09-28 12:25:00,14.334368664038546,52.507695424303726,0.0,case2,DOM01,0.0
5,26,136.53522370712156,71.3207459202357,10,0.3,146,2024-09-28 12:25:00,2024-09-28 12:25:00,14.00660372960118,52.532676118535605,0.0,case2,DOM01,0.0
5,28,2.227415598241824,24.933203007068435,150,0.5,147,2024-09-28 12:25:00,2024-09-28 12:25:00,13.774666015035342,51.86113707799121,214.0,case2,DOM01,40.36218043816584
5,29,1.0985900771114148,121.80689827604853,89,0.5,148,2024-09-28 12:25:00,2024-09-28 12:25:00,14.259034491380243,51.85549295038555,191.0,case2,DOM01,36.02418908266203
5,31,21.34945195900878,12.056696827834106,289,0.5,149,2024-09-28 12:25:00,2024-09-28 12:25:00,13.710283484139172,51.956747259795044,388.0,case2,DOM01,73.18002808415113
5,32,28.39187466832905,174.63912582401338,201,0.5,150,2024-09-28 12:25:00,2024-09-28 12:25:00,14.523195629120067,51.99195937334164,403.0,case2,DOM01,76.00915288121884
5,33,36.74136429862752,27.53636478691112,147,0.5,151,2024-09-28 12:25:00,2024-09-28 12:25:00,13.787681823934555,52.03370682149313,244.0,case2,DOM01,46.020430032301235
5,34,44.78469836943672,171.94780843353294,7,0.5,152,2024-09-28 12:25:00,2024-09-28 12:25:00,14.509739042167665,52.07392349184719,171.0,case2,DOM01,32.25202268657176
5,38,87.76397039724456,143.05373444947278,8,0.5,153,2024-09-28 12:25:00,2024-09-28 12:25:00,14.365268672247364,52.28881985198622,104.0,case2,DOM01,19.61526525966938
5,40,94.61015616402781,168.5344647700095,18,0.5,154,2024-09-28 12:25:00,2024-09-28 12:25:00,14.492672323850048,52.32305078082014,41.0,case2,DOM01,7.732941111985043
5,41,100.00231231071693,115.65102671988797,85,0.5,155,2024-09-28 12:25:00,2024-09-28 12:25:00,14.22825513359944,52.350011561553586,178.0,case2,DOM01,33.57228092520336
5,42,104.44384115432509,136.84392802810228,19,0.5,156,2024-09-28 12:25:00,2024-09-28 12:25:00,14.334219640140512,52.37221920577162,66.0,case2,DOM01,12.448149107097873
5,43,105.77373806197333,88.31472233175876,16,0.5,157,2024-09-28 12:25:00,2024-09-28 12:25:00,14.091573611658793,52.37886869030987,91.0,case2,DOM01,17.163357102210703
5,46,128.90260363993733,94.38000532178437,20,0.5,158,2024-09-28 12:25:00,2024-09-28 12:25:00,14.121900026608921,52.49451301819968,192.0,case2,DOM01,36.21279740246654
5,47,133.4352062773887,178.70333510807848,31,0.5,159,2024-09-28 12:25:00,2024-09-28 12:25:00,14.543516675540392,52.517176031386946,56.0,case2,DOM01,10.562065909052741
6,5,4.726869332493748,177.05821509825108,51,0.3,160,2024-09-28 12:30:00,2024-09-28 12:30:00,14.535291075491255,51.87363434666247,0.0,case2,DOM01,0.0
6,6,7.855454714502517,19.341563242936296,7,0.3,161,2024-09-28 12:30:00,2024-09-28 12:30:00,13.74670781621468,51.88927727357251,0.0,case2,DOM01,0.0
6,7,11.353198729811075,155.05292888791627,8,0.3,162,2024-09-28 12:30:00,2024-09-28 12:30:00,14.425264644439581,51.90676599364905,0.0,case2,DOM01,0.0
6,8,16.653414989682314,57.69942088183725,7,0.3,163,2024-09-28 12:30:00,2024-09-28 12:30:00,13.938497104409185,51.93326707494841,0.0,case2,DOM01,0.0
6,9,39.23575462085292,1.3928836670743572,31,0.3,164,2024-09-28 12:30:00,2024-09-28 12:30:00,13.656964418335372,52.046178773104266,0.0,case2,DOM01,0.0
6,10,40.447022808794664,74.44580620561838,89,0.3,165,2024-09-28 12:30:00,2024-09-28 12:30:00,14.022229031028091,52.052235114043974,0.0,case2,DOM01,0.0
6,13,60.65293783973787,34.523520960281026,423,0.3,166,2024-09-28 12:30:00,2024-09-28 12:30:00,13.822617604801405,52.15326468919869,104.0,case2,DOM01,19.61526525966938
6,19,80.60609090616398,55.323126441613475,8,0.3,167,2024-09-28 12:30:00,2024-09-28 12:30:00,13.926615632208067,52.25303045453082,0.0,case2,DOM01,0.0
6,20,83.84567285750153,66.21993283366227,17,0.3,168,2024-09-28 12:30:00,2024-09-28 12:30:00,13.981099664168312,52.26922836428751,0.0,case2,DOM01,0.0
6,21,93.92870162052807,176.3969078666205,51,0.3,169,2024-09-28 12:30:00,2024-09-28 12:30:00,14.531984539333102,52.319643508102644,21.0,case2,DOM01,3.9607747158947784
6,22,97.92445862294251,42.660696333899054,50,0.3,170,2024-09-28 12:30:00,2024-09-28 12:30:00,13.863303481669496,52.339622293114715,0.0,case2,DOM01,0.0
6,23,108.43519719713908,68.49983140249509,10,0.3,171,2024-09-28 12:30:00,2024-09-28 12:30:00,13.992499157012475,52.392175985985695,0.0,case2,DOM01,0.0
6,24,108.472255602421,170.03546952929494,14,0.3,172,2024-09-28 12:30:00,2024-09-28 12:30:00,14.500177347646474,52.3923612780121,0.0,case2,DOM01,0.0
6,25,109.3004639027801,80.91086631700253,7,0.3,173,2024-09-28 12:30:00,2024-09-28 12:30:00,14.054554331585013,52.3965023195139,0.0,case2,DOM01,0.0
6,26,111.44452369776953,178.5729849664181,29,0.3,174,2024-09-28 12:30:00,2024-09-28 12:30:00,14.542864924832092,52.407222618488845,0.0,case2,DOM01,0.0
6,29,120.53554448226018,69.95144264059525,10,0.3,175,2024-09-28 12:30:00,2024-09-28 12:30:00,13.999757213202976,52.4526777224113,0.0,case2,DOM01,0.0
6,31,127.55522339234483,175.16683884679898,73,0.3,176,2024-09-28 12:30:00,2024-09-28 12:30:00,14.525834194233996,52.487776116961726,0.0,case2,DOM01,0.0
6,33,128.29019895197584,30.041471205246722,70,0.3,177,2024-09-28 12:30:00,2024-09-28 12:30:00,13.800207356026235,52.49145099475988,0.0,case2,DOM01,0.0
6,35,2.189079164984955,32.7138922884127,102,0.5,178,2024-09-28 12:30:00,2024-09-28 12:30:00,13.813569461442063,51.86094539582493,170.0,case2,DOM01,32.06341436676725
6,36,0.5994567448311605,129.3231646774443,55,0.5,179,2024-09-28 12:30:00,2024-09-28 12:30:00,14.296615823387222,51.85299728372416,164.0,case2,DOM01,30.93176444794017
6,38,26.564610369539004,178.83441459231562,53,0.5,180,2024-09-28 12:30:00,2024-09-28 12:30:00,14.544172072961578,51.982823051847696,138.0,case2,DOM01,26.027948133022825
6,39,30.356521599515577,26.557438915673888,6,0.5,181,2024-09-28 12:30:00,2024-09-28 12:30:00,13.782787194578368,52.001782607997576,24.0,case2,DOM01,4.526599675308318
6,40,35.302938365164266,35.7873987673821,169,0.5,182,2024-09-28 12:30:00,2024-09-28 12:30:00,13.82893699383691,52.026514691825824,282.0,case2,DOM01,53.18754618487273
6,41,43.450395722558824,175.96586949083851,28,0.5,183,2024-09-28 12:30:00,2024-09-28 12:30:00,14.529829347454191,52.067251978612795,105.0,case2,DOM01,19.80387357947389
6,42,84.3228604143465,149.46674015719194,34,0.5,184,2024-09-28 12:30:00,2024-09-28 12:30:00,14.397333700785959,52.27161430207173,152.0,case2,DOM01,28.668464610286012
6,44,99.56389492372531,130.72472555120493,151,0.5,185,2024-09-28 12:30:00,2024-09-28 12:30:00,14.303623627756025,52.347819474618625,267.0,case2,DOM01,50.35842138780504
6,45,105.69659794778214,100.79607346031243,63,0.5,186,2024-09-28 12:30:00,2024-09-28 12:30:00,14.153980367301562,52.37848298973891,129.0,case2,DOM01,24.330473254782206
6,46,139.72746699586187,106.93142349919736,9,0.5,187,2024-09-28 12:30:00,2024-09-28 12:30:00,14.184657117495988,52.54863733497931,164.0,case2,DOM01,30.93176444794017
6,49,20.232046364012696,14.58731889057541,10,0.7,188,2024-09-28 12:30:00,2024-09-28 12:30:00,13.722936594452877,51.95116023182007,572.0,case2,DOM01,107.88395892818157
7,6,18.544950531928436,170.79137039227044,264,0.3,189,2024-09-28 12:35:00,2024-09-28 12:35:00,14.503956851961354,51.94272475265964,0.0,case2,DOM01,0.0
7,9,38.86372828984157,80.28368570187817,102,0.3,190,2024-09-28 12:35:00,2024-09-28 12:35:00,14.051418428509391,52.04431864144921,0.0,case2,DOM01,0.0
7,11,43.69812179467873,177.99590837465618,86,0.3,191,2024-09-28 12:35:00,2024-09-28 12:35:00,14.539979541873281,52.06849060897339,16.0,case2,DOM01,3.017733116872212
7,12,59.649757329336474,44.40757469812119,596,0.3,192,2024-09-28 12:35:00,2024-09-28 12:35:00,13.872037873490605,52.14824878664668,143.0,case2,DOM01,26.970989732045393
7,14,75.7794108143,8.711784013715882,61,0.3,193,2024-09-28 12:35:00,2024-09-28 12:35:00,13.693558920068579,52.228897054071496,0.0,case2,DOM01,0.0
7,15,71.74718274266009,79.22441485720339,5,0.3,194,2024-09-28 12:35:00,2024-09-28 12:35:00,14.046122074286018,52.2087359137133,0.0,case2,DOM01,0.0
7,18,81.12295409774399,73.60796458005963,31,0.3,195,2024-09-28 12:35:00,2024-09-28 12:35:00,14.018039822900299,52.25561477048872,0.0,case2,DOM01,0.0
7,20,96.71655794156625,53.07453995632895,73,0.3,196,2024-09-28 12:35:00,2024-09-28 12:35:00,13.915372699781646,52.33358278970783,9.0,case2,DOM01,1.6974748782406193
7,23,108.06354272131838,2.953116640648759,65,0.3,197,2024-09-28 12:35:00,2024-09-28 12:35:00,13.664765583203245,52.39031771360659,17.0,case2,DOM01,3.206341436676725
7,24,104.38071062617965,56.24615986099869,6,0.3,198,2024-09-28 12:35:00,2024-09-28 12:35:00,13.931230799304993,52.3719035531309,0.0,case2,DOM01,0.0
7,25,106.55298900802752,82.49435457228729,45,0.3,199,2024-09-28 12:35:00,2024-09-28 12:35:00,14.062471772861436,52.38276494504014,0.0,case2,DOM01,0.0
7,26,106.6759038729548,177.33043718834602,11,0.3,200,2024-09-28 12:35:00,2024-09-28 12:35:00,14.53665218594173,52.38337951936477,0.0,case2,DOM01,0.0
7,27,115.6884860459492,52.498398675849025,17,0.3,201,2024-09-28 12:35:00,2024-09-28 12:35:00,13.912491993379245,52.428442430229744,0.0,case2,DOM01,0.0
7,28,127.76996931184414,79.32557467706363,428,0.3,202,2024-09-28 12:35:00,2024-09-28 12:35:00,14.046627873385319,52.48884984655922,0.0,case2,DOM01,0.0
7,29,131.16207433695715,140.4476594501951,901,0.3,203,2024-09-28 12:35:00,2024-09-28 12:35:00,14.352238297250976,52.50581037168479,0.0,case2,DOM01,0.0
7,30,122.73602236459409,64.40202012322796,10,0.3,204,2024-09-28 12:35:00,2024-09-28 12:35:00,13.97201010061614,52.463680111822974,0.0,case2,DOM01,0.0
7,31,126.33340766991883,39.071595925551286,92,0.3,205,2024-09-28 12:35:00,2024-09-28 12:35:00,13.845357979627757,52.48166703834959,17.0,case2,DOM01,3.206341436676725
7,32,126.36035820111411,62.833969970122126,7,0.3,206,2024-09-28 12:35:00,2024-09-28 12:35:00,13.964169849850611,52.481801791005566,0.0,case2,DOM01,0.0
7,33,138.46946020339047,63.62784761886462,8,0.3,207,2024-09-28 12:35:00,2024-09-28 12:35:00,13.968139238094324,52.54234730101695,0.0,case2,DOM01,0.0
7,35,1.5515282142221272,42.54186198601208,61,0.5,208,2024-09-28 12:35:00,2024-09-28 12:35:00,13.862709309930061,51.85775764107111,113.0,case2,DOM01,21.312740137909998
7,36,0.11986223990018038,133.07987725800942,13,0.5,209,2024-09-28 12:35:00,2024-09-28 12:35:00,14.315399386290046,51.8505993111995,121.0,case2,DOM01,22.821606696346105
7,39,33.74306790365658,42.90831180725769,215,0.5,210,2024-09-28 12:35:00,2024-09-28 12:35:00,13.864541559036288,52.01871533951829,307.0,case2,DOM01,57.90275417998557
7,42,81.22025055300765,155.86197004548126,53,0.5,211,2024-09-28 12:35:00,2024-09-28 12:35:00,14.429309850227407,52.25610125276504,146.0,case2,DOM01,27.536814691458932
7,43,98.28854498897392,142.57294406714976,177,0.5,212,2024-09-28 12:35:00,2024-09-28 12:35:00,14.362864720335748,52.34144272494487,280.0,case2,DOM01,52.810329545263706
7,44,104.1624567813963,110.65981177957828,85,0.5,213,2024-09-28 12:35:00,2024-09-28 12:35:00,14.20329905889789,52.37081228390698,176.0,case2,DOM01,33.19506428559433
7,45,112.35921864839608,158.5892569322131,36,0.5,214,2024-09-28 12:35:00,2024-09-28 12:35:00,14.442946284661065,52.411796093241975,98.0,case2,DOM01,18.4836153408423
7,46,113.8937031164552,170.3008818663649,6,0.5,215,2024-09-28 12:35:00,2024-09-28 12:35:00,14.501504409331824,52.419468515582274,40.0,case2,DOM01,7.54433279218053
7,48,12.58841924197167,1.9771709631709817,32,0.7,216,2024-09-28 12:35:00,2024-09-28 12:35:00,13.659885854815855,51.912942096209854,1.0,case2,DOM01,0.18860831980451326
7,49,19.616174629901863,24.18794076827485,81,0.7,217,2024-09-28 12:35:00,2024-09-28 12:35:00,13.770939703841375,51.948080873149515,822.0,case2,DOM01,155.0360388793099
8,4,1.8929180774921512,27.33128442454354,91,0.3,218,2024-09-28 12:40:00,2024-09-28 12:40:00,13.786656422122718,51.85946459038746,0.0,case2,DOM01,0.0
8,6,2.916119840627128,155.00498173774506,374,0.3,219,2024-09-28 12:40:00,2024-09-28 12:40:00,14.425024908688727,51.86458059920314,0.0,case2,DOM01,0.0
8,7,3.2344396650073617,77.3509398579238,60,0.3,220,2024-09-28 12:40:00,2024-09-28 12:40:00,14.03675469928962,51.86617219832504,0.0,case2,DOM01,0.0
8,10,16.638528573217464,178.27898908879968,72,0.3,221,2024-09-28 12:40:00,2024-09-28 12:40:00,14.541394945443999,51.93319264286609,0.0,case2,DOM01,0.0
8,11,10.469198689735782,165.1161293115527,7,0.3,222,2024-09-28 12:40:00,2024-09-28 12:40:00,14.475580646557763,51.90234599344868,0.0,case2,DOM01,0.0
8,14,39.46234868649243,88.27423644788949,135,0.3,223,2024-09-28 12:40:00,2024-09-28 12:40:00,14.091371182239447,52.04731174343246,0.0,case2,DOM01,0.0
8,15,45.40322488988472,92.61313270305938,6,0.3,224,2024-09-28 12:40:00,2024-09-28 12:40:00,14.113065663515297,52.07701612444942,0.0,case2,DOM01,0.0
8,17,63.314491793417425,3.339251285005129,5,0.3,225,2024-09-28 12:40:00,2024-09-28 12:40:00,13.666696256425027,52.16657245896709,0.0,case2,DOM01,0.0
8,20,75.94626371366408,20.501711993516164,93,0.3,226,2024-09-28 12:40:00,2024-09-28 12:40:00,13.75250855996758,52.22973131856832,0.0,case2,DOM01,0.0
8,23,79.63813714723405,77.1126390836899,11,0.3,227,2024-09-28 12:40:00,2024-09-28 12:40:00,14.03556319541845,52.24819068573617,0.0,case2,DOM01,0.0
8,24,88.44427696410602,33.12248088155468,28,0.3,228,2024-09-28 12:40:00,2024-09-28 12:40:00,13.815612404407773,52.29222138482053,0.0,case2,DOM01,0.0
8,25,93.17864757192618,3.158352057506705,50,0.3,229,2024-09-28 12:40:00,2024-09-28 12:40:00,13.665791760287535,52.315893237859626,0.0,case2,DOM01,0.0
8,27,95.3994805891722,65.13732445053358,151,0.3,230,2024-09-28 12:40:00,2024-09-28 12:40:00,13.975686622252669,52.326997402945864,0.0,case2,DOM01,0.0
8,28,106.60110603549676,10.444421759172242,231,0.3,231,2024-09-28 12:40:00,2024-09-28 12:40:00,13.70222210879586,52.383005530177485,71.0,case2,DOM01,13.39119070612044
8,29,104.8836304360898,94.43889348807767,57,0.3,232,2024-09-28 12:40:00,2024-09-28 12:40:00,14.122194467440387,52.374418152180446,0.0,case2,DOM01,0.0
8,30,114.69555016100239,65.34098052955603,16,0.3,233,2024-09-28 12:40:00,2024-09-28 12:40:00,13.97670490264778,52.42347775080501,0.0,case2,DOM01,0.0
8,31,126.53666844036889,86.85915743696509,640,0.3,234,2024-09-28 12:40:00,2024-09-28 12:40:00,14.084295787184827,52.482683342201845,0.0,case2,DOM01,0.0
8,35,0.8377939979377105,49.276814875407716,29,0.5,235,2024-09-28 12:40:00,2024-09-28 12:40:00,13.896384074377039,51.854188969989686,61.0,case2,DOM01,11.505107508075309
8,38,32.730123869678295,52.10636569038596,251,0.5,236,2024-09-28 12:40:00,2024-09-28 12:40:00,13.91053182845193,52.01365061934839,334.0,case2,DOM01,62.99517881470742
8,39,43.905499511542125,7.823268294401336,17,0.5,237,2024-09-28 12:40:00,2024-09-28 12:40:00,13.689116341472007,52.06952749755771,98.0,case2,DOM01,18.4836153408423
8,40,59.51902919472682,62.64202392033046,5,0.5,238,2024-09-28 12:40:00,2024-09-28 12:40:00,13.963210119601653,52.14759514597363,189.0,case2,DOM01,35.646972443053
8,42,80.80730134302341,164.81696520305866,84,0.5,239,2024-09-28 12:40:00,2024-09-28 12:40:00,14.474084826015293,52.25403650671512,169.0,case2,DOM01,31.87480604696274
8,43,96.43581243343608,149.4171622042453,184,0.5,240,2024-09-28 12:40:00,2024-09-28 12:40:00,14.397085811021226,52.33217906216718,293.0,case2,DOM01,55.26223770272238
8,44,103.47448256430538,122.56830289901966,111,0.5,241,2024-09-28 12:40:00,2024-09-28 12:40:00,14.262841514495099,52.367372412821524,219.0,case2,DOM01,41.3052220371884
8,46,110.95506492763043,165.59008833581362,52,0.5,242,2024-09-28 12:40:00,2024-09-28 12:40:00,14.477950441679068,52.40477532463815,136.0,case2,DOM01,25.6507314934138
8,48,125.42382187449313,169.65906562449257,48,0.5,243,2024-09-28 12:40:00,2024-09-28 12:40:00,14.498295328122463,52.47711910937247,211.0,case2,DOM01,39.79635547875229
8,49,125.90362626611319,48.7838495107864,7,0.5,244,2024-09-28 12:40:00,2024-09-28 12:40:00,13.893919247553931,52.479518131330565,32.0,case2,DOM01,6.035466233744424
8,50,135.96213442393488,123.73552456703074,5,0.5,245,2024-09-28 12:40:00,2024-09-28 12:40:00,14.268677622835154,52.52981067211967,48.0,case2,DOM01,9.053199350616635
8,53,10.431337639875775,6.338490591616309,98,0.7,246,2024-09-28 12:40:00,2024-09-28 12:40:00,13.681692452958082,51.902156688199376,281.0,case2,DOM01,52.99893786506822
8,54,18.034781422339357,30.537509642466905,208,0.7,247,2024-09-28 12:40:00,2024-09-28 12:40:00,13.802687548212335,51.94017390711169,508.0,case2,DOM01,95.81302646069274
8,55,19.49386757594223,2.241297273469811,5,0.7,248,2024-09-28 12:40:00,2024-09-28 12:40:00,13.66120648636735,51.94746933787971,261.0,case2,DOM01,49.22677146897796
9,4,0.5654930921320047,36.809696116561625,33,0.3,249,2024-09-28 12:45:00,2024-09-28 12:45:00,13.834048480582808,51.852827465460656,0.0,case2,DOM01,0.0
9,5,0.37502864744930886,60.43223929351739,34,0.3,250,2024-09-28 12:45:00,2024-09-28 12:45:00,13.952161196467587,51.851875143237244,10.0,case2,DOM01,1.8860831980451325
9,6,1.769492832224353,168.0509640025792,200,0.3,251,2024-09-28 12:45:00,2024-09-28 12:45:00,14.490254820012897,51.85884746416112,0.0,case2,DOM01,0.0
9,7,2.484069536867599,84.82684085212061,41,0.3,252,2024-09-28 12:45:00,2024-09-28 12:45:00,14.074134204260602,51.86242034768434,0.0,case2,DOM01,0.0
9,9,9.836514828677302,175.51218168932905,9,0.3,253,2024-09-28 12:45:00,2024-09-28 12:45:00,14.527560908446645,51.89918257414339,0.0,case2,DOM01,0.0
9,11,39.710378759971746,95.33445847728338,149,0.3,254,2024-09-28 12:45:00,2024-09-28 12:45:00,14.126672292386417,52.04855189379986,0.0,case2,DOM01,0.0
9,12,48.653195713843935,86.13840608012814,9,0.3,255,2024-09-28 12:45:00,2024-09-28 12:45:00,14.080692030400641,52.09326597856922,0.0,case2,DOM01,0.0
9,13,51.04504343981693,90.48314894933087,12,0.3,256,2024-09-28 12:45:00,2024-09-28 12:45:00,14.102415744746654,52.105225217199084,0.0,case2,DOM01,0.0
9,14,53.98789512318209,0.46203911853313145,7,0.3,257,2024-09-28 12:45:00,2024-09-28 12:45:00,13.652310195592666,52.11993947561591,0.0,case2,DOM01,0.0
9,15,54.45155386142672,5.97725061722746,5,0.3,258,2024-09-28 12:45:00,2024-09-28 12:45:00,13.679886253086137,52.12225776930713,0.0,case2,DOM01,0.0
9,19,63.480588576503635,13.294314125691676,10,0.3,259,2024-09-28 12:45:00,2024-09-28 12:45:00,13.716471570628459,52.16740294288252,0.0,case2,DOM01,0.0
9,22,75.60132876350745,33.298599705785094,121,0.3,260,2024-09-28 12:45:00,2024-09-28 12:45:00,13.816492998528926,52.22800664381754,0.0,case2,DOM01,0.0
9,24,93.78824522575765,71.41514466981242,318,0.3,261,2024-09-28 12:45:00,2024-09-28 12:45:00,14.007075723349063,52.318941226128786,54.0,case2,DOM01,10.184849269443715
9,25,103.38073885894181,103.16128796288434,66,0.3,262,2024-09-28 12:45:00,2024-09-28 12:45:00,14.165806439814423,52.366903694294706,0.0,case2,DOM01,0.0
9,29,116.32742691025436,70.79646624631528,7,0.3,263,2024-09-28 12:45:00,2024-09-28 12:45:00,14.003982331231578,52.43163713455127,0.0,case2,DOM01,0.0
9,31,122.25449841667776,2.5572938441140742,19,0.3,264,2024-09-28 12:45:00,2024-09-28 12:45:00,13.66278646922057,52.46127249208339,0.0,case2,DOM01,0.0
9,34,31.464169012933322,60.95056365533375,234,0.5,265,2024-09-28 12:45:00,2024-09-28 12:45:00,13.954752818276669,52.00732084506467,321.0,case2,DOM01,60.54327065724875
9,35,41.5490351617564,11.56176117314961,40,0.5,266,2024-09-28 12:45:00,2024-09-28 12:45:00,13.70780880586575,52.05774517580878,150.0,case2,DOM01,28.291247970676988
9,37,57.2152759187695,72.91483608650587,8,0.5,267,2024-09-28 12:45:00,2024-09-28 12:45:00,14.014574180432529,52.136076379593845,470.0,case2,DOM01,88.64591030812122
9,39,79.01136557599702,173.18987113039287,87,0.5,268,2024-09-28 12:45:00,2024-09-28 12:45:00,14.515949355651964,52.245056827879985,151.0,case2,DOM01,28.4798562904815
9,40,94.43447916068662,158.38338270384708,197,0.5,269,2024-09-28 12:45:00,2024-09-28 12:45:00,14.441916913519234,52.322172395803435,294.0,case2,DOM01,55.450846022526896
9,42,102.82489262193393,134.18446507483785,127,0.5,270,2024-09-28 12:45:00,2024-09-28 12:45:00,14.32092232537419,52.36412446310967,282.0,case2,DOM01,53.18754618487273
9,43,103.98483771527076,20.40964167111712,5,0.5,271,2024-09-28 12:45:00,2024-09-28 12:45:00,13.752048208355586,52.36992418857635,70.0,case2,DOM01,13.202582386315926
9,44,104.8454380370858,14.525458610903462,11,0.5,272,2024-09-28 12:45:00,2024-09-28 12:45:00,13.722627293054517,52.37422719018543,84.0,case2,DOM01,15.843098863579113
9,46,109.70059629343824,172.21370316604987,58,0.5,273,2024-09-28 12:45:00,2024-09-28 12:45:00,14.51106851583025,52.39850298146719,106.0,case2,DOM01,19.992481899278403
9,47,123.28170352485607,177.5455541134975,51,0.5,274,2024-09-28 12:45:00,2024-09-28 12:45:00,14.537727770567487,52.46640851762428,103.0,case2,DOM01,19.426656939864863
9,48,122.74411533818356,57.05413971119761,6,0.5,275,2024-09-28 12:45:00,2024-09-28 12:45:00,13.935270698555989,52.46372057669092,48.0,case2,DOM01,9.053199350616635
9,49,122.04696165844804,165.80311508088158,5,0.5,276,2024-09-28 12:45:00,2024-09-28 12:45:00,14.479015575404409,52.46023480829224,75.0,case2,DOM01,14.145623985338494
9,51,9.839707768455165,16.79275886125978,133,0.7,277,2024-09-28 12:45:00,2024-09-28 12:45:00,13.733963794306298,51.89919853884228,327.0,case2,DOM01,61.67492057607583
9,52,8.80129908625676,5.537322872588733,20,0.7,278,2024-09-28 12:45:00,2024-09-28 12:45:00,13.677686614362944,51.894006495431285,100.0,case2,DOM01,18.860831980451323
9,53,17.555128050069996,38.643646465820005,192,0.7,279,2024-09-28 12:45:00,2024-09-28 12:45:00,13.8432182323291,51.93777564025035,404.0,case2,DOM01,76.19776120102335
9,54,21.20757747348914,16.57125759291671,7,0.7,280,2024-09-28 12:45:00,2024-09-28 12:45:00,13.732856287964584,51.956037887367444,362.0,case2,DOM01,68.2762117692338
10,4,1.3420611227429007,91.50324191162487,41,0.3,281,2024-09-28 12:50:00,2024-09-28 12:50:00,14.107516209558124,51.85671030561371,0.0,case2,DOM01,0.0
10,5,0.4452245766258012,175.9538266718193,33,0.3,282,2024-09-28 12:50:00,2024-09-28 12:50:00,14.529769133359096,51.85222612288313,0.0,case2,DOM01,0.0
10,6,8.673332105568857,161.566543229115,7,0.3,283,2024-09-28 12:50:00,2024-09-28 12:50:00,14.457832716145576,51.893366660527846,0.0,case2,DOM01,0.0
10,7,19.590509130236487,107.57172310076788,30,0.3,284,2024-09-28 12:50:00,2024-09-28 12:50:00,14.18785861550384,51.947952545651184,0.0,case2,DOM01,0.0
10,8,19.734099772978638,115.74490133302288,8,0.3,285,2024-09-28 12:50:00,2024-09-28 12:50:00,14.228724506665115,51.94867049886489,0.0,case2,DOM01,0.0
10,10,38.18603417463193,103.50165037041835,107,0.3,286,2024-09-28 12:50:00,2024-09-28 12:50:00,14.167508251852093,52.04093017087316,6.0,case2,DOM01,1.1316499188270794
10,13,41.37680413030488,83.17472052159961,14,0.3,287,2024-09-28 12:50:00,2024-09-28 12:50:00,14.065873602607997,52.05688402065152,0.0,case2,DOM01,0.0
10,15,54.43512485889397,105.66081861763091,5,0.3,288,2024-09-28 12:50:00,2024-09-28 12:50:00,14.178304093088155,52.12217562429447,0.0,case2,DOM01,0.0
10,17,92.59794000106726,81.36579627689632,388,0.3,289,2024-09-28 12:50:00,2024-09-28 12:50:00,14.056828981384482,52.31298970000534,46.0,case2,DOM01,8.67598271100761
10,18,100.21623632344215,72.29331134187713,10,0.3,290,2024-09-28 12:50:00,2024-09-28 12:50:00,14.011466556709385,52.35108118161721,0.0,case2,DOM01,0.0
10,19,99.4345901879361,108.31743120517086,5,0.3,291,2024-09-28 12:50:00,2024-09-28 12:50:00,14.191587156025854,52.34717295093968,0.0,case2,DOM01,0.0
10,20,101.52054898582294,115.54917760264023,34,0.3,292,2024-09-28 12:50:00,2024-09-28 12:50:00,14.227745888013201,52.35760274492911,0.0,case2,DOM01,0.0
10,21,102.64449798339311,106.12016993971655,13,0.3,293,2024-09-28 12:50:00,2024-09-28 12:50:00,14.180600849698582,52.363222489916964,0.0,case2,DOM01,0.0
10,24,120.24188470079284,8.60904054373038,8,0.3,294,2024-09-28 12:50:00,2024-09-28 12:50:00,13.693045202718652,52.45120942350397,0.0,case2,DOM01,0.0
10,25,122.05202484262419,46.949391938967395,9,0.3,295,2024-09-28 12:50:00,2024-09-28 12:50:00,13.884746959694837,52.46026012421312,0.0,case2,DOM01,0.0
10,27,134.93273753026975,106.39466355798574,183,0.3,296,2024-09-28 12:50:00,2024-09-28 12:50:00,14.181973317789929,52.52466368765135,0.0,case2,DOM01,0.0
10,31,30.26425937685861,70.0837106602154,214,0.5,297,2024-09-28 12:50:00,2024-09-28 12:50:00,14.000418553301078,52.00132129688429,294.0,case2,DOM01,55.450846022526896
10,33,33.189993379963354,37.411065825899726,6,0.5,298,2024-09-28 12:50:00,2024-09-28 12:50:00,13.837055329129498,52.01594996689982,71.0,case2,DOM01,13.39119070612044
10,35,39.97903978423661,19.704597834178916,74,0.5,299,2024-09-28 12:50:00,2024-09-28 12:50:00,13.748522989170894,52.04989519892118,161.0,case2,DOM01,30.36593948852663
10,36,50.81832619085971,59.66479623184719,89,0.5,300,2024-09-28 12:50:00,2024-09-28 12:50:00,13.948323981159236,52.104091630954294,411.0,case2,DOM01,77.51801943965495
10,38,57.14069165826787,79.99744800223661,18,0.5,301,2024-09-28 12:50:00,2024-09-28 12:50:00,14.049987240011184,52.13570345829134,107.0,case2,DOM01,20.18109021908292
10,39,58.85926761853586,85.55968059796828,6,0.5,302,2024-09-28 12:50:00,2024-09-28 12:50:00,14.077798402989842,52.14429633809268,100.0,case2,DOM01,18.860831980451323
10,40,72.23781538149763,130.82827357220165,5,0.5,303,2024-09-28 12:50:00,2024-09-28 12:50:00,14.304141367861009,52.21118907690749,235.0,case2,DOM01,44.32295515406061
10,41,75.01964299366132,176.9368975509157,37,0.5,304,2024-09-28 12:50:00,2024-09-28 12:50:00,14.534684487754578,52.225098214968305,62.0,case2,DOM01,11.693715827879823
10,43,92.85559373033954,166.92954828154106,175,0.5,305,2024-09-28 12:50:00,2024-09-28 12:50:00,14.484647741407704,52.314277968651695,260.0,case2,DOM01,49.03816314917345
10,44,101.76351602114482,144.3087239457298,152,0.5,306,2024-09-28 12:50:00,2024-09-28 12:50:00,14.371543619728648,52.35881758010572,296.0,case2,DOM01,55.82806266213592
10,45,104.1909024491489,23.30018665517218,95,0.5,307,2024-09-28 12:50:00,2024-09-28 12:50:00,13.76650093327586,52.370954512245746,188.0,case2,DOM01,35.45836412324849
10,47,108.32625200012906,176.9593665201966,34,0.5,308,2024-09-28 12:50:00,2024-09-28 12:50:00,14.534796832600984,52.39163126000064,78.0,case2,DOM01,14.711448944752034
10,48,108.29824390273583,4.413849392735953,12,0.5,309,2024-09-28 12:50:00,2024-09-28 12:50:00,13.67206924696368,52.39149121951368,39.0,case2,DOM01,7.355724472376017
10,49,119.69979408006651,162.73693699096998,9,0.5,310,2024-09-28 12:50:00,2024-09-28 12:50:00,14.46368468495485,52.44849897040034,50.0,case2,DOM01,9.430415990225661
10,50,120.87603934987169,176.19745722840034,20,0.5,311,2024-09-28 12:50:00,2024-09-28 12:50:00,14.530987286142,52.454380196749355,67.0,case2,DOM01,12.636757426902387
10,51,122.20934907252906,67.53927654711353,17,0.5,312,2024-09-28 12:50:00,2024-09-28 12:50:00,13.987696382735567,52.461046745362644,79.0,case2,DOM01,14.900057264556546
10,52,139.36866361366538,1.2726442393497135,13,0.5,313,2024-09-28 12:50:00,2024-09-28 12:50:00,13.656363221196749,52.546843318068326,18.0,case2,DOM01,3.3949497564812385
10,54,12.889995304279044,35.46495963598365,385,0.7,314,2024-09-28 12:50:00,2024-09-28 12:50:00,13.827324798179918,51.9144499765214,1126.0,case2,DOM01,212.37296809988192
11,4,0.6674796844418102,98.16212927911553,27,0.3,315,2024-09-28 12:55:00,2024-09-28 12:55:00,14.140810646395579,51.853337398422205,0.0,case2,DOM01,0.0
11,5,18.763797972390606,120.8860341210279,126,0.3,316,2024-09-28 12:55:00,2024-09-28 12:55:00,14.25443017060514,51.94381898986195,0.0,case2,DOM01,0.0
11,6,21.426254803844298,105.29244795962633,9,0.3,317,2024-09-28 12:55:00,2024-09-28 12:55:00,14.176462239798132,51.95713127401922,0.0,case2,DOM01,0.0
11,7,36.15423994654268,113.04611402997108,70,0.3,318,2024-09-28 12:55:00,2024-09-28 12:55:00,14.215230570149854,52.03077119973271,0.0,case2,DOM01,0.0
11,8,39.39664898531659,105.70361691802142,27,0.3,319,2024-09-28 12:55:00,2024-09-28 12:55:00,14.178518084590108,52.04698324492658,0.0,case2,DOM01,0.0
11,14,75.23930179668369,68.08022811683625,5,0.3,320,2024-09-28 12:55:00,2024-09-28 12:55:00,13.990401140584181,52.22619650898342,0.0,case2,DOM01,0.0
11,15,75.58569519286465,72.41949910105993,5,0.3,321,2024-09-28 12:55:00,2024-09-28 12:55:00,14.0120974955053,52.22792847596432,0.0,case2,DOM01,0.0
11,16,85.70525821680279,66.08177336798252,93,0.3,322,2024-09-28 12:55:00,2024-09-28 12:55:00,13.980408866839912,52.27852629108401,19.0,case2,DOM01,3.5835580762857515
11,17,92.31814196557471,95.94134274910996,344,0.3,323,2024-09-28 12:55:00,2024-09-28 12:55:00,14.12970671374555,52.311590709827875,93.0,case2,DOM01,17.54057374181973
11,19,99.43732838379178,123.21574061229161,43,0.3,324,2024-09-28 12:55:00,2024-09-28 12:55:00,14.266078703061458,52.34718664191896,0.0,case2,DOM01,0.0
11,24,136.7312992653589,116.71815014076708,124,0.3,325,2024-09-28 12:55:00,2024-09-28 12:55:00,14.233590750703835,52.53365649632679,0.0,case2,DOM01,0.0
11,27,29.343741489405588,79.06982966705596,182,0.5,326,2024-09-28 12:55:00,2024-09-28 12:55:00,14.04534914833528,51.99671870744702,257.0,case2,DOM01,48.4723381897599
11,28,38.52160955394083,26.02500880842239,89,0.5,327,2024-09-28 12:55:00,2024-09-28 12:55:00,13.780125044042112,52.042608047769704,145.0,case2,DOM01,27.34820637165442
11,29,48.13253940083512,49.93184324038364,7,0.5,328,2024-09-28 12:55:00,2024-09-28 12:55:00,13.899659216201918,52.09066269700418,39.0,case2,DOM01,7.355724472376017
11,30,49.664804697249146,67.72610463861272,134,0.5,329,2024-09-28 12:55:00,2024-09-28 12:55:00,13.988630523193063,52.09832402348625,325.0,case2,DOM01,61.2977039364668
11,31,54.53120836899368,87.45456053360972,16,0.5,330,2024-09-28 12:55:00,2024-09-28 12:55:00,14.08727280266805,52.12265604184497,65.0,case2,DOM01,12.259540787293362
11,32,58.34049383430957,92.57514438864264,38,0.5,331,2024-09-28 12:55:00,2024-09-28 12:55:00,14.112875721943213,52.14170246917155,312.0,case2,DOM01,58.845795779008135
11,36,72.35206064398841,133.97109014745942,60,0.5,332,2024-09-28 12:55:00,2024-09-28 12:55:00,14.319855450737297,52.21176030321995,288.0,case2,DOM01,54.31919610369982
11,37,90.63316051873026,173.91814781429355,105,0.5,333,2024-09-28 12:55:00,2024-09-28 12:55:00,14.519590739071468,52.30316580259365,155.0,case2,DOM01,29.234289569699552
11,40,101.0293878903422,154.19669432481567,168,0.5,334,2024-09-28 12:55:00,2024-09-28 12:55:00,14.420983471624078,52.35514693945171,337.0,case2,DOM01,63.56100377412096
11,41,103.30926599977784,31.42511556752605,159,0.5,335,2024-09-28 12:55:00,2024-09-28 12:55:00,13.807125577837631,52.36654632999889,310.0,case2,DOM01,58.468579139399104
11,44,118.19397458881596,173.81585439979688,33,0.5,336,2024-09-28 12:55:00,2024-09-28 12:55:00,14.519079271998985,52.44096987294408,92.0,case2,DOM01,17.35196542201522
11,45,121.02505002442035,76.46823318039982,39,0.5,337,2024-09-28 12:55:00,2024-09-28 12:55:00,14.032341165901999,52.4551252501221,112.0,case2,DOM01,21.124131818105482
11,47,131.19308174341958,179.24069267835307,14,0.5,338,2024-09-28 12:55:00,2024-09-28 12:55:00,14.546203463391766,52.5059654087171,45.0,case2,DOM01,8.487374391203096
11,49,6.509399277284041,27.726404530378247,123,0.7,339,2024-09-28 12:55:00,2024-09-28 12:55:00,13.788632022651893,51.882546996386424,618.0,case2,DOM01,116.55994163918919
11,50,15.697137490996381,52.78926815024053,246,0.7,340,2024-09-28 12:55:00,2024-09-28 12:55:00,13.913946340751204,51.92848568745498,578.0,case2,DOM01,109.01560884700866
11,52,136.83998506903478,3.615093838954442,66,0.7,341,2024-09-28 12:55:00,2024-09-28 12:55:00,13.668075469194772,52.53419992534517,163.0,case2,DOM01,30.74315612813566
12,3,0.9206073249671121,13.49206251494176,14,0.3,342,2024-09-28 13:00:00,2024-09-28 13:00:00,13.717460312574708,51.85460303662483,0.0,case2,DOM01,0.0
12,6,0.2327513580793716,104.70830342801646,10,0.3,343,2024-09-28 13:00:00,2024-09-28 13:00:00,14.173541517140082,51.8511637567904,0.0,case2,DOM01,0.0
12,7,17.021549145972788,132.24693477322415,171,0.3,344,2024-09-28 13:00:00,2024-09-28 13:00:00,14.311234673866121,51.935107745729866,0.0,case2,DOM01,0.0
12,8,19.502240954481902,0.42489804428391775,18,0.3,345,2024-09-28 13:00:00,2024-09-28 13:00:00,13.65212449022142,51.94751120477241,0.0,case2,DOM01,0.0
12,9,24.42917120845713,106.87797583359283,18,0.3,346,2024-09-28 13:00:00,2024-09-28 13:00:00,14.184389879167965,51.97214585604229,0.0,case2,DOM01,0.0
12,11,36.26567498348786,11.486055646866069,75,0.3,347,2024-09-28 13:00:00,2024-09-28 13:00:00,13.70743027823433,52.031328374917436,0.0,case2,DOM01,0.0
12,12,36.570539248876536,120.87771033100404,125,0.3,348,2024-09-28 13:00:00,2024-09-28 13:00:00,14.25438855165502,52.03285269624438,0.0,case2,DOM01,0.0
12,16,49.252655728813224,124.85178939883048,6,0.3,349,2024-09-28 13:00:00,2024-09-28 13:00:00,14.274258946994152,52.09626327864407,0.0,case2,DOM01,0.0
12,17,53.1132965647943,121.0940094902211,8,0.3,350,2024-09-28 13:00:00,2024-09-28 13:00:00,14.255470047451107,52.11556648282397,0.0,case2,DOM01,0.0
12,18,97.55993802723243,135.50437589934157,18,0.3,351,2024-09-28 13:00:00,2024-09-28 13:00:00,14.327521879496707,52.337799690136166,0.0,case2,DOM01,0.0
12,19,98.82119110781774,129.66291870398388,10,0.3,352,2024-09-28 13:00:00,2024-09-28 13:00:00,14.298314593519919,52.344105955539085,0.0,case2,DOM01,0.0
12,24,137.75436541242937,129.0834768192656,91,0.3,353,2024-09-28 13:00:00,2024-09-28 13:00:00,14.295417384096329,52.53877182706214,0.0,case2,DOM01,0.0
12,27,28.49361516709361,88.0990589753695,165,0.5,354,2024-09-28 13:00:00,2024-09-28 13:00:00,14.090495294876847,51.99246807583547,221.0,case2,DOM01,41.682438676797425
12,28,36.84372433524672,31.92327606233415,102,0.5,355,2024-09-28 13:00:00,2024-09-28 13:00:00,13.809616380311672,52.03421862167623,144.0,case2,DOM01,27.15959805184991
12,31,47.939681319838904,75.29936383777604,187,0.5,356,2024-09-28 13:00:00,2024-09-28 13:00:00,14.02649681918888,52.0896984065992,470.0,case2,DOM01,88.64591030812122
12,32,58.01522286363107,104.00835471509365,54,0.5,357,2024-09-28 13:00:00,2024-09-28 13:00:00,14.170041773575468,52.140076114318155,192.0,case2,DOM01,36.21279740246654
12,35,59.19600780055046,90.75269566687876,5,0.5,358,2024-09-28 13:00:00,2024-09-28 13:00:00,14.103763478334393,52.14598003900275,179.0,case2,DOM01,33.760889245007874
12,36,66.06380311871695,2.467909989662916,34,0.5,359,2024-09-28 13:00:00,2024-09-28 13:00:00,13.662339549948316,52.18031901559358,80.0,case2,DOM01,15.08866558436106
12,37,70.96847255050731,141.49584287770836,162,0.5,360,2024-09-28 13:00:00,2024-09-28 13:00:00,14.357479214388542,52.20484236275254,390.0,case2,DOM01,73.55724472376018
12,40,88.50488879810572,179.1163118758005,20,0.5,361,2024-09-28 13:00:00,2024-09-28 13:00:00,14.545581559379002,52.29252444399053,42.0,case2,DOM01,7.921549431789557
12,42,100.61815303796513,163.62786014529797,161,0.5,362,2024-09-28 13:00:00,2024-09-28 13:00:00,14.46813930072649,52.353090765189826,314.0,case2,DOM01,59.22301241861716
12,43,102.12092016941438,38.174142561796735,218,0.5,363,2024-09-28 13:00:00,2024-09-28 13:00:00,13.840870712808984,52.36060460084707,316.0,case2,DOM01,59.600229058226184
12,44,115.63539800144562,175.86848149818536,21,0.5,364,2024-09-28 13:00:00,2024-09-28 13:00:00,14.529342407490926,52.42817699000722,68.0,case2,DOM01,12.8253657467069
12,46,119.45917416989028,83.95049137309825,54,0.5,365,2024-09-28 13:00:00,2024-09-28 13:00:00,14.06975245686549,52.44729587084945,140.0,case2,DOM01,26.405164772631853
12,48,129.26232957206605,170.88122211016002,14,0.5,366,2024-09-28 13:00:00,2024-09-28 13:00:00,14.5044061105508,52.49631164786033,170.0,case2,DOM01,32.06341436676725
12,50,139.758790569612,179.63355685642966,5,0.5,367,2024-09-28 13:00:00,2024-09-28 13:00:00,14.548167784282148,52.54879395284806,18.0,case2,DOM01,3.3949497564812385
12,52,4.6355189876258445,35.295036504617556,82,0.7,368,2024-09-28 13:00:00,2024-09-28 13:00:00,13.826475182523087,51.87317759493813,569.0,case2,DOM01,107.31813396876802
12,53,14.576911243224075,60.92940685100926,275,0.7,369,2024-09-28 13:00:00,2024-09-28 13:00:00,13.954647034255046,51.92288455621612,696.0,case2,DOM01,131.2713905839412
12,54,133.02939029099545,9.53181108814729,196,0.7,370,2024-09-28 13:00:00,2024-09-28 13:00:00,13.697659055440736,52.51514695145498,396.0,case2,DOM01,74.68889464258724
13,7,30.895914972287315,161.2280770823929,12,0.3,371,2024-09-28 13:05:00,2024-09-28 13:05:00,14.456140385411965,52.00447957486144,0.0,case2,DOM01,0.0
13,8,30.53700474453706,169.29432952786902,9,0.3,372,2024-09-28 13:05:00,2024-09-28 13:05:00,14.496471647639344,52.002685023722684,0.0,case2,DOM01,0.0
13,9,36.222953397734166,144.6586725729584,20,0.3,373,2024-09-28 13:05:00,2024-09-28 13:05:00,14.373293362864791,52.03111476698867,0.0,case2,DOM01,0.0
13,15,96.69698695548728,141.70034174347515,34,0.3,374,2024-09-28 13:05:00,2024-09-28 13:05:00,14.358501708717375,52.33348493477744,0.0,case2,DOM01,0.0
13,19,128.13687091510448,140.8278931533416,10,0.3,375,2024-09-28 13:05:00,2024-09-28 13:05:00,14.354139465766709,52.49068435457552,0.0,case2,DOM01,0.0
13,20,131.59389931965057,136.1563033413041,9,0.3,376,2024-09-28 13:05:00,2024-09-28 13:05:00,14.330781516706521,52.50796949659825,0.0,case2,DOM01,0.0
13,21,137.8409818477647,140.13762675618673,70,0.3,377,2024-09-28 13:05:00,2024-09-28 13:05:00,14.350688133780933,52.53920490923882,0.0,case2,DOM01,0.0
13,22,139.53761939941617,55.317453643538464,24,0.3,378,2024-09-28 13:05:00,2024-09-28 13:05:00,13.926587268217693,52.54768809699708,0.0,case2,DOM01,0.0
13,25,18.546328615479887,2.1570052018173054,24,0.5,379,2024-09-28 13:05:00,2024-09-28 13:05:00,13.660785026009087,51.9427316430774,86.0,case2,DOM01,16.22031550318814
13,26,20.323913756893766,42.48012514315127,77,0.5,380,2024-09-28 13:05:00,2024-09-28 13:05:00,13.862400625715756,51.95161956878447,142.0,case2,DOM01,26.78238141224088
13,28,27.561314142159116,97.47927426535094,121,0.5,381,2024-09-28 13:05:00,2024-09-28 13:05:00,14.137396371326755,51.987806570710795,178.0,case2,DOM01,33.57228092520336
13,29,30.125866551503766,59.287092583659984,5,0.5,382,2024-09-28 13:05:00,2024-09-28 13:05:00,13.9464354629183,52.00062933275752,30.0,case2,DOM01,5.658249594135397
13,30,32.15035163720388,66.98956292386016,24,0.5,383,2024-09-28 13:05:00,2024-09-28 13:05:00,13.9849478146193,52.01075175818602,80.0,case2,DOM01,15.08866558436106
13,33,39.80171249623881,98.87234701417917,25,0.5,384,2024-09-28 13:05:00,2024-09-28 13:05:00,14.144361735070895,52.04900856248119,105.0,case2,DOM01,19.80387357947389
13,34,46.53814808465053,82.87979783547584,187,0.5,385,2024-09-28 13:05:00,2024-09-28 13:05:00,14.064398989177379,52.08269074042325,331.0,case2,DOM01,62.42935385529388
13,36,51.380830319554356,36.80334644561642,6,0.5,386,2024-09-28 13:05:00,2024-09-28 13:05:00,13.834016732228083,52.10690415159777,152.0,case2,DOM01,28.668464610286012
13,37,54.73092384860725,109.49129114911703,40,0.5,387,2024-09-28 13:05:00,2024-09-28 13:05:00,14.197456455745584,52.123654619243034,249.0,case2,DOM01,46.9634716313238
13,39,59.693789487875264,104.49808522133483,8,0.5,388,2024-09-28 13:05:00,2024-09-28 13:05:00,14.172490426106675,52.148468947439376,184.0,case2,DOM01,34.70393084403044
13,40,64.08880471120455,7.773356585559628,57,0.5,389,2024-09-28 13:05:00,2024-09-28 13:05:00,13.688866782927798,52.17044402355602,126.0,case2,DOM01,23.76464829536867
13,41,69.87833389799236,148.90500855397568,242,0.5,390,2024-09-28 13:05:00,2024-09-28 13:05:00,14.394525042769878,52.19939166948996,382.0,case2,DOM01,72.04837816532407
13,42,77.68745345022786,23.650732362715214,12,0.5,391,2024-09-28 13:05:00,2024-09-28 13:05:00,13.768253661813576,52.23843726725114,80.0,case2,DOM01,15.08866558436106
13,43,89.4885568420903,117.51001804897422,15,0.5,392,2024-09-28 13:05:00,2024-09-28 13:05:00,14.237550090244872,52.29744278421045,142.0,case2,DOM01,26.78238141224088
13,45,101.03030958842051,45.01187661286916,234,0.5,393,2024-09-28 13:05:00,2024-09-28 13:05:00,13.875059383064345,52.3551515479421,330.0,case2,DOM01,62.240745535489374
13,46,114.79501045432082,129.58841184703599,23,0.5,394,2024-09-28 13:05:00,2024-09-28 13:05:00,14.297942059235181,52.4239750522716,167.0,case2,DOM01,31.49758940735371
13,48,118.04331487340558,91.67418507875884,80,0.5,395,2024-09-28 13:05:00,2024-09-28 13:05:00,14.108370925393794,52.44021657436703,144.0,case2,DOM01,27.15959805184991
13,49,126.53600863703649,177.94155832740864,31,0.5,396,2024-09-28 13:05:00,2024-09-28 13:05:00,14.539707791637044,52.482680043185184,96.0,case2,DOM01,18.10639870123327
13,51,3.328070598871376,41.444713113375045,60,0.7,397,2024-09-28 13:05:00,2024-09-28 13:05:00,13.857223565566875,51.86664035299436,224.0,case2,DOM01,42.248263636210964
13,54,13.342489380504617,67.70767721150717,323,0.7,398,2024-09-28 13:05:00,2024-09-28 13:05:00,13.988538386057536,51.91671244690252,712.0,case2,DOM01,134.28912370081343
13,55,9.496618536952163,87.65226430464051,6,0.7,399,2024-09-28 13:05:00,2024-09-28 13:05:00,14.088261321523202,51.89748309268476,188.0,case2,DOM01,35.45836412324849
13,57,35.45525297177594,35.247041305324345,12,0.7,400,2024-09-28 13:05:00,2024-09-28 13:05:00,13.826235206526622,52.02727626485888,63.0,case2,DOM01,11.882324147684335
13,58,36.374936173814746,41.50676853371343,13,0.7,401,2024-09-28 13:05:00,2024-09-28 13:05:00,13.857533842668568,52.03187468086907,78.0,case2,DOM01,14.711448944752034
13,60,99.65089488841839,170.4315584603448,5,0.7,402,2024-09-28 13:05:00,2024-09-28 13:05:00,14.502157792301725,52.34825447444209,206.0,case2,DOM01,38.853313879729725
13,61,129.60334521151663,15.801001487437068,313,0.7,403,2024-09-28 13:05:00,2024-09-28 13:05:00,13.729005007437186,52.498016726057585,687.0,case2,DOM01,129.5739157057006
14,5,29.58427655573791,173.51264511654338,40,0.3,404,2024-09-28 13:10:00,2024-09-28 13:10:00,14.517563225582718,51.997921382778685,0.0,case2,DOM01,0.0
14,8,68.68400310731218,61.85130005677937,10,0.3,405,2024-09-28 13:10:00,2024-09-28 13:10:00,13.959256500283898,52.19342001553656,0.0,case2,DOM01,0.0
14,9,95.47484722038267,146.56914910077575,9,0.3,406,2024-09-28 13:10:00,2024-09-28 13:10:00,14.382845745503879,52.32737423610192,0.0,case2,DOM01,0.0
14,14,138.64218447355555,165.25947259549065,152,0.3,407,2024-09-28 13:10:00,2024-09-28 13:10:00,14.476297362977453,52.54321092236778,0.0,case2,DOM01,0.0
14,15,139.24602013849312,66.92531076015467,38,0.3,408,2024-09-28 13:10:00,2024-09-28 13:10:00,13.984626553800773,52.54623010069247,0.0,case2,DOM01,0.0
14,17,0.6129730521804154,1.269988586411624,15,0.5,409,2024-09-28 13:10:00,2024-09-28 13:10:00,13.656349942932058,51.8530648652609,36.0,case2,DOM01,6.789899512962477
14,20,18.87944435359596,4.215935370381055,61,0.5,410,2024-09-28 13:10:00,2024-09-28 13:10:00,13.671079676851905,51.94439722176798,265.0,case2,DOM01,49.981204748196014
14,21,19.500192369269513,48.16885533283598,52,0.5,411,2024-09-28 13:10:00,2024-09-28 13:10:00,13.89084427666418,51.94750096184635,93.0,case2,DOM01,17.54057374181973
14,24,37.881439075302936,106.47402789292559,66,0.5,412,2024-09-28 13:10:00,2024-09-28 13:10:00,14.182370139464629,52.03940719537651,170.0,case2,DOM01,32.06341436676725
14,26,47.21983284653442,106.29816877856872,5,0.5,413,2024-09-28 13:10:00,2024-09-28 13:10:00,14.181490843892844,52.08609916423267,25.0,case2,DOM01,4.715207995112831
14,27,49.20961382459755,40.905972445409155,13,0.5,414,2024-09-28 13:10:00,2024-09-28 13:10:00,13.854529862227047,52.096048069122986,135.0,case2,DOM01,25.462123173609285
14,29,54.98856254666355,120.05117363593618,21,0.5,415,2024-09-28 13:10:00,2024-09-28 13:10:00,14.25025586817968,52.124942812733316,168.0,case2,DOM01,31.686197727158227
14,30,55.55391257811324,112.15238974847021,9,0.5,416,2024-09-28 13:10:00,2024-09-28 13:10:00,14.210761948742352,52.12776956289057,254.0,case2,DOM01,47.90651323034637
14,34,62.966739797544385,15.581533354259248,53,0.5,417,2024-09-28 13:10:00,2024-09-28 13:10:00,13.727907666771296,52.16483369898772,125.0,case2,DOM01,23.576039975564157
14,38,88.66396336109806,127.53652956399641,9,0.5,418,2024-09-28 13:10:00,2024-09-28 13:10:00,14.287682647819983,52.29331981680549,143.0,case2,DOM01,26.970989732045393
14,39,90.46398043102567,119.13772712060198,13,0.5,419,2024-09-28 13:10:00,2024-09-28 13:10:00,14.24568863560301,52.302319902155126,6.0,case2,DOM01,1.1316499188270794
14,43,112.60388642972272,144.78792377301008,9,0.5,420,2024-09-28 13:10:00,2024-09-28 13:10:00,14.37393961886505,52.41301943214861,33.0,case2,DOM01,6.224074553548936
14,44,113.47364615052484,152.64603956285507,9,0.5,421,2024-09-28 13:10:00,2024-09-28 13:10:00,14.413230197814276,52.41736823075262,57.0,case2,DOM01,10.750674228857255
14,45,113.8882887668205,133.25702372768382,36,0.5,422,2024-09-28 13:10:00,2024-09-28 13:10:00,14.316285118638419,52.4194414438341,123.0,case2,DOM01,23.19882333595513
14,46,116.61153992862462,100.21922021685289,89,0.5,423,2024-09-28 13:10:00,2024-09-28 13:10:00,14.151096101084265,52.43305769964312,136.0,case2,DOM01,25.6507314934138
14,48,123.87631047426339,179.81108917823184,5,0.5,424,2024-09-28 13:10:00,2024-09-28 13:10:00,14.54905544589116,52.46938155237132,61.0,case2,DOM01,11.505107508075309
14,50,1.5901388913682901,49.44524158750364,41,0.7,425,2024-09-28 13:10:00,2024-09-28 13:10:00,13.897226207937518,51.85795069445684,180.0,case2,DOM01,33.94949756481238
14,51,11.005517634707436,74.00365558424313,352,0.7,426,2024-09-28 13:10:00,2024-09-28 13:10:00,14.020018277921215,51.90502758817354,1238.0,case2,DOM01,233.4970999179874
14,56,33.70067741411919,45.012279815076795,65,0.7,427,2024-09-28 13:10:00,2024-09-28 13:10:00,13.875061399075385,52.018503387070595,140.0,case2,DOM01,26.405164772631853
14,57,44.715814985924474,94.3510795144236,8,0.7,428,2024-09-28 13:10:00,2024-09-28 13:10:00,14.121755397572118,52.073579074929626,290.0,case2,DOM01,54.69641274330884
14,59,70.35275747327078,151.09179303949378,6,0.7,429,2024-09-28 13:10:00,2024-09-28 13:10:00,14.405458965197468,52.20176378736635,377.0,case2,DOM01,71.10533656630149
14,60,99.3437708126728,55.84736391883128,58,0.7,430,2024-09-28 13:10:00,2024-09-28 13:10:00,13.929236819594156,52.34671885406336,229.0,case2,DOM01,43.19130523523353
14,61,98.33038652445796,65.56871669874688,9,0.7,431,2024-09-28 13:10:00,2024-09-28 13:10:00,13.977843583493735,52.34165193262229,76.0,case2,DOM01,14.334232305143006
14,62,98.36806540332712,177.99951093604776,15,0.7,432,2024-09-28 13:10:00,2024-09-28 13:10:00,14.53999755468024,52.34184032701664,122.0,case2,DOM01,23.010215016150617
14,63,125.21887318370179,18.950029727421207,421,0.7,433,2024-09-28 13:10:00,2024-09-28 13:10:00,13.744750148637106,52.476094365918506,988.0,case2,DOM01,186.34501996685907
15,8,78.8972639604188,58.66600787607281,308,0.3,434,2024-09-28 13:15:00,2024-09-28 13:15:00,13.943330039380363,52.24448631980209,0.0,case2,DOM01,0.0
15,13,120.18636586819929,178.23861743901156,61,0.3,435,2024-09-28 13:15:00,2024-09-28 13:15:00,14.541193087195058,52.450931829341,0.0,case2,DOM01,0.0
15,14,138.24654865207833,170.17034987379765,113,0.3,436,2024-09-28 13:15:00,2024-09-28 13:15:00,14.500851749368989,52.541232743260394,0.0,case2,DOM01,0.0
15,16,0.8596586649128576,4.604331716540612,38,0.5,437,2024-09-28 13:15:00,2024-09-28 13:15:00,13.673021658582703,51.85429829332456,55.0,case2,DOM01,10.373457589248229
15,18,18.009787190605657,8.261200791622436,63,0.5,438,2024-09-28 13:15:00,2024-09-28 13:15:00,13.691306003958111,51.94004893595302,257.0,case2,DOM01,48.4723381897599
15,20,29.92122331155255,28.2877294723915,15,0.5,439,2024-09-28 13:15:00,2024-09-28 13:15:00,13.791438647361959,51.999606116557764,98.0,case2,DOM01,18.4836153408423
15,21,36.100384210479824,116.70663616264024,102,0.5,440,2024-09-28 13:15:00,2024-09-28 13:15:00,14.2335331808132,52.0305019210524,156.0,case2,DOM01,29.422897889504068
15,22,34.65571354104914,131.08138478451664,5,0.5,441,2024-09-28 13:15:00,2024-09-28 13:15:00,14.305406923922583,52.02327856770525,153.0,case2,DOM01,28.857072930090528
15,24,49.24450182796046,119.7031566180619,10,0.5,442,2024-09-28 13:15:00,2024-09-28 13:15:00,14.248515783090308,52.0962225091398,77.0,case2,DOM01,14.52284062494752
15,25,52.43320227407934,125.53430576615987,6,0.5,443,2024-09-28 13:15:00,2024-09-28 13:15:00,14.2776715288308,52.1121660113704,190.0,case2,DOM01,35.83558076285752
15,26,53.84994428195596,132.7871920372084,13,0.5,444,2024-09-28 13:15:00,2024-09-28 13:15:00,14.313935960186042,52.11924972140978,162.0,case2,DOM01,30.554547808331147
15,27,61.147944514815556,22.693229923131813,29,0.5,445,2024-09-28 13:15:00,2024-09-28 13:15:00,13.76346614961566,52.155739722574076,107.0,case2,DOM01,20.18109021908292
15,29,74.9348172532907,116.94362870137728,62,0.5,446,2024-09-28 13:15:00,2024-09-28 13:15:00,14.234718143506885,52.224674086266454,129.0,case2,DOM01,24.330473254782206
15,30,76.20887384542299,106.2737460929276,5,0.5,447,2024-09-28 13:15:00,2024-09-28 13:15:00,14.181368730464637,52.231044369227114,44.0,case2,DOM01,8.298766071398582
15,31,88.18037840991224,130.58080804569272,46,0.5,448,2024-09-28 13:15:00,2024-09-28 13:15:00,14.302904040228464,52.29090189204956,119.0,case2,DOM01,22.444390056737078
15,32,86.8679509969947,140.94590032361756,7,0.5,449,2024-09-28 13:15:00,2024-09-28 13:15:00,14.354729501618088,52.28433975498497,50.0,case2,DOM01,9.430415990225661
15,33,92.83601482148778,1.0901434527434741,25,0.5,450,2024-09-28 13:15:00,2024-09-28 13:15:00,13.655450717263717,52.31418007410744,39.0,case2,DOM01,7.355724472376017
15,36,97.91177523869742,179.69590271212758,10,0.5,451,2024-09-28 13:15:00,2024-09-28 13:15:00,14.548479513560638,52.33955887619349,16.0,case2,DOM01,3.017733116872212
15,37,101.64451617067665,42.345814803600355,37,0.5,452,2024-09-28 13:15:00,2024-09-28 13:15:00,13.861729074018001,52.35822258085338,62.0,case2,DOM01,11.693715827879823
15,39,111.80244063886263,149.34632245489317,105,0.5,453,2024-09-28 13:15:00,2024-09-28 13:15:00,14.396731612274465,52.40901220319431,213.0,case2,DOM01,40.17357211836132
15,40,115.35969100391426,108.32047403970827,94,0.5,454,2024-09-28 13:15:00,2024-09-28 13:15:00,14.191602370198542,52.42679845501957,127.0,case2,DOM01,23.953256615173185
15,42,0.7339457150690908,56.6083855026139,26,0.7,455,2024-09-28 13:15:00,2024-09-28 13:15:00,13.93304192751307,51.85366972857534,125.0,case2,DOM01,23.576039975564157
15,44,8.927061632596686,82.21272753375395,392,0.7,456,2024-09-28 13:15:00,2024-09-28 13:15:00,14.06106363766877,51.89463530816299,1327.0,case2,DOM01,250.28324038058906
15,45,32.01621651096386,51.89977197447692,87,0.7,457,2024-09-28 13:15:00,2024-09-28 13:15:00,13.909498859872384,52.01008108255482,172.0,case2,DOM01,32.44063100637628
15,47,42.99933005020998,96.56125498546207,36,0.7,458,2024-09-28 13:15:00,2024-09-28 13:15:00,14.13280627492731,52.06499665025105,246.0,case2,DOM01,46.39764667191026
15,50,67.85423796646565,163.63554439754807,38,0.7,459,2024-09-28 13:15:00,2024-09-28 13:15:00,14.468177721987741,52.189271189832326,191.0,case2,DOM01,36.02418908266203
15,51,68.81073356529656,153.59181162767695,8,0.7,460,2024-09-28 13:15:00,2024-09-28 13:15:00,14.417959058138385,52.19405366782648,168.0,case2,DOM01,31.686197727158227
15,53,97.84403582774206,65.32681274742512,85,0.7,461,2024-09-28 13:15:00,2024-09-28 13:15:00,13.976634063737125,52.339220179138714,217.0,case2,DOM01,40.92800539757937
15,54,124.1777435439998,29.781863460011387,449,0.7,462,2024-09-28 13:15:00,2024-09-28 13:15:00,13.798909317300058,52.47088871772,1209.0,case2,DOM01,228.02745864365653
16,5,18.72676527856073,63.82279448016253,9,0.3,463,2024-09-28 13:20:00,2024-09-28 13:20:00,13.969113972400812,51.943633826392805,0.0,case2,DOM01,0.0
16,7,36.1150142343119,31.452602830387647,7,0.3,464,2024-09-28 13:20:00,2024-09-28 13:20:00,13.807263014151939,52.03057507117156,0.0,case2,DOM01,0.0
16,8,49.467945530037724,63.26581111527203,466,0.3,465,2024-09-28 13:20:00,2024-09-28 13:20:00,13.96632905557636,52.09733972765019,98.0,case2,DOM01,18.4836153408423
16,11,47.980020576100365,25.62224595027387,16,0.3,466,2024-09-28 13:20:00,2024-09-28 13:20:00,13.778111229751369,52.089900102880506,0.0,case2,DOM01,0.0
16,17,71.16135433648863,54.30055464896094,108,0.3,467,2024-09-28 13:20:00,2024-09-28 13:20:00,13.921502773244805,52.20580677168244,0.0,case2,DOM01,0.0
16,18,80.69660902489858,81.63899266755784,117,0.3,468,2024-09-28 13:20:00,2024-09-28 13:20:00,14.05819496333779,52.2534830451245,0.0,case2,DOM01,0.0
16,22,114.28844759187352,92.78968074705676,15,0.3,469,2024-09-28 13:20:00,2024-09-28 13:20:00,14.113948403735284,52.42144223795937,0.0,case2,DOM01,0.0
16,23,137.55294502303084,173.24404926029135,90,0.3,470,2024-09-28 13:20:00,2024-09-28 13:20:00,14.516220246301456,52.53776472511515,26.0,case2,DOM01,4.903816314917345
16,25,0.27970386322073326,8.84475055002258,28,0.5,471,2024-09-28 13:20:00,2024-09-28 13:20:00,13.694223752750114,51.851398519316106,53.0,case2,DOM01,9.996240949639201
16,27,15.51742451796033,13.23858402943789,82,0.5,472,2024-09-28 13:20:00,2024-09-28 13:20:00,13.71619292014719,51.9275871225898,151.0,case2,DOM01,28.4798562904815
16,28,15.60804492067179,0.30454155263131316,5,0.5,473,2024-09-28 13:20:00,2024-09-28 13:20:00,13.651522707763156,51.92804022460336,12.0,case2,DOM01,2.263299837654159
16,29,20.462872472362914,0.4916121716015907,12,0.5,474,2024-09-28 13:20:00,2024-09-28 13:20:00,13.652458060858008,51.95231436236182,29.0,case2,DOM01,5.469641274330884
16,32,28.642631216985155,34.17751030089061,32,0.5,475,2024-09-28 13:20:00,2024-09-28 13:20:00,13.820887551504454,51.99321315608493,69.0,case2,DOM01,13.013974066511413
16,33,34.34309353380423,126.25416214970664,171,0.5,476,2024-09-28 13:20:00,2024-09-28 13:20:00,14.281270810748532,52.021715467669026,329.0,case2,DOM01,62.05213721568486
16,34,33.038153514160555,157.41388665584915,56,0.5,477,2024-09-28 13:20:00,2024-09-28 13:20:00,14.437069433279246,52.0151907675708,122.0,case2,DOM01,23.010215016150617
16,36,54.56435703572724,138.82427421379776,13,0.5,478,2024-09-28 13:20:00,2024-09-28 13:20:00,14.34412137106899,52.12282178517864,397.0,case2,DOM01,74.87750296239176
16,37,59.82687221448767,29.13187203631319,28,0.5,479,2024-09-28 13:20:00,2024-09-28 13:20:00,13.795659360181565,52.149134361072434,95.0,case2,DOM01,17.91779038142876
16,39,87.33772200675003,138.3988119420034,78,0.5,480,2024-09-28 13:20:00,2024-09-28 13:20:00,14.341994059710018,52.28668861003375,166.0,case2,DOM01,31.3089810875492
16,42,100.96055343381978,48.83164752041844,31,0.5,481,2024-09-28 13:20:00,2024-09-28 13:20:00,13.894158237602092,52.3548027671691,75.0,case2,DOM01,14.145623985338494
16,44,110.71790370089046,154.54706726316402,123,0.5,482,2024-09-28 13:20:00,2024-09-28 13:20:00,14.42273533631582,52.403589518504454,205.0,case2,DOM01,38.66470555992522
16,46,139.68211637974773,95.04073617725307,20,0.5,483,2024-09-28 13:20:00,2024-09-28 13:20:00,14.125203680886266,52.548410581898736,50.0,case2,DOM01,9.430415990225661
16,49,7.272781774197542,89.69827928228516,354,0.7,484,2024-09-28 13:20:00,2024-09-28 13:20:00,14.098491396411426,51.88636390887098,1477.0,case2,DOM01,278.5744883512661
16,50,30.26124525991118,59.37443900516529,102,0.7,485,2024-09-28 13:20:00,2024-09-28 13:20:00,13.946872195025826,52.001306226299555,197.0,case2,DOM01,37.15583900148911
16,51,41.863625150792686,102.86769825749913,48,0.7,486,2024-09-28 13:20:00,2024-09-28 13:20:00,14.164338491287497,52.05931812575397,153.0,case2,DOM01,28.857072930090528
16,52,42.1095426079218,112.33422662935355,6,0.7,487,2024-09-28 13:20:00,2024-09-28 13:20:00,14.211671133146769,52.06054771303961,62.0,case2,DOM01,11.693715827879823
16,53,66.6992755199756,168.20669551122322,122,0.7,488,2024-09-28 13:20:00,2024-09-28 13:20:00,14.491033477556115,52.18349637759988,521.0,case2,DOM01,98.2649346181514
16,55,91.47727516937398,3.1332997248962613,48,0.7,489,2024-09-28 13:20:00,2024-09-28 13:20:00,13.665666498624482,52.30738637584687,186.0,case2,DOM01,35.08114748363946
16,56,96.1637829537049,74.5961931195775,94,0.7,490,2024-09-28 13:20:00,2024-09-28 13:20:00,14.022980965597888,52.33081891476852,206.0,case2,DOM01,38.853313879729725
16,58,123.2691648669736,39.51247912697837,447,0.7,491,2024-09-28 13:20:00,2024-09-28 13:20:00,13.847562395634892,52.46634582433487,1413.0,case2,DOM01,266.5035558837772
16,59,113.91548025175547,116.99548698787927,14,0.7,492,2024-09-28 13:20:00,2024-09-28 13:20:00,14.234977434939395,52.41957740125878,125.0,case2,DOM01,23.576039975564157
17,3,0.536171095987544,9.67454230340883,59,0.3,493,2024-09-28 13:25:00,2024-09-28 13:25:00,13.698372711517043,51.85268085547994,21.0,case2,DOM01,3.9607747158947784
17,4,6.680284510945005,35.97754750689871,70,0.3,494,2024-09-28 13:25:00,2024-09-28 13:25:00,13.829887737534493,51.883401422554726,0.0,case2,DOM01,0.0
17,7,21.955350857767495,25.964432214929538,10,0.3,495,2024-09-28 13:25:00,2024-09-28 13:25:00,13.779822161074646,51.95977675428884,0.0,case2,DOM01,0.0
17,9,42.347397944618706,5.090889943979743,24,0.3,496,2024-09-28 13:25:00,2024-09-28 13:25:00,13.675454449719899,52.061736989723094,0.0,case2,DOM01,0.0
17,11,46.55738800530103,30.56672091924277,22,0.3,497,2024-09-28 13:25:00,2024-09-28 13:25:00,13.802833604596215,52.0827869400265,0.0,case2,DOM01,0.0
17,12,50.376786343758496,20.644142228018083,20,0.3,498,2024-09-28 13:25:00,2024-09-28 13:25:00,13.753220711140091,52.101883931718795,0.0,case2,DOM01,0.0
17,14,55.66891149446541,58.51031184297342,28,0.3,499,2024-09-28 13:25:00,2024-09-28 13:25:00,13.942551559214866,52.12834455747233,0.0,case2,DOM01,0.0
17,15,61.766036760799444,89.10276289469996,70,0.3,500,2024-09-28 13:25:00,2024-09-28 13:25:00,14.0955138144735,52.15883018380399,0.0,case2,DOM01,0.0
17,17,66.04657385762428,73.29389356526086,9,0.3,501,2024-09-28 13:25:00,2024-09-28 13:25:00,14.016469467826305,52.18023286928812,0.0,case2,DOM01,0.0
17,18,69.58645172750708,62.9116928993901,65,0.3,502,2024-09-28 13:25:00,2024-09-28 13:25:00,13.96455846449695,52.197932258637536,6.0,case2,DOM01,1.1316499188270794
17,19,78.40639646005859,92.69963223387526,41,0.3,503,2024-09-28 13:25:00,2024-09-28 13:25:00,14.113498161169376,52.24203198230029,0.0,case2,DOM01,0.0
17,20,78.82605976567764,178.52338695083998,14,0.3,504,2024-09-28 13:25:00,2024-09-28 13:25:00,14.5426169347542,52.24413029882839,0.0,case2,DOM01,0.0
17,23,90.95729105126892,116.59713001887725,37,0.3,505,2024-09-28 13:25:00,2024-09-28 13:25:00,14.232985650094387,52.30478645525634,0.0,case2,DOM01,0.0
17,26,112.45551999127109,100.70259184331168,7,0.3,506,2024-09-28 13:25:00,2024-09-28 13:25:00,14.153512959216558,52.412277599956354,0.0,case2,DOM01,0.0
17,27,136.9312356979883,175.47766033396348,74,0.3,507,2024-09-28 13:25:00,2024-09-28 13:25:00,14.527388301669816,52.53465617848994,0.0,case2,DOM01,0.0
17,31,14.962073082493033,13.188172044507237,239,0.5,508,2024-09-28 13:25:00,2024-09-28 13:25:00,13.715940860222537,51.92481036541246,351.0,case2,DOM01,66.20152025138415
17,33,26.469863414381727,40.899553208687635,40,0.5,509,2024-09-28 13:25:00,2024-09-28 13:25:00,13.854497766043439,51.98234931707191,68.0,case2,DOM01,12.8253657467069
17,37,47.77014279539649,70.59426205713106,8,0.5,510,2024-09-28 13:25:00,2024-09-28 13:25:00,14.002971310285655,52.08885071397699,63.0,case2,DOM01,11.882324147684335
17,38,52.38700697671102,141.81035291235952,15,0.5,511,2024-09-28 13:25:00,2024-09-28 13:25:00,14.359051764561798,52.11193503488356,259.0,case2,DOM01,48.849554829368934
17,39,57.88941170795734,36.65511536309716,21,0.5,512,2024-09-28 13:25:00,2024-09-28 13:25:00,13.833275576815486,52.13944705853979,53.0,case2,DOM01,9.996240949639201
17,41,85.97529224409651,144.87753532316273,96,0.5,513,2024-09-28 13:25:00,2024-09-28 13:25:00,14.374387676615813,52.27987646122048,151.0,case2,DOM01,28.4798562904815
17,45,109.26285827060208,163.46476924498006,128,0.5,514,2024-09-28 13:25:00,2024-09-28 13:25:00,14.4673238462249,52.396314291353015,190.0,case2,DOM01,35.83558076285752
17,47,139.03221974789338,105.57653605756784,71,0.5,515,2024-09-28 13:25:00,2024-09-28 13:25:00,14.177882680287839,52.54516109873947,100.0,case2,DOM01,18.860831980451323
17,49,6.193935431345547,99.12847798742347,330,0.7,516,2024-09-28 13:25:00,2024-09-28 13:25:00,14.145642389937118,51.88096967715673,1431.0,case2,DOM01,269.8985056402584
17,51,28.116310733235817,65.41387352017938,101,0.7,517,2024-09-28 13:25:00,2024-09-28 13:25:00,13.977069367600897,51.99058155366618,285.0,case2,DOM01,53.75337114428628
17,52,32.9139188365695,128.20073664645867,24,0.7,518,2024-09-28 13:25:00,2024-09-28 13:25:00,14.291003683232294,52.014569594182845,446.0,case2,DOM01,84.1193106328129
17,55,40.757315409621796,112.7843726575785,74,0.7,519,2024-09-28 13:25:00,2024-09-28 13:25:00,14.213921863287892,52.05378657704811,212.0,case2,DOM01,39.984963798556805
17,56,65.79128578870515,172.26013084437184,130,0.7,520,2024-09-28 13:25:00,2024-09-28 13:25:00,14.51130065422186,52.17895642894352,468.0,case2,DOM01,88.2686936685122
17,57,90.29068805064459,11.230079146767002,55,0.7,521,2024-09-28 13:25:00,2024-09-28 13:25:00,13.706150395733836,52.30145344025322,322.0,case2,DOM01,60.73187897705326
17,58,95.22034505337359,85.89695887974422,108,0.7,522,2024-09-28 13:25:00,2024-09-28 13:25:00,14.079484794398722,52.32610172526687,223.0,case2,DOM01,42.05965531640645
17,61,112.85865564652056,124.49672404175405,44,0.7,523,2024-09-28 13:25:00,2024-09-28 13:25:00,14.27248362020877,52.4142932782326,118.0,case2,DOM01,22.255781736932565
17,62,121.97537865741805,50.9984336308167,425,0.7,524,2024-09-28 13:25:00,2024-09-28 13:25:00,13.904992168154083,52.45987689328709,1777.0,case2,DOM01,335.15698429262005
18,5,5.54131939382158,43.40524817352708,6,0.3,525,2024-09-28 13:30:00,2024-09-28 13:30:00,13.867026240867634,51.87770659696911,0.0,case2,DOM01,0.0
18,8,40.29438187534149,4.851017874868112,86,0.3,526,2024-09-28 13:30:00,2024-09-28 13:30:00,13.674255089374341,52.05147190937671,0.0,case2,DOM01,0.0
18,9,44.23046271726134,73.06432476687056,182,0.3,527,2024-09-28 13:30:00,2024-09-28 13:30:00,14.015321623834353,52.07115231358631,0.0,case2,DOM01,0.0
18,12,42.85101804538057,46.38713788581167,17,0.3,528,2024-09-28 13:30:00,2024-09-28 13:30:00,13.881935689429058,52.0642550902269,0.0,case2,DOM01,0.0
18,13,43.630824117199175,36.89063464213898,8,0.3,529,2024-09-28 13:30:00,2024-09-28 13:30:00,13.834453173210695,52.068154120585994,0.0,case2,DOM01,0.0
18,14,47.43411714259106,28.640362284906654,26,0.3,530,2024-09-28 13:30:00,2024-09-28 13:30:00,13.793201811424533,52.087170585712954,0.0,case2,DOM01,0.0
18,15,51.338794142245604,171.70004903929745,7,0.3,531,2024-09-28 13:30:00,2024-09-28 13:30:00,14.508500245196487,52.10669397071123,0.0,case2,DOM01,0.0
18,17,56.81422214926438,119.99804355477967,10,0.3,532,2024-09-28 13:30:00,2024-09-28 13:30:00,14.249990217773899,52.13407111074632,0.0,case2,DOM01,0.0
18,20,67.42455379549506,74.50201729479444,122,0.3,533,2024-09-28 13:30:00,2024-09-28 13:30:00,14.022510086473972,52.187122768977474,0.0,case2,DOM01,0.0
18,29,137.82399159175293,173.11685707598573,74,0.3,534,2024-09-28 13:30:00,2024-09-28 13:30:00,14.51558428537993,52.53911995795876,22.0,case2,DOM01,4.149383035699291
18,30,140.0,1.219600806135925,5,0.3,535,2024-09-28 13:30:00,2024-09-28 13:30:00,13.65609800403068,52.55,3.0,case2,DOM01,0.5658249594135397
18,32,0.29528718825755457,78.65909693886832,7,0.5,536,2024-09-28 13:30:00,2024-09-28 13:30:00,14.043295484694342,51.85147643594129,20.0,case2,DOM01,3.772166396090265
18,37,24.699504561583826,47.97530939706371,54,0.5,537,2024-09-28 13:30:00,2024-09-28 13:30:00,13.889876546985318,51.97349752280792,74.0,case2,DOM01,13.95701566553398
18,41,56.47627429834346,45.64030405495285,13,0.5,538,2024-09-28 13:30:00,2024-09-28 13:30:00,13.878201520274764,52.13238137149172,47.0,case2,DOM01,8.864591030812122
18,44,84.69509106512865,151.68144385092822,103,0.5,539,2024-09-28 13:30:00,2024-09-28 13:30:00,14.408407219254642,52.273475455325645,148.0,case2,DOM01,27.91403133106796
18,47,107.79861150005702,169.7365829140926,114,0.5,540,2024-09-28 13:30:00,2024-09-28 13:30:00,14.498682914570463,52.38899305750029,149.0,case2,DOM01,28.102639650872472
18,50,5.295076499415456,106.08212069202789,231,0.7,541,2024-09-28 13:30:00,2024-09-28 13:30:00,14.180410603460139,51.87647538249708,676.0,case2,DOM01,127.49922418785096
18,51,3.710270364404197,116.76959647953596,5,0.7,542,2024-09-28 13:30:00,2024-09-28 13:30:00,14.233847982397679,51.86855135182202,667.0,case2,DOM01,125.80174930961034
18,54,11.95109729283532,23.49751452574161,14,0.7,543,2024-09-28 13:30:00,2024-09-28 13:30:00,13.767487572628708,51.90975548646417,466.0,case2,DOM01,87.89147702890317
18,55,26.37611454889941,71.11919601563551,90,0.7,544,2024-09-28 13:30:00,2024-09-28 13:30:00,14.005595980078178,51.981880572744494,417.0,case2,DOM01,78.64966935848202
18,56,31.196962327406204,136.10246294354755,69,0.7,545,2024-09-28 13:30:00,2024-09-28 13:30:00,14.330512314717739,52.005984811637035,386.0,case2,DOM01,72.80281144454212
18,57,39.19379686988606,119.7445189922741,99,0.7,546,2024-09-28 13:30:00,2024-09-28 13:30:00,14.24872259496137,52.04596898434943,227.0,case2,DOM01,42.814088595624504
18,58,65.20223796289613,175.0377209848889,85,0.7,547,2024-09-28 13:30:00,2024-09-28 13:30:00,14.525188604924445,52.17601118981448,179.0,case2,DOM01,33.760889245007874
18,59,71.68972881246299,139.03917123101243,28,0.7,548,2024-09-28 13:30:00,2024-09-28 13:30:00,14.345195856155062,52.208448644062315,206.0,case2,DOM01,38.853313879729725
18,60,88.71897215886796,20.06324038033005,21,0.7,549,2024-09-28 13:30:00,2024-09-28 13:30:00,13.75031620190165,52.29359486079434,357.0,case2,DOM01,67.33317017021123
18,62,94.08420982821673,96.11244526699217,125,0.7,550,2024-09-28 13:30:00,2024-09-28 13:30:00,14.13056222633496,52.32042104914108,288.0,case2,DOM01,54.31919610369982
18,65,111.93857857960111,133.6761299833521,54,0.7,551,2024-09-28 13:30:00,2024-09-28 13:30:00,14.31838064991676,52.409692892898,133.0,case2,DOM01,25.08490653400026
18,66,120.84119998683525,61.124438796168256,435,0.7,552,2024-09-28 13:30:00,2024-09-28 13:30:00,13.955622193980842,52.454205999934175,1848.0,case2,DOM01,348.5481749987405
18,67,139.85640823236625,87.14701070989373,12,0.7,553,2024-09-28 13:30:00,2024-09-28 13:30:00,14.085735053549469,52.54928204116183,330.0,case2,DOM01,62.240745535489374
19,4,0.23943614175925423,84.27701505787465,9,0.3,554,2024-09-28 13:35:00,2024-09-28 13:35:00,14.071385075289374,51.851197180708795,2.0,case2,DOM01,0.3772166396090265
19,7,47.72090901203764,159.77940282782004,227,0.3,555,2024-09-28 13:35:00,2024-09-28 13:35:00,14.4488970141391,52.08860454506019,0.0,case2,DOM01,0.0
19,9,40.12915085540836,50.61253856994986,6,0.3,556,2024-09-28 13:35:00,2024-09-28 13:35:00,13.90306269284975,52.05064575427704,0.0,case2,DOM01,0.0
19,12,54.46701889801887,51.77859801161285,77,0.3,557,2024-09-28 13:35:00,2024-09-28 13:35:00,13.908892990058064,52.12233509449009,21.0,case2,DOM01,3.9607747158947784
19,13,59.03032741311928,107.39084062882044,6,0.3,558,2024-09-28 13:35:00,2024-09-28 13:35:00,14.186954203144102,52.1451516370656,0.0,case2,DOM01,0.0
19,16,63.73497807752645,88.72461350746168,6,0.3,559,2024-09-28 13:35:00,2024-09-28 13:35:00,14.093623067537308,52.168674890387635,0.0,case2,DOM01,0.0
19,17,67.86476722424135,77.21519217564163,60,0.3,560,2024-09-28 13:35:00,2024-09-28 13:35:00,14.03607596087821,52.189323836121204,0.0,case2,DOM01,0.0
19,27,13.705461790307515,5.432601156967141,82,0.5,561,2024-09-28 13:35:00,2024-09-28 13:35:00,13.677163005784836,51.91852730895154,198.0,case2,DOM01,37.34444732129362
19,29,17.047458649597743,22.351605659545903,29,0.5,562,2024-09-28 13:35:00,2024-09-28 13:35:00,13.761758028297729,51.935237293247994,71.0,case2,DOM01,13.39119070612044
19,31,22.99115188362071,55.17018503385621,60,0.5,563,2024-09-28 13:35:00,2024-09-28 13:35:00,13.925850925169282,51.96495575941811,80.0,case2,DOM01,15.08866558436106
19,33,38.49409722149983,4.6287942495136845,17,0.5,564,2024-09-28 13:35:00,2024-09-28 13:35:00,13.673143971247569,52.0424704861075,55.0,case2,DOM01,10.373457589248229
19,40,83.38614007024754,158.80137793676008,92,0.5,565,2024-09-28 13:35:00,2024-09-28 13:35:00,14.4440068896838,52.26693070035124,121.0,case2,DOM01,22.821606696346105
19,43,106.51938210879074,174.1244944342194,68,0.5,566,2024-09-28 13:35:00,2024-09-28 13:35:00,14.520622472171096,52.38259691054395,81.0,case2,DOM01,15.277273904165574
19,46,138.9743505665147,171.0805047180325,16,0.5,567,2024-09-28 13:35:00,2024-09-28 13:35:00,14.505402523590163,52.54487175283258,54.0,case2,DOM01,10.184849269443715
19,47,139.8604847365365,9.996062201334956,20,0.5,568,2024-09-28 13:35:00,2024-09-28 13:35:00,13.699980311006675,52.54930242368268,28.0,case2,DOM01,5.281032954526371
19,49,4.162435817107182,114.14468320814919,175,0.7,569,2024-09-28 13:35:00,2024-09-28 13:35:00,14.220723416040746,51.87081217908553,981.0,case2,DOM01,185.0247617282275
19,50,9.531629796726643,33.57336750017863,63,0.7,570,2024-09-28 13:35:00,2024-09-28 13:35:00,13.817866837500894,51.89765814898363,171.0,case2,DOM01,32.25202268657176
19,51,11.813268763426441,155.15078691366136,52,0.7,571,2024-09-28 13:35:00,2024-09-28 13:35:00,14.425753934568307,51.90906634381713,323.0,case2,DOM01,60.92048729685778
19,52,25.036101054460524,77.68871173168452,89,0.7,572,2024-09-28 13:35:00,2024-09-28 13:35:00,14.038443558658424,51.975180505272306,539.0,case2,DOM01,101.65988437463264
19,53,29.46351050131858,145.2435366850402,109,0.7,573,2024-09-28 13:35:00,2024-09-28 13:35:00,14.376217683425201,51.997317552506594,224.0,case2,DOM01,42.248263636210964
19,55,29.72113262787271,177.29128666832509,27,0.7,574,2024-09-28 13:35:00,2024-09-28 13:35:00,14.536456433341625,51.998605663139365,131.0,case2,DOM01,24.707689894391233
19,56,37.04603900012588,126.32737493868926,75,0.7,575,2024-09-28 13:35:00,2024-09-28 13:35:00,14.281636874693445,52.03523019500063,275.0,case2,DOM01,51.86728794624114
19,57,64.15414376537947,177.83466768380637,39,0.7,576,2024-09-28 13:35:00,2024-09-28 13:35:00,14.539173338419033,52.1707707188269,86.0,case2,DOM01,16.22031550318814
19,58,68.77919998988683,1.9275665341021226,27,0.7,577,2024-09-28 13:35:00,2024-09-28 13:35:00,13.65963783267051,52.19389599994943,102.0,case2,DOM01,19.23804862006035
19,59,70.14427393100475,147.98990122917138,81,0.7,578,2024-09-28 13:35:00,2024-09-28 13:35:00,14.389949506145857,52.20072136965503,195.0,case2,DOM01,36.77862236188009
19,62,92.80522559538447,103.64948808072185,142,0.7,579,2024-09-28 13:35:00,2024-09-28 13:35:00,14.16824744040361,52.31402612797692,413.0,case2,DOM01,77.89523607926397
19,64,99.12366973515103,67.61109760449335,47,0.7,580,2024-09-28 13:35:00,2024-09-28 13:35:00,13.988055488022466,52.34561834867576,793.0,case2,DOM01,149.56639760497902
19,66,99.73492615512852,1.3278470638914863,11,0.7,581,2024-09-28 13:35:00,2024-09-28 13:35:00,13.656639235319457,52.34867463077564,149.0,case2,DOM01,28.102639650872472
19,69,110.13530909853507,143.54508286275473,63,0.7,582,2024-09-28 13:35:00,2024-09-28 13:35:00,14.367725414313773,52.40067654549267,147.0,case2,DOM01,27.725423011263448
19,70,119.24358795427788,72.81950169687445,414,0.7,583,2024-09-28 13:35:00,2024-09-28 13:35:00,14.014097508484372,52.44621793977139,1455.0,case2,DOM01,274.4251053155668
19,71,128.73615419897104,92.76926667440314,18,0.7,584,2024-09-28 13:35:00,2024-09-28 13:35:00,14.113846333372015,52.49368077099486,160.0,case2,DOM01,30.17733116872212
19,74,138.5570609645686,100.2219091391948,67,0.7,585,2024-09-28 13:35:00,2024-09-28 13:35:00,14.151109545695974,52.54278530482284,461.0,case2,DOM01,86.9484354298806
20,8,52.6448595926967,60.81668210366958,62,0.3,586,2024-09-28 13:40:00,2024-09-28 13:40:00,13.954083410518347,52.113224297963484,0.0,case2,DOM01,0.0
20,11,66.57943993564191,83.1428288135064,80,0.3,587,2024-09-28 13:40:00,2024-09-28 13:40:00,14.065714144067531,52.18289719967821,13.0,case2,DOM01,2.4519081574586723
20,23,12.445466268316478,14.767022708893524,24,0.5,588,2024-09-28 13:40:00,2024-09-28 13:40:00,13.723835113544467,51.91222733134158,94.0,case2,DOM01,17.729182061624243
20,24,16.49283594461947,125.41203887902098,5,0.5,589,2024-09-28 13:40:00,2024-09-28 13:40:00,14.277060194395105,51.9324641797231,27.0,case2,DOM01,5.092424634721858
20,25,21.12899771864572,63.15640436141623,81,0.5,590,2024-09-28 13:40:00,2024-09-28 13:40:00,13.965782021807081,51.95564498859323,101.0,case2,DOM01,19.04944030025584
20,27,36.32144140186699,84.8254940536918,70,0.5,591,2024-09-28 13:40:00,2024-09-28 13:40:00,14.074127470268458,52.03160720700934,151.0,case2,DOM01,28.4798562904815
20,28,37.430635852851715,11.463225861612731,20,0.5,592,2024-09-28 13:40:00,2024-09-28 13:40:00,13.707316129308063,52.03715317926426,60.0,case2,DOM01,11.316499188270795
20,30,63.562531223949144,179.95564813549808,5,0.5,593,2024-09-28 13:40:00,2024-09-28 13:40:00,14.54977824067749,52.16781265611974,10.0,case2,DOM01,1.8860831980451325
20,35,105.71594983510366,178.36570888085947,23,0.5,594,2024-09-28 13:40:00,2024-09-28 13:40:00,14.541828544404298,52.37857974917552,33.0,case2,DOM01,6.224074553548936
20,38,138.61260968849908,177.28140285966563,30,0.5,595,2024-09-28 13:40:00,2024-09-28 13:40:00,14.536407014298328,52.5430630484425,46.0,case2,DOM01,8.67598271100761
20,39,139.0982075475839,18.41177203058191,54,0.5,596,2024-09-28 13:40:00,2024-09-28 13:40:00,13.742058860152909,52.54549103773792,160.0,case2,DOM01,30.17733116872212
20,41,1.5459845399687802,2.3133598906073027,26,0.7,597,2024-09-28 13:40:00,2024-09-28 13:40:00,13.661566799453038,51.85772992269984,48.0,case2,DOM01,9.053199350616635
20,42,1.1873057598243104,109.60465400015528,8,0.7,598,2024-09-28 13:40:00,2024-09-28 13:40:00,14.198023270000776,51.85593652879912,115.0,case2,DOM01,21.689956777519026
20,43,3.6397109171969775,121.04235927377837,113,0.7,599,2024-09-28 13:40:00,2024-09-28 13:40:00,14.255211796368892,51.86819855458599,688.0,case2,DOM01,129.76252402550512
20,44,7.398414155760748,39.7264329411811,79,0.7,600,2024-09-28 13:40:00,2024-09-28 13:40:00,13.848632164705906,51.8869920707788,156.0,case2,DOM01,29.422897889504068
20,45,10.283947722385328,162.1783422712915,88,0.7,601,2024-09-28 13:40:00,2024-09-28 13:40:00,14.460891711356458,51.90141973861193,207.0,case2,DOM01,39.04192219953425
20,46,24.12183517134211,83.01423614554443,104,0.7,602,2024-09-28 13:40:00,2024-09-28 13:40:00,14.065071180727722,51.97060917585671,697.0,case2,DOM01,131.4599989037457
20,47,28.179224344351642,153.08249615602327,125,0.7,603,2024-09-28 13:40:00,2024-09-28 13:40:00,14.415412480780118,51.99089612172176,252.0,case2,DOM01,47.52929659073734
20,48,27.49616207994805,178.4712424995728,19,0.7,604,2024-09-28 13:40:00,2024-09-28 13:40:00,14.542356212497864,51.98748081039974,72.0,case2,DOM01,13.579799025924954
20,49,34.44287472129514,131.39317783853954,67,0.7,605,2024-09-28 13:40:00,2024-09-28 13:40:00,14.306965889192698,52.022214373606474,373.0,case2,DOM01,70.35090328708344
20,50,65.42465247063467,4.224426014182297,78,0.7,606,2024-09-28 13:40:00,2024-09-28 13:40:00,13.671122130070911,52.17712326235317,442.0,case2,DOM01,83.36487735359485
20,51,69.08960738341602,155.05864679213227,100,0.7,607,2024-09-28 13:40:00,2024-09-28 13:40:00,14.425293233960662,52.19544803691708,190.0,case2,DOM01,35.83558076285752
20,52,82.52649860736271,163.96964247131245,11,0.7,608,2024-09-28 13:40:00,2024-09-28 13:40:00,14.469848212356563,52.26263249303681,90.0,case2,DOM01,16.97474878240619
20,53,91.51896492516843,111.98505864364327,144,0.7,609,2024-09-28 13:40:00,2024-09-28 13:40:00,14.209925293218218,52.307594824625845,568.0,case2,DOM01,107.12952564896352
20,54,93.64455777871348,3.9982324739767936,47,0.7,610,2024-09-28 13:40:00,2024-09-28 13:40:00,13.669991162369884,52.318222788893564,319.0,case2,DOM01,60.16605401763972
20,56,97.99964635594927,76.77060050803577,97,0.7,611,2024-09-28 13:40:00,2024-09-28 13:40:00,14.033853002540178,52.33999823177975,363.0,case2,DOM01,68.46482008903831
20,57,97.42824946286792,52.00130628324987,41,0.7,612,2024-09-28 13:40:00,2024-09-28 13:40:00,13.910006531416249,52.33714124731434,531.0,case2,DOM01,100.15101781619653
20,58,97.82375240810964,60.845708164253296,8,0.7,613,2024-09-28 13:40:00,2024-09-28 13:40:00,13.954228540821266,52.33911876204055,32.0,case2,DOM01,6.035466233744424
20,59,108.73376595783513,153.97956188711703,65,0.7,614,2024-09-28 13:40:00,2024-09-28 13:40:00,14.419897809435586,52.39366882978918,180.0,case2,DOM01,33.94949756481238
20,60,117.88360693156916,83.44356564401143,399,0.7,615,2024-09-28 13:40:00,2024-09-28 13:40:00,14.067217828220057,52.43941803465784,1389.0,case2,DOM01,261.9769562084689
20,61,130.45809822670344,94.64808162224959,6,0.7,616,2024-09-28 13:40:00,2024-09-28 13:40:00,14.123240408111247,52.50229049113352,207.0,case2,DOM01,39.04192219953425
20,62,137.31691032213922,110.78006768112868,134,0.7,617,2024-09-28 13:40:00,2024-09-28 13:40:00,14.203900338405644,52.536584551610694,314.0,case2,DOM01,59.22301241861716
20,63,139.176369433467,134.4759639447052,11,0.7,618,2024-09-28 13:40:00,2024-09-28 13:40:00,14.322379819723526,52.54588184716734,315.0,case2,DOM01,59.41162073842167
21,6,11.904495024207444,26.469348654727852,90,0.3,619,2024-09-28 13:45:00,2024-09-28 13:45:00,13.782346743273639,51.90952247512104,0.0,case2,DOM01,0.0
21,9,50.84262519596201,67.45887755804803,45,0.3,620,2024-09-28 13:45:00,2024-09-28 13:45:00,13.98729438779024,52.10421312597981,0.0,case2,DOM01,0.0
21,11,65.57750737774192,90.08996147301129,99,0.3,621,2024-09-28 13:45:00,2024-09-28 13:45:00,14.100449807365056,52.17788753688871,30.0,case2,DOM01,5.658249594135397
21,14,73.21820475734333,125.39917845222806,7,0.3,622,2024-09-28 13:45:00,2024-09-28 13:45:00,14.27699589226114,52.21609102378672,0.0,case2,DOM01,0.0
21,20,2.523216882251204,155.01586806698054,82,0.5,623,2024-09-28 13:45:00,2024-09-28 13:45:00,14.425079340334904,51.86261608441126,163.0,case2,DOM01,30.74315612813566
21,24,29.205035761317845,107.82208606373163,6,0.5,624,2024-09-28 13:45:00,2024-09-28 13:45:00,14.189110430318658,51.99602517880659,17.0,case2,DOM01,3.206341436676725
21,25,35.52566911191239,20.21993080306906,18,0.5,625,2024-09-28 13:45:00,2024-09-28 13:45:00,13.751099654015345,52.02762834555956,56.0,case2,DOM01,10.562065909052741
21,29,82.2778043612122,49.59232046179182,202,0.5,626,2024-09-28 13:45:00,2024-09-28 13:45:00,13.897961602308959,52.26138902180606,307.0,case2,DOM01,57.90275417998557
21,35,138.2161481379441,179.27204668915272,11,0.5,627,2024-09-28 13:45:00,2024-09-28 13:45:00,14.546360233445764,52.54108074068972,44.0,case2,DOM01,8.298766071398582
21,37,1.235904966779218,4.602552036815162,49,0.7,628,2024-09-28 13:45:00,2024-09-28 13:45:00,13.673012760184076,51.85617952483389,83.0,case2,DOM01,15.6544905437746
21,38,2.207544647131508,127.04853647735537,78,0.7,629,2024-09-28 13:45:00,2024-09-28 13:45:00,14.285242682386777,51.861037723235654,513.0,case2,DOM01,96.7560680597153
21,39,5.431719947864922,48.422910194162014,77,0.7,630,2024-09-28 13:45:00,2024-09-28 13:45:00,13.89211455097081,51.877158599739325,159.0,case2,DOM01,29.988722848917607
21,40,8.701356405053605,169.07668152751364,108,0.7,631,2024-09-28 13:45:00,2024-09-28 13:45:00,14.495383407637567,51.89350678202527,204.0,case2,DOM01,38.4760972401207
21,41,21.20040652789828,96.29950175746308,98,0.7,632,2024-09-28 13:45:00,2024-09-28 13:45:00,14.131497508787316,51.95600203263949,853.0,case2,DOM01,160.88289679324978
21,42,18.92839297608014,68.74353445016031,26,0.7,633,2024-09-28 13:45:00,2024-09-28 13:45:00,13.993717672250801,51.944641964880404,131.0,case2,DOM01,24.707689894391233
21,45,26.490575384231427,161.26729991952638,115,0.7,634,2024-09-28 13:45:00,2024-09-28 13:45:00,14.456336499597633,51.98245287692116,273.0,case2,DOM01,51.49007130663212
21,47,32.21749766652263,136.42259337433384,79,0.7,635,2024-09-28 13:45:00,2024-09-28 13:45:00,14.33211296687167,52.01108748833261,390.0,case2,DOM01,73.55724472376018
21,49,64.03103354102964,9.395213105004526,170,0.7,636,2024-09-28 13:45:00,2024-09-28 13:45:00,13.696976065525023,52.17015516770515,654.0,case2,DOM01,123.34984115215165
21,50,67.35153761343028,163.51307401991454,99,0.7,637,2024-09-28 13:45:00,2024-09-28 13:45:00,14.467565370099573,52.18675768806715,189.0,case2,DOM01,35.646972443053
21,52,81.02675813308785,173.74229340838065,17,0.7,638,2024-09-28 13:45:00,2024-09-28 13:45:00,14.518711467041904,52.25513379066544,65.0,case2,DOM01,12.259540787293362
21,53,90.10734987651615,120.44692303102997,146,0.7,639,2024-09-28 13:45:00,2024-09-28 13:45:00,14.25223461515515,52.30053674938258,692.0,case2,DOM01,130.51695730472315
21,54,90.26477342216118,5.405154985642079,67,0.7,640,2024-09-28 13:45:00,2024-09-28 13:45:00,13.677025774928211,52.3013238671108,404.0,case2,DOM01,76.19776120102335
21,55,95.99049240381007,84.52904777582428,126,0.7,641,2024-09-28 13:45:00,2024-09-28 13:45:00,14.07264523887912,52.32995246201905,499.0,case2,DOM01,94.1155515824521
21,57,96.04295146573651,62.52935180692874,38,0.7,642,2024-09-28 13:45:00,2024-09-28 13:45:00,13.962646759034644,52.33021475732868,249.0,case2,DOM01,46.9634716313238
21,60,107.34463585802756,164.84795652160636,53,0.7,643,2024-09-28 13:45:00,2024-09-28 13:45:00,14.474239782608032,52.386723179290136,272.0,case2,DOM01,51.3014629868276
21,61,116.20005861912065,93.92609874269797,304,0.7,644,2024-09-28 13:45:00,2024-09-28 13:45:00,14.119630493713489,52.4310002930956,1472.0,case2,DOM01,277.6314467522435
21,62,134.89664083801526,119.29952850558003,207,0.7,645,2024-09-28 13:45:00,2024-09-28 13:45:00,14.246497642527899,52.524483204190076,501.0,case2,DOM01,94.49276822206114
21,63,138.20484931697538,27.720738158505643,44,0.7,646,2024-09-28 13:45:00,2024-09-28 13:45:00,13.78860369079253,52.541024246584875,107.0,case2,DOM01,20.18109021908292
21,64,136.96735069718494,143.95052179251076,9,0.7,647,2024-09-28 13:45:00,2024-09-28 13:45:00,14.369752608962553,52.53483675348592,358.0,case2,DOM01,67.52177849001575
22,7,11.285054263124335,38.125471707069316,8,0.3,648,2024-09-28 13:50:00,2024-09-28 13:50:00,13.840627358535347,51.90642527131562,0.0,case2,DOM01,0.0
22,8,18.085554033394803,1.6552681585079323,20,0.3,649,2024-09-28 13:50:00,2024-09-28 13:50:00,13.65827634079254,51.94042777016697,0.0,case2,DOM01,0.0
22,10,49.965468117904415,75.84173577729622,33,0.3,650,2024-09-28 13:50:00,2024-09-28 13:50:00,14.02920867888648,52.09982734058952,0.0,case2,DOM01,0.0
22,12,64.44838707114289,97.29920700493008,119,0.3,651,2024-09-28 13:50:00,2024-09-28 13:50:00,14.136496035024651,52.172241935355714,53.0,case2,DOM01,9.996240949639201
22,14,71.89260134899352,134.59630343139702,21,0.3,652,2024-09-28 13:50:00,2024-09-28 13:50:00,14.322981517156984,52.20946300674497,0.0,case2,DOM01,0.0
22,18,100.22966392548288,2.1871621149873435,6,0.3,653,2024-09-28 13:50:00,2024-09-28 13:50:00,13.660935810574937,52.35114831962741,0.0,case2,DOM01,0.0
22,19,104.75096708079553,41.57442071725661,17,0.3,654,2024-09-28 13:50:00,2024-09-28 13:50:00,13.857872103586283,52.37375483540398,0.0,case2,DOM01,0.0
22,20,103.79670766917583,48.348705833840334,13,0.3,655,2024-09-28 13:50:00,2024-09-28 13:50:00,13.891743529169203,52.36898353834588,0.0,case2,DOM01,0.0
22,26,9.061390420243185,160.72993678577592,8,0.5,656,2024-09-28 13:50:00,2024-09-28 13:50:00,14.45364968392888,51.895306952101215,74.0,case2,DOM01,13.95701566553398
22,27,10.833364352949976,149.81381867488625,30,0.5,657,2024-09-28 13:50:00,2024-09-28 13:50:00,14.39906909337443,51.904166821764754,83.0,case2,DOM01,15.6544905437746
22,29,32.923565765236695,1.708387617884825,38,0.5,658,2024-09-28 13:50:00,2024-09-28 13:50:00,13.658541938089424,52.01461782882618,63.0,case2,DOM01,11.882324147684335
22,30,34.08398525273201,27.79318774046327,21,0.5,659,2024-09-28 13:50:00,2024-09-28 13:50:00,13.788965938702317,52.02041992626366,57.0,case2,DOM01,10.750674228857255
22,31,55.871057169117236,0.15141779795317994,5,0.5,660,2024-09-28 13:50:00,2024-09-28 13:50:00,13.650757088989765,52.12935528584559,19.0,case2,DOM01,3.5835580762857515
22,35,79.44497960665772,59.15319219073604,189,0.5,661,2024-09-28 13:50:00,2024-09-28 13:50:00,13.94576596095368,52.24722489803329,282.0,case2,DOM01,53.18754618487273
22,36,80.21241117486109,179.59525966562106,10,0.5,662,2024-09-28 13:50:00,2024-09-28 13:50:00,14.547976298328106,52.25106205587431,16.0,case2,DOM01,3.017733116872212
22,40,127.80085866837213,4.445412257984361,13,0.5,663,2024-09-28 13:50:00,2024-09-28 13:50:00,13.672227061289922,52.489004293341864,65.0,case2,DOM01,12.259540787293362
22,44,140.0,169.06292465636594,9,0.5,664,2024-09-28 13:50:00,2024-09-28 13:50:00,14.495314623281828,52.55,35.0,case2,DOM01,6.601291193157963
22,46,0.311726762216213,9.13175365023594,14,0.7,665,2024-09-28 13:50:00,2024-09-28 13:50:00,13.69565876825118,51.85155863381108,73.0,case2,DOM01,13.768407345729466
22,47,3.636017771450128,57.383670382112804,82,0.7,666,2024-09-28 13:50:00,2024-09-28 13:50:00,13.936918351910563,51.86818008885725,155.0,case2,DOM01,29.234289569699552
22,48,1.1746438830758819,132.8749557932196,36,0.7,667,2024-09-28 13:50:00,2024-09-28 13:50:00,14.314374778966098,51.85587321941538,236.0,case2,DOM01,44.51156347386513
22,49,7.158372156736287,174.68743647815052,82,0.7,668,2024-09-28 13:50:00,2024-09-28 13:50:00,14.523437182390753,51.88579186078368,150.0,case2,DOM01,28.291247970676988
22,50,21.26055963657452,101.50682438460167,104,0.7,669,2024-09-28 13:50:00,2024-09-28 13:50:00,14.157534121923009,51.95630279818287,652.0,case2,DOM01,122.97262451254264
22,51,13.54881227915095,114.98058102840588,6,0.7,670,2024-09-28 13:50:00,2024-09-28 13:50:00,14.224902905142029,51.91774406139576,204.0,case2,DOM01,38.4760972401207
22,53,17.279446197682756,77.72077852782205,67,0.7,671,2024-09-28 13:50:00,2024-09-28 13:50:00,14.038603892639111,51.93639723098841,168.0,case2,DOM01,31.686197727158227
22,54,25.356008205859354,168.2780491695785,115,0.7,672,2024-09-28 13:50:00,2024-09-28 13:50:00,14.491390245847892,51.97678004102929,293.0,case2,DOM01,55.26223770272238
22,55,29.69077833164913,141.54115484051894,110,0.7,673,2024-09-28 13:50:00,2024-09-28 13:50:00,14.357705774202595,51.998453891658244,397.0,case2,DOM01,74.87750296239176
22,56,62.83738125426687,14.758177939136397,192,0.7,674,2024-09-28 13:50:00,2024-09-28 13:50:00,13.723790889695682,52.16418690627133,554.0,case2,DOM01,104.48900917170035
22,57,65.38059820457173,172.88802254525066,70,0.7,675,2024-09-28 13:50:00,2024-09-28 13:50:00,14.514440112726254,52.17690299102286,177.0,case2,DOM01,33.38367260539884
22,59,74.67010418051196,21.072179911782964,19,0.7,676,2024-09-28 13:50:00,2024-09-28 13:50:00,13.755360899558916,52.223350520902564,216.0,case2,DOM01,40.73939707777486
22,61,89.05306505574048,129.4651777265916,150,0.7,677,2024-09-28 13:50:00,2024-09-28 13:50:00,14.297325888632958,52.295265325278706,727.0,case2,DOM01,137.11824849788113
22,62,88.36185249870186,14.512744261917126,49,0.7,678,2024-09-28 13:50:00,2024-09-28 13:50:00,13.722563721309585,52.29180926249351,430.0,case2,DOM01,81.10157751594069
22,63,94.45255591974042,93.2493312548954,135,0.7,679,2024-09-28 13:50:00,2024-09-28 13:50:00,14.116246656274477,52.3222627795987,539.0,case2,DOM01,101.65988437463264
22,64,94.79640004586132,67.77382046356438,98,0.7,680,2024-09-28 13:50:00,2024-09-28 13:50:00,13.988869102317821,52.32398200022931,272.0,case2,DOM01,51.3014629868276
22,65,105.95925614049042,171.72417917316048,43,0.7,681,2024-09-28 13:50:00,2024-09-28 13:50:00,14.508620895865802,52.37979628070246,303.0,case2,DOM01,57.148320900767516
22,66,114.65831987680248,104.75311802259591,274,0.7,682,2024-09-28 13:50:00,2024-09-28 13:50:00,14.17376559011298,52.42329159938401,1513.0,case2,DOM01,285.36438786422855
22,67,133.3074462149078,129.44425557468952,246,0.7,683,2024-09-28 13:50:00,2024-09-28 13:50:00,14.297221277873447,52.51653723107454,1100.0,case2,DOM01,207.46915178496457
22,68,135.69633693123467,36.09058957383101,50,0.7,684,2024-09-28 13:50:00,2024-09-28 13:50:00,13.830452947869155,52.52848168465617,167.0,case2,DOM01,31.49758940735371
23,7,48.32157530367217,85.45597119684905,24,0.3,685,2024-09-28 13:55:00,2024-09-28 13:55:00,14.077279855984244,52.09160787651836,0.0,case2,DOM01,0.0
23,11,71.23380266758402,140.67501612367357,15,0.3,686,2024-09-28 13:55:00,2024-09-28 13:55:00,14.353375080618369,52.20616901333792,0.0,case2,DOM01,0.0
23,15,138.88514056761966,0.9464186756802508,13,0.3,687,2024-09-28 13:55:00,2024-09-28 13:55:00,13.654732093378401,52.5444257028381,0.0,case2,DOM01,0.0
23,17,0.3425631226633855,24.310022551215287,30,0.5,688,2024-09-28 13:55:00,2024-09-28 13:55:00,13.771550112756076,51.85171281561332,46.0,case2,DOM01,8.67598271100761
23,22,8.41829844547631,164.82541883096513,38,0.5,689,2024-09-28 13:55:00,2024-09-28 13:55:00,14.474127094154825,51.89209149222739,101.0,case2,DOM01,19.04944030025584
23,24,25.175122499493135,3.491684519073303,34,0.5,690,2024-09-28 13:55:00,2024-09-28 13:55:00,13.667458422595367,51.97587561249747,58.0,case2,DOM01,10.939282548661769
23,25,32.57936395435827,9.229218693719579,134,0.5,691,2024-09-28 13:55:00,2024-09-28 13:55:00,13.696146093468599,52.01289681977179,202.0,case2,DOM01,38.09888060051168
23,26,32.74484515288077,34.462446343648,23,0.5,692,2024-09-28 13:55:00,2024-09-28 13:55:00,13.82231223171824,52.013724225764406,50.0,case2,DOM01,9.430415990225661
23,27,35.64737225133868,113.74072537284937,13,0.5,693,2024-09-28 13:55:00,2024-09-28 13:55:00,14.218703626864247,52.028236861256694,30.0,case2,DOM01,5.658249594135397
23,30,63.73012150574421,104.1323030006166,20,0.5,694,2024-09-28 13:55:00,2024-09-28 13:55:00,14.170661515003083,52.168650607528726,70.0,case2,DOM01,13.202582386315926
23,35,126.60121875032739,9.417306940391446,34,0.5,695,2024-09-28 13:55:00,2024-09-28 13:55:00,13.697086534701958,52.483006093751634,97.0,case2,DOM01,18.295007021037783
23,38,1.4588165257010715,66.78696949013835,56,0.7,696,2024-09-28 13:55:00,2024-09-28 13:55:00,13.98393484745069,51.857294082628506,140.0,case2,DOM01,26.405164772631853
23,40,0.025858483013528655,138.48725420044107,7,0.7,697,2024-09-28 13:55:00,2024-09-28 13:55:00,14.342436271002205,51.85012929241507,183.0,case2,DOM01,34.51532252422592
23,41,6.195939520042232,179.23497834308452,11,0.7,698,2024-09-28 13:55:00,2024-09-28 13:55:00,14.546174891715422,51.88097969760021,70.0,case2,DOM01,13.202582386315926
23,42,16.546919832798867,112.86960198797115,126,0.7,699,2024-09-28 13:55:00,2024-09-28 13:55:00,14.214348009939856,51.93273459916399,541.0,case2,DOM01,102.03710101424167
23,43,15.283211685602422,86.2910840655714,73,0.7,700,2024-09-28 13:55:00,2024-09-28 13:55:00,14.081455420327858,51.92641605842801,162.0,case2,DOM01,30.554547808331147
23,44,24.16202988466966,174.28900773885152,95,0.7,701,2024-09-28 13:55:00,2024-09-28 13:55:00,14.521445038694257,51.97081014942335,247.0,case2,DOM01,46.58625499171477
23,45,27.37354204274156,147.8109723670329,140,0.7,702,2024-09-28 13:55:00,2024-09-28 13:55:00,14.389054861835165,51.98686771021371,407.0,case2,DOM01,76.76358616043689
23,46,29.21055288240924,106.72663655553079,11,0.7,703,2024-09-28 13:55:00,2024-09-28 13:55:00,14.183633182777655,51.99605276441204,174.0,case2,DOM01,32.8178476459853
23,48,53.83378939445984,4.098727664019179,68,0.7,704,2024-09-28 13:55:00,2024-09-28 13:55:00,13.670493638320096,52.119168946972295,231.0,case2,DOM01,43.56852187484256
23,49,61.52069239179289,20.830389366191643,148,0.7,705,2024-09-28 13:55:00,2024-09-28 13:55:00,13.754151946830959,52.15760346195896,392.0,case2,DOM01,73.9344613633692
23,50,60.32075194439075,41.98318517864911,14,0.7,706,2024-09-28 13:55:00,2024-09-28 13:55:00,13.859915925893246,52.15160375972195,154.0,case2,DOM01,29.04568124989504
23,51,64.62567573065364,177.2081552715608,21,0.7,707,2024-09-28 13:55:00,2024-09-28 13:55:00,14.536040776357805,52.17312837865327,103.0,case2,DOM01,19.426656939864863
23,53,72.72083840266224,28.418544185199956,62,0.7,708,2024-09-28 13:55:00,2024-09-28 13:55:00,13.792092720926,52.213604192013314,215.0,case2,DOM01,40.550788757970345
23,54,76.38294193550931,61.89037115021968,7,0.7,709,2024-09-28 13:55:00,2024-09-28 13:55:00,13.9594518557511,52.23191470967755,283.0,case2,DOM01,53.37615450467725
23,56,87.90860160675696,136.9308363334791,137,0.7,710,2024-09-28 13:55:00,2024-09-28 13:55:00,14.334654181667396,52.28954300803378,763.0,case2,DOM01,143.9081480108436
23,57,86.9731500192216,20.981114704810263,27,0.7,711,2024-09-28 13:55:00,2024-09-28 13:55:00,13.754905573524052,52.2848657500961,146.0,case2,DOM01,27.536814691458932
23,58,85.20120539432679,30.354895042722244,7,0.7,712,2024-09-28 13:55:00,2024-09-28 13:55:00,13.801774475213612,52.276006026971636,278.0,case2,DOM01,52.43311290565468
23,59,93.5235882155752,92.45984314621134,280,0.7,713,2024-09-28 13:55:00,2024-09-28 13:55:00,14.112299215731056,52.31761794107788,714.0,case2,DOM01,134.66634034042247
23,60,93.34378900775752,61.21427342507575,9,0.7,714,2024-09-28 13:55:00,2024-09-28 13:55:00,13.956071367125379,52.31671894503879,47.0,case2,DOM01,8.864591030812122
23,61,104.09584026254919,175.40106075141927,24,0.7,715,2024-09-28 13:55:00,2024-09-28 13:55:00,14.527005303757097,52.37047920131274,252.0,case2,DOM01,47.52929659073734
23,63,112.90236506102566,116.21650054531803,224,0.7,716,2024-09-28 13:55:00,2024-09-28 13:55:00,14.23108250272659,52.41451182530513,1382.0,case2,DOM01,260.6566979698373
23,65,132.36416711207605,140.30176792306864,305,0.7,717,2024-09-28 13:55:00,2024-09-28 13:55:00,14.351508839615343,52.51182083556038,1447.0,case2,DOM01,272.91623875713066
23,67,133.53791538747856,46.73870731549204,42,0.7,718,2024-09-28 13:55:00,2024-09-28 13:55:00,13.88369353657746,52.51768957693739,268.0,case2,DOM01,50.547029707609546
24,6,8.84341832818332,3.3428813091278884,75,0.3,719,2024-09-28 14:00:00,2024-09-28 14:00:00,13.66671440654564,51.89421709164092,43.0,case2,DOM01,8.11015775159407
24,8,46.86207886669838,93.71233191984359,12,0.3,720,2024-09-28 14:00:00,2024-09-28 14:00:00,14.118561659599218,52.08431039433349,0.0,case2,DOM01,0.0
24,13,99.15017692581822,10.941530263608612,86,0.3,721,2024-09-28 14:00:00,2024-09-28 14:00:00,13.704707651318044,52.34575088462909,21.0,case2,DOM01,3.9607747158947784
24,15,0.022402012112130325,32.26711874327884,16,0.5,722,2024-09-28 14:00:00,2024-09-28 14:00:00,13.811335593716395,51.85011201006056,31.0,case2,DOM01,5.846857913939911
24,19,6.950060558502925,170.6078926967772,9,0.5,723,2024-09-28 14:00:00,2024-09-28 14:00:00,14.503039463483887,51.88475030279251,100.0,case2,DOM01,18.860831980451323
24,26,31.63635367700006,24.45153052753848,174,0.5,724,2024-09-28 14:00:00,2024-09-28 14:00:00,13.772257652637693,52.008181768385,298.0,case2,DOM01,56.205279301744945
24,28,61.76353075947374,112.78878273689092,30,0.5,725,2024-09-28 14:00:00,2024-09-28 14:00:00,14.213943913684455,52.158817653797364,69.0,case2,DOM01,13.013974066511413
24,29,65.21901531269218,177.67695400993742,29,0.5,726,2024-09-28 14:00:00,2024-09-28 14:00:00,14.538384770049687,52.176095076563456,49.0,case2,DOM01,9.24180767042115
24,36,95.25508111954721,53.76351119013951,6,0.5,727,2024-09-28 14:00:00,2024-09-28 14:00:00,13.918817555950698,52.32627540559774,67.0,case2,DOM01,12.636757426902387
24,37,124.75835213596035,17.852892731123603,71,0.5,728,2024-09-28 14:00:00,2024-09-28 14:00:00,13.739264463655617,52.4737917606798,119.0,case2,DOM01,22.444390056737078
24,41,0.4189810547956288,75.4828311365695,17,0.7,729,2024-09-28 14:00:00,2024-09-28 14:00:00,14.027414155682848,51.85209490527398,112.0,case2,DOM01,21.124131818105482
24,42,7.607068186835083,129.76138089248596,49,0.7,730,2024-09-28 14:00:00,2024-09-28 14:00:00,14.298806904462431,51.888035340934174,258.0,case2,DOM01,48.66094650956441
24,43,13.53306716612337,94.65480071976127,59,0.7,731,2024-09-28 14:00:00,2024-09-28 14:00:00,14.123274003598807,51.91766533583062,159.0,case2,DOM01,29.988722848917607
24,44,18.737847939779613,114.22464956900478,25,0.7,732,2024-09-28 14:00:00,2024-09-28 14:00:00,14.221123247845025,51.9436892396989,336.0,case2,DOM01,63.372395454316454
24,45,22.043796555417106,1.1725634185211165,25,0.7,733,2024-09-28 14:00:00,2024-09-28 14:00:00,13.655862817092606,51.960218982777086,164.0,case2,DOM01,30.93176444794017
24,46,23.035050710719293,176.26666185029381,69,0.7,734,2024-09-28 14:00:00,2024-09-28 14:00:00,14.531333309251469,51.965175253553596,212.0,case2,DOM01,39.984963798556805
24,47,25.687588578638454,154.28804358167642,142,0.7,735,2024-09-28 14:00:00,2024-09-28 14:00:00,14.421440217908382,51.97843794289319,406.0,case2,DOM01,76.57497784063239
24,49,27.43745548564884,115.05521405971368,32,0.7,736,2024-09-28 14:00:00,2024-09-28 14:00:00,14.225276070298568,51.98718727742825,184.0,case2,DOM01,34.70393084403044
24,50,54.54053618059177,20.550120554561968,313,0.7,737,2024-09-28 14:00:00,2024-09-28 14:00:00,13.75275060277281,52.12270268090296,1006.0,case2,DOM01,189.73996972334032
24,52,62.7938808730409,41.38573851385326,6,0.7,738,2024-09-28 14:00:00,2024-09-28 14:00:00,13.856928692569266,52.163969404365204,38.0,case2,DOM01,7.167116152571503
24,53,70.69232519177321,36.498157714853214,92,0.7,739,2024-09-28 14:00:00,2024-09-28 14:00:00,13.832490788574267,52.203461625958866,199.0,case2,DOM01,37.53305564109814
24,54,74.37446473461497,69.8471047940775,23,0.7,740,2024-09-28 14:00:00,2024-09-28 14:00:00,13.999235523970388,52.221872323673075,272.0,case2,DOM01,51.3014629868276
24,55,87.18151703564871,145.37926171712576,133,0.7,741,2024-09-28 14:00:00,2024-09-28 14:00:00,14.376896308585629,52.28590758517824,706.0,case2,DOM01,133.15747378198637
24,56,85.04585133008462,32.993368560066344,10,0.7,742,2024-09-28 14:00:00,2024-09-28 14:00:00,13.814966842800331,52.27522925665042,318.0,case2,DOM01,59.977445697835215
24,57,92.18140947622022,102.44962419689043,364,0.7,743,2024-09-28 14:00:00,2024-09-28 14:00:00,14.162248120984453,52.3109070473811,459.0,case2,DOM01,86.57121879027159
24,58,94.56080964233328,77.02817434895697,5,0.7,744,2024-09-28 14:00:00,2024-09-28 14:00:00,14.035140871744785,52.322804048211665,344.0,case2,DOM01,64.88126201275256
24,59,100.97469981833505,131.6522742623017,18,0.7,745,2024-09-28 14:00:00,2024-09-28 14:00:00,14.30826137131151,52.354873499091674,215.0,case2,DOM01,40.550788757970345
24,60,103.02678288384328,179.01045394293533,9,0.7,746,2024-09-28 14:00:00,2024-09-28 14:00:00,14.545052269714677,52.36513391441922,292.0,case2,DOM01,55.073629382917865
24,61,110.70996261324663,127.19091805406306,194,0.7,747,2024-09-28 14:00:00,2024-09-28 14:00:00,14.285954590270316,52.403549813066235,1217.0,case2,DOM01,229.53632520209263
24,63,131.987081866554,152.3772728120281,397,0.7,748,2024-09-28 14:00:00,2024-09-28 14:00:00,14.411886364060141,52.50993540933277,1206.0,case2,DOM01,227.46163368424297
24,64,130.88252727168083,54.74331208791109,35,0.7,749,2024-09-28 14:00:00,2024-09-28 14:00:00,13.923716560439557,52.50441263635841,129.0,case2,DOM01,24.330473254782206
24,65,131.90617441447745,61.72754386596639,10,0.7,750,2024-09-28 14:00:00,2024-09-28 14:00:00,13.958637719329833,52.50953087207239,181.0,case2,DOM01,34.1381058846169
25,6,0.07500281007170648,163.31337407817875,10,0.3,751,2024-09-28 14:05:00,2024-09-28 14:05:00,14.466566870390894,51.85037501405036,0.0,case2,DOM01,0.0
25,7,43.74158642945509,103.76329560313289,11,0.3,752,2024-09-28 14:05:00,2024-09-28 14:05:00,14.168816478015664,52.06870793214728,0.0,case2,DOM01,0.0
25,9,63.222338905392725,179.3793667128961,14,0.3,753,2024-09-28 14:05:00,2024-09-28 14:05:00,14.54689683356448,52.16611169452696,0.0,case2,DOM01,0.0
25,11,98.2042771433108,16.1655297994746,86,0.3,754,2024-09-28 14:05:00,2024-09-28 14:05:00,13.730827648997373,52.34102138571656,25.0,case2,DOM01,4.715207995112831
25,12,105.48063219239143,65.40695841935889,14,0.3,755,2024-09-28 14:05:00,2024-09-28 14:05:00,13.977034792096795,52.37740316096196,0.0,case2,DOM01,0.0
25,15,116.86217553049768,53.97994394849074,21,0.3,756,2024-09-28 14:05:00,2024-09-28 14:05:00,13.919899719742453,52.43431087765249,0.0,case2,DOM01,0.0
25,16,129.9221319473436,18.57430714922693,5,0.3,757,2024-09-28 14:05:00,2024-09-28 14:05:00,13.742871535746135,52.49961065973672,0.0,case2,DOM01,0.0
25,17,137.6844228920127,7.262390866021286,118,0.3,758,2024-09-28 14:05:00,2024-09-28 14:05:00,13.686311954330106,52.53842211446006,0.0,case2,DOM01,0.0
25,18,136.1937659478859,43.51570687365018,7,0.3,759,2024-09-28 14:05:00,2024-09-28 14:05:00,13.867578534368251,52.53096882973943,0.0,case2,DOM01,0.0
25,21,0.17925781707453128,84.22829165297135,33,0.5,760,2024-09-28 14:05:00,2024-09-28 14:05:00,14.071141458264856,51.85089628908538,61.0,case2,DOM01,11.505107508075309
25,26,30.312751262652665,36.330427559391005,166,0.5,761,2024-09-28 14:05:00,2024-09-28 14:05:00,13.831652137796956,52.00156375631327,249.0,case2,DOM01,46.9634716313238
25,28,60.390200310403216,120.49231284841609,29,0.5,762,2024-09-28 14:05:00,2024-09-28 14:05:00,14.25246156424208,52.151951001552014,83.0,case2,DOM01,15.6544905437746
25,30,83.37832270951223,46.57063021789055,68,0.5,763,2024-09-28 14:05:00,2024-09-28 14:05:00,13.882853151089453,52.266891613547564,165.0,case2,DOM01,31.120372767744687
25,33,122.24993196705802,26.843111253950845,92,0.5,764,2024-09-28 14:05:00,2024-09-28 14:05:00,13.784215556269753,52.46124965983529,136.0,case2,DOM01,25.6507314934138
25,34,121.86965336242868,105.6279654394527,6,0.5,765,2024-09-28 14:05:00,2024-09-28 14:05:00,14.178139827197263,52.45934826681214,118.0,case2,DOM01,22.255781736932565
25,37,5.175368616019292,137.21886644142876,43,0.7,766,2024-09-28 14:05:00,2024-09-28 14:05:00,14.336094332207145,51.8758768430801,485.0,case2,DOM01,91.47503510518892
25,38,12.52079396585644,107.15845219242212,56,0.7,767,2024-09-28 14:05:00,2024-09-28 14:05:00,14.185792260962112,51.91260396982928,199.0,case2,DOM01,37.53305564109814
25,39,20.459326879303017,5.545768823082122,94,0.7,768,2024-09-28 14:05:00,2024-09-28 14:05:00,13.67772884411541,51.95229663439652,349.0,case2,DOM01,65.82430361177512
25,40,18.195749556895247,177.16775923496058,16,0.7,769,2024-09-28 14:05:00,2024-09-28 14:05:00,14.535838796174803,51.94097874778448,105.0,case2,DOM01,19.80387357947389
25,41,23.455895811533694,161.97963581433225,115,0.7,770,2024-09-28 14:05:00,2024-09-28 14:05:00,14.459898179071661,51.96727947905767,421.0,case2,DOM01,79.40410263770008
25,43,25.812004543896037,124.08714883115125,32,0.7,771,2024-09-28 14:05:00,2024-09-28 14:05:00,14.270435744155757,51.97906002271948,153.0,case2,DOM01,28.857072930090528
25,44,29.986759732988883,167.37441000151412,8,0.7,772,2024-09-28 14:05:00,2024-09-28 14:05:00,14.48687205000757,51.99993379866495,53.0,case2,DOM01,9.996240949639201
25,45,44.200243612204254,15.005549294518183,114,0.7,773,2024-09-28 14:05:00,2024-09-28 14:05:00,13.725027746472591,52.07100121806102,380.0,case2,DOM01,71.67116152571504
25,46,60.6688434340318,39.588845401856595,362,0.7,774,2024-09-28 14:05:00,2024-09-28 14:05:00,13.847944227009283,52.15334421717016,1041.0,case2,DOM01,196.34126091649827
25,48,72.4450746643128,78.31335703236135,60,0.7,775,2024-09-28 14:05:00,2024-09-28 14:05:00,14.041566785161807,52.212225373321566,228.0,case2,DOM01,43.00269691542902
25,49,85.71595716059306,153.8458029892869,125,0.7,776,2024-09-28 14:05:00,2024-09-28 14:05:00,14.419229014946435,52.27857978580297,594.0,case2,DOM01,112.03334196388087
25,50,91.5989519972426,108.76019413941441,467,0.7,777,2024-09-28 14:05:00,2024-09-28 14:05:00,14.193800970697072,52.307994759986215,981.0,case2,DOM01,185.0247617282275
25,51,107.71057263014006,138.05308289361005,217,0.7,778,2024-09-28 14:05:00,2024-09-28 14:05:00,14.34026541446805,52.3885528631507,1407.0,case2,DOM01,265.37190596495014
25,53,131.64957428998255,164.58878689288954,466,0.7,779,2024-09-28 14:05:00,2024-09-28 14:05:00,14.472943934464448,52.50824787144991,1104.0,case2,DOM01,208.2235850641826
25,54,128.68356411962043,67.36404809015282,48,0.7,780,2024-09-28 14:05:00,2024-09-28 14:05:00,13.986820240450763,52.493417820598104,357.0,case2,DOM01,67.33317017021123
26,5,42.18990624736658,114.95162098914551,59,0.3,781,2024-09-28 14:10:00,2024-09-28 14:10:00,14.224758104945728,52.06094953123684,0.0,case2,DOM01,0.0
26,7,67.82548988580172,6.757715944229295,9,0.3,782,2024-09-28 14:10:00,2024-09-28 14:10:00,13.683788579721147,52.18912744942901,0.0,case2,DOM01,0.0
26,9,96.72483752830367,22.54204387932743,77,0.3,783,2024-09-28 14:10:00,2024-09-28 14:10:00,13.762710219396638,52.33362418764152,0.0,case2,DOM01,0.0
26,10,99.87647101320992,1.031035332982887,12,0.3,784,2024-09-28 14:10:00,2024-09-28 14:10:00,13.655155176664914,52.34938235506605,0.0,case2,DOM01,0.0
26,11,107.26925933773218,78.78013038041564,39,0.3,785,2024-09-28 14:10:00,2024-09-28 14:10:00,14.043900651902078,52.38634629668866,0.0,case2,DOM01,0.0
26,16,133.51688438213645,53.571434881250845,24,0.3,786,2024-09-28 14:10:00,2024-09-28 14:10:00,13.917857174406254,52.51758442191068,0.0,case2,DOM01,0.0
26,18,0.021593161400636343,1.3438970581172078,6,0.5,787,2024-09-28 14:10:00,2024-09-28 14:10:00,13.656719485290585,51.850107965807005,34.0,case2,DOM01,6.41268287335345
26,26,58.63645981530762,128.03262362961974,29,0.5,788,2024-09-28 14:10:00,2024-09-28 14:10:00,14.290163118148099,52.14318229907654,100.0,case2,DOM01,18.860831980451323
26,27,74.62909100320863,149.05225792333954,18,0.5,789,2024-09-28 14:10:00,2024-09-28 14:10:00,14.395261289616696,52.223145455016045,46.0,case2,DOM01,8.67598271100761
26,29,82.2153092728852,62.16885216088327,8,0.5,790,2024-09-28 14:10:00,2024-09-28 14:10:00,13.960844260804418,52.26107654636442,23.0,case2,DOM01,4.337991355503805
26,31,120.454551874013,34.298853422119016,113,0.5,791,2024-09-28 14:10:00,2024-09-28 14:10:00,13.821494267110594,52.45227275937007,150.0,case2,DOM01,28.291247970676988
26,33,135.6903437018395,2.6794362785545376,22,0.5,792,2024-09-28 14:10:00,2024-09-28 14:10:00,13.663397181392773,52.528451718509196,46.0,case2,DOM01,8.67598271100761
26,35,2.0398229298825696,145.49159103519662,28,0.7,793,2024-09-28 14:10:00,2024-09-28 14:10:00,14.377457955175984,51.86019911464941,219.0,case2,DOM01,41.3052220371884
26,37,10.584627669513285,116.58378203610714,67,0.7,794,2024-09-28 14:10:00,2024-09-28 14:10:00,14.232918910180535,51.90292313834757,260.0,case2,DOM01,49.03816314917345
26,38,19.099936487641628,11.303053841271941,141,0.7,795,2024-09-28 14:10:00,2024-09-28 14:10:00,13.70651526920636,51.94549968243821,503.0,case2,DOM01,94.86998486167016
26,39,21.51081858685528,168.53257222398844,102,0.7,796,2024-09-28 14:10:00,2024-09-28 14:10:00,14.492662861119943,51.957554092934274,474.0,case2,DOM01,89.40034358733928
26,40,23.733347573437676,132.95856598912897,24,0.7,797,2024-09-28 14:10:00,2024-09-28 14:10:00,14.314792829945645,51.96866673786719,286.0,case2,DOM01,53.941979464090785
26,41,28.194368059923903,52.25430968955624,12,0.7,798,2024-09-28 14:10:00,2024-09-28 14:10:00,13.91127154844778,51.99097184029962,285.0,case2,DOM01,53.75337114428628
26,43,55.45578017187131,43.985263552381426,496,0.7,799,2024-09-28 14:10:00,2024-09-28 14:10:00,13.869926317761907,52.12727890085936,1278.0,case2,DOM01,241.04143271016792
26,46,70.55877678146727,87.20487378044527,92,0.7,800,2024-09-28 14:10:00,2024-09-28 14:10:00,14.086024368902226,52.20279388390734,228.0,case2,DOM01,43.00269691542902
26,48,93.92250185083766,142.38160066498708,680,0.7,801,2024-09-28 14:10:00,2024-09-28 14:10:00,14.361908003324935,52.31961250925419,2293.0,case2,DOM01,432.4788773117489
26,49,90.02896652334664,100.24227159491069,181,0.7,802,2024-09-28 14:10:00,2024-09-28 14:10:00,14.151211357974553,52.30014483261673,441.0,case2,DOM01,83.17626903379033
26,50,99.6336557684085,167.0548721997657,24,0.7,803,2024-09-28 14:10:00,2024-09-28 14:10:00,14.485274360998828,52.348168278842046,189.0,case2,DOM01,35.646972443053
26,53,128.76458899754192,170.67537309881524,358,0.7,804,2024-09-28 14:10:00,2024-09-28 14:10:00,14.503376865494078,52.493822944987706,946.0,case2,DOM01,178.42347053506953
26,54,125.98747329442065,77.32767617333563,43,0.7,805,2024-09-28 14:10:00,2024-09-28 14:10:00,14.036638380866679,52.4799373664721,405.0,case2,DOM01,76.38636952082786
27,5,40.82584900274599,122.11144789281228,96,0.3,806,2024-09-28 14:15:00,2024-09-28 14:15:00,14.260557239464061,52.054129245013726,23.0,case2,DOM01,4.337991355503805
27,8,70.82545810668574,19.644686800431334,22,0.3,807,2024-09-28 14:15:00,2024-09-28 14:15:00,13.748223434002156,52.20412729053343,0.0,case2,DOM01,0.0
27,9,91.45770560381007,77.95954171770144,143,0.3,808,2024-09-28 14:15:00,2024-09-28 14:15:00,14.039797708588509,52.30728852801905,0.0,case2,DOM01,0.0
27,10,95.07164117223377,29.158215598541844,35,0.3,809,2024-09-28 14:15:00,2024-09-28 14:15:00,13.795791077992709,52.32535820586117,0.0,case2,DOM01,0.0
27,12,107.62336794124961,89.76041379853667,18,0.3,810,2024-09-28 14:15:00,2024-09-28 14:15:00,14.098802068992683,52.38811683970625,0.0,case2,DOM01,0.0
27,13,112.65837348564878,7.931160434405317,30,0.3,811,2024-09-28 14:15:00,2024-09-28 14:15:00,13.689655802172027,52.41329186742824,0.0,case2,DOM01,0.0
27,16,132.48384695581862,62.11081647798693,25,0.3,812,2024-09-28 14:15:00,2024-09-28 14:15:00,13.960554082389935,52.512419234779095,0.0,case2,DOM01,0.0
27,18,139.87267624895185,38.764768326415144,19,0.3,813,2024-09-28 14:15:00,2024-09-28 14:15:00,13.843823841632076,52.54936338124476,0.0,case2,DOM01,0.0
27,20,140.0,72.79347847425352,5,0.3,814,2024-09-28 14:15:00,2024-09-28 14:15:00,14.013967392371269,52.55,0.0,case2,DOM01,0.0
27,22,0.0,9.042451839037012,5,0.5,815,2024-09-28 14:15:00,2024-09-28 14:15:00,13.695212259195186,51.85,21.0,case2,DOM01,3.9607747158947784
27,24,2.214416307382573,153.86038699749759,104,0.5,816,2024-09-28 14:15:00,2024-09-28 14:15:00,14.419301934987487,51.86107208153691,161.0,case2,DOM01,30.36593948852663
27,25,3.58487035843665,41.86655481300241,19,0.5,817,2024-09-28 14:15:00,2024-09-28 14:15:00,13.859332774065011,51.86792435179218,84.0,case2,DOM01,15.843098863579113
27,29,11.400157541910398,150.0698969658474,7,0.5,818,2024-09-28 14:15:00,2024-09-28 14:15:00,14.400349484829237,51.90700078770955,47.0,case2,DOM01,8.864591030812122
27,30,56.48594060408074,136.78129321345153,16,0.5,819,2024-09-28 14:15:00,2024-09-28 14:15:00,14.333906466067258,52.13242970302041,111.0,case2,DOM01,20.93552349830097
27,31,72.30973992379495,157.6500648259994,30,0.5,820,2024-09-28 14:15:00,2024-09-28 14:15:00,14.438250324129998,52.21154869961897,69.0,case2,DOM01,13.013974066511413
27,33,99.30280012293011,0.4133593127291413,8,0.5,821,2024-09-28 14:15:00,2024-09-28 14:15:00,13.652066796563645,52.34651400061465,27.0,case2,DOM01,5.092424634721858
27,36,134.369707325679,7.477054479561937,59,0.5,822,2024-09-28 14:15:00,2024-09-28 14:15:00,13.68738527239781,52.5218485366284,94.0,case2,DOM01,17.729182061624243
27,39,9.171616575562636,125.95568449511609,81,0.7,823,2024-09-28 14:15:00,2024-09-28 14:15:00,14.27977842247558,51.895858082877815,338.0,case2,DOM01,63.74961209392548
27,40,16.48235016796473,21.332100265703318,96,0.7,824,2024-09-28 14:15:00,2024-09-28 14:15:00,13.756660501328517,51.932411750839826,411.0,case2,DOM01,77.51801943965495
27,41,19.208510819325276,175.28052834795977,58,0.7,825,2024-09-28 14:15:00,2024-09-28 14:15:00,14.526402641739798,51.94604255409663,302.0,case2,DOM01,56.959712580963
27,42,21.39339233173895,8.506414245774357,12,0.7,826,2024-09-28 14:15:00,2024-09-28 14:15:00,13.692532071228872,51.95696696165869,157.0,case2,DOM01,29.61150620930858
27,43,22.17054773298708,142.32647698063923,14,0.7,827,2024-09-28 14:15:00,2024-09-28 14:15:00,14.361632384903196,51.96085273866494,116.0,case2,DOM01,21.878565097323538
27,44,23.36593159852914,179.48945775618012,5,0.7,828,2024-09-28 14:15:00,2024-09-28 14:15:00,14.547447288780901,51.96682965799265,64.0,case2,DOM01,12.070932467488849
27,45,26.636178149185742,60.9996139206294,21,0.7,829,2024-09-28 14:15:00,2024-09-28 14:15:00,13.954998069603148,51.98318089074593,157.0,case2,DOM01,29.61150620930858
27,46,54.62380859985184,55.62592888453256,527,0.7,830,2024-09-28 14:15:00,2024-09-28 14:15:00,13.928129644422663,52.12311904299926,1516.0,case2,DOM01,285.9302128236421
27,47,68.96968400737644,96.6786915637603,91,0.7,831,2024-09-28 14:15:00,2024-09-28 14:15:00,14.133393457818801,52.194848420036884,230.0,case2,DOM01,43.37991355503805
27,48,91.39505991189877,141.69398484727006,895,0.7,832,2024-09-28 14:15:00,2024-09-28 14:15:00,14.35846992423635,52.3069752995595,2710.0,case2,DOM01,511.1285466702309
27,53,118.30184482037535,43.075545797781075,26,0.7,833,2024-09-28 14:15:00,2024-09-28 14:15:00,13.865377728988905,52.44150922410188,161.0,case2,DOM01,30.36593948852663
27,54,124.6216169022565,172.89170721431475,149,0.7,834,2024-09-28 14:15:00,2024-09-28 14:15:00,14.514458536071574,52.47310808451128,880.0,case2,DOM01,165.97532142797166
27,55,122.87148120105324,92.347771525788,16,0.7,835,2024-09-28 14:15:00,2024-09-28 14:15:00,14.11173885762894,52.46435740600527,481.0,case2,DOM01,90.72060182597087
28,3,0.678449473737977,0.5404932488145162,8,0.3,836,2024-09-28 14:20:00,2024-09-28 14:20:00,13.652702466244072,51.85339224736869,0.0,case2,DOM01,0.0
28,5,0.0,110.25991074189791,8,0.3,837,2024-09-28 14:20:00,2024-09-28 14:20:00,14.20129955370949,51.85,0.0,case2,DOM01,0.0
28,10,64.96764057166509,125.92111447830624,49,0.3,838,2024-09-28 14:20:00,2024-09-28 14:20:00,14.27960557239153,52.174838202858325,0.0,case2,DOM01,0.0
28,13,69.78383925296922,31.976552061079666,8,0.3,839,2024-09-28 14:20:00,2024-09-28 14:20:00,13.809882760305399,52.198919196264846,0.0,case2,DOM01,0.0
28,14,90.09601456810535,85.81498399970513,114,0.3,840,2024-09-28 14:20:00,2024-09-28 14:20:00,14.079074919998526,52.30048007284052,0.0,case2,DOM01,0.0
28,15,91.88227166997369,38.07379070738236,5,0.3,841,2024-09-28 14:20:00,2024-09-28 14:20:00,13.840368953536911,52.30941135834987,0.0,case2,DOM01,0.0
28,17,110.29321576088694,17.190386344079368,63,0.3,842,2024-09-28 14:20:00,2024-09-28 14:20:00,13.735951931720397,52.40146607880443,0.0,case2,DOM01,0.0
28,18,108.58114866615303,101.67341272377979,12,0.3,843,2024-09-28 14:20:00,2024-09-28 14:20:00,14.158367063618899,52.392905743330765,0.0,case2,DOM01,0.0
28,24,1.5287621660099417,161.30875780189652,42,0.5,844,2024-09-28 14:20:00,2024-09-28 14:20:00,14.456543789009483,51.85764381083005,131.0,case2,DOM01,24.707689894391233
28,25,2.8556713859086384,51.308440048831045,7,0.5,845,2024-09-28 14:20:00,2024-09-28 14:20:00,13.906542200244155,51.864278356929546,70.0,case2,DOM01,13.202582386315926
28,28,17.30297393908138,177.72213276389726,150,0.5,846,2024-09-28 14:20:00,2024-09-28 14:20:00,14.538610663819487,51.93651486969541,218.0,case2,DOM01,41.116613717383885
28,33,39.36486880937002,131.93478109211162,7,0.5,847,2024-09-28 14:20:00,2024-09-28 14:20:00,14.309673905460558,52.04682434404685,41.0,case2,DOM01,7.732941111985043
28,34,48.95191168894503,158.02719077197236,13,0.5,848,2024-09-28 14:20:00,2024-09-28 14:20:00,14.440135953859862,52.09475955844472,48.0,case2,DOM01,9.053199350616635
28,35,53.93272557958488,145.02409556646117,19,0.5,849,2024-09-28 14:20:00,2024-09-28 14:20:00,14.375120477832306,52.11966362789792,60.0,case2,DOM01,11.316499188270795
28,39,124.65211544261827,99.84763172313514,350,0.5,850,2024-09-28 14:20:00,2024-09-28 14:20:00,14.149238158615676,52.47326057721309,505.0,case2,DOM01,95.24720150127919
28,41,122.3816164151886,133.7865693590443,6,0.5,851,2024-09-28 14:20:00,2024-09-28 14:20:00,14.31893284679522,52.461908082075944,69.0,case2,DOM01,13.013974066511413
28,42,134.26957884125966,10.007443104376177,117,0.5,852,2024-09-28 14:20:00,2024-09-28 14:20:00,13.70003721552188,52.5213478942063,153.0,case2,DOM01,28.857072930090528
28,43,140.0,43.89257652026533,6,0.5,853,2024-09-28 14:20:00,2024-09-28 14:20:00,13.869462882601326,52.55,24.0,case2,DOM01,4.526599675308318
28,45,7.26969689129452,134.12549918957805,78,0.7,854,2024-09-28 14:20:00,2024-09-28 14:20:00,14.32062749594789,51.88634848445647,294.0,case2,DOM01,55.450846022526896
28,46,14.026682857031966,29.556431321169914,83,0.7,855,2024-09-28 14:20:00,2024-09-28 14:20:00,13.79778215660585,51.92013341428516,587.0,case2,DOM01,110.71308372524928
28,48,20.287945093284407,149.98178274188302,6,0.7,856,2024-09-28 14:20:00,2024-09-28 14:20:00,14.399908913709416,51.95143972546642,97.0,case2,DOM01,18.295007021037783
28,50,24.917201113988437,68.80243873392281,37,0.7,857,2024-09-28 14:20:00,2024-09-28 14:20:00,13.994012193669613,51.97458600556995,196.0,case2,DOM01,36.9672306816846
28,51,38.0166761618989,42.358029337917884,62,0.7,858,2024-09-28 14:20:00,2024-09-28 14:20:00,13.86179014668959,52.04008338080949,501.0,case2,DOM01,94.49276822206114
28,52,55.44319581764907,67.77858330817443,471,0.7,859,2024-09-28 14:20:00,2024-09-28 14:20:00,13.988892916540872,52.12721597908825,1155.0,case2,DOM01,217.8426093742128
28,53,68.12970024763223,105.71618425404067,109,0.7,860,2024-09-28 14:20:00,2024-09-28 14:20:00,14.178580921270203,52.19064850123816,222.0,case2,DOM01,41.87104699660194
28,54,82.31841166820654,174.179771979263,75,0.7,861,2024-09-28 14:20:00,2024-09-28 14:20:00,14.520898859896315,52.26159205834103,280.0,case2,DOM01,52.810329545263706
28,55,92.07846752482541,157.14664342160225,521,0.7,862,2024-09-28 14:20:00,2024-09-28 14:20:00,14.435733217108012,52.31039233762413,1732.0,case2,DOM01,326.66960990141695
28,56,88.32935857315947,120.95092622137523,161,0.7,863,2024-09-28 14:20:00,2024-09-28 14:20:00,14.254754631106877,52.2916467928658,582.0,case2,DOM01,109.77004212622671
28,57,98.64496790287986,0.6479963982471408,12,0.7,864,2024-09-28 14:20:00,2024-09-28 14:20:00,13.653239981991236,52.3432248395144,144.0,case2,DOM01,27.15959805184991
28,58,117.31214709961716,49.33329363073968,37,0.7,865,2024-09-28 14:20:00,2024-09-28 14:20:00,13.896666468153699,52.436560735498084,181.0,case2,DOM01,34.1381058846169
28,60,123.49597834559056,178.06626336677175,42,0.7,866,2024-09-28 14:20:00,2024-09-28 14:20:00,14.540331316833859,52.467479891727955,594.0,case2,DOM01,112.03334196388087
29,3,0.12883760235949812,4.628642531450384,15,0.3,867,2024-09-28 14:25:00,2024-09-28 14:25:00,13.673143212657253,51.8506441880118,0.0,case2,DOM01,0.0
29,8,37.33188486072263,136.39603070346516,89,0.3,868,2024-09-28 14:25:00,2024-09-28 14:25:00,14.331980153517327,52.03665942430361,42.0,case2,DOM01,7.921549431789557
29,10,71.15172123490115,0.12261728382703924,7,0.3,869,2024-09-28 14:25:00,2024-09-28 14:25:00,13.650613086419135,52.205758606174506,0.0,case2,DOM01,0.0
29,11,70.76902421736762,41.680322188878726,23,0.3,870,2024-09-28 14:25:00,2024-09-28 14:25:00,13.858401610944393,52.203845121086836,0.0,case2,DOM01,0.0
29,13,83.28421938854088,0.7360655886727956,9,0.3,871,2024-09-28 14:25:00,2024-09-28 14:25:00,13.653680327943363,52.26642109694271,0.0,case2,DOM01,0.0
29,14,91.18507348075107,94.78184230005449,189,0.3,872,2024-09-28 14:25:00,2024-09-28 14:25:00,14.123909211500273,52.30592536740375,0.0,case2,DOM01,0.0
29,16,108.2562302066213,116.44914275945301,7,0.3,873,2024-09-28 14:25:00,2024-09-28 14:25:00,14.232245713797266,52.391281151033105,0.0,case2,DOM01,0.0
29,22,0.9295196517064827,171.63434721309392,25,0.5,874,2024-09-28 14:25:00,2024-09-28 14:25:00,14.508171736065469,51.85464759825853,104.0,case2,DOM01,19.61526525966938
29,25,18.85570365033695,159.77947214510883,38,0.5,875,2024-09-28 14:25:00,2024-09-28 14:25:00,14.448897360725544,51.944278518251686,80.0,case2,DOM01,15.08866558436106
29,27,21.19229671047177,129.96655983127437,11,0.5,876,2024-09-28 14:25:00,2024-09-28 14:25:00,14.299832799156373,51.95596148355236,101.0,case2,DOM01,19.04944030025584
29,28,24.944465069175493,179.55424602572924,13,0.5,877,2024-09-28 14:25:00,2024-09-28 14:25:00,14.547771230128646,51.97472232534588,46.0,case2,DOM01,8.67598271100761
29,29,49.74741941091672,159.99616160005937,41,0.5,878,2024-09-28 14:25:00,2024-09-28 14:25:00,14.449980808000296,52.09873709705458,100.0,case2,DOM01,18.860831980451323
29,32,112.61297919998836,151.1774527796324,257,0.5,879,2024-09-28 14:25:00,2024-09-28 14:25:00,14.405887263898162,52.41306489599994,413.0,case2,DOM01,77.89523607926397
29,34,122.93195466746334,110.97980256158306,351,0.5,880,2024-09-28 14:25:00,2024-09-28 14:25:00,14.204899012807916,52.46465977333732,524.0,case2,DOM01,98.83075957756493
29,35,127.12843671477007,175.31977967615762,246,0.5,881,2024-09-28 14:25:00,2024-09-28 14:25:00,14.526598898380788,52.48564218357385,430.0,case2,DOM01,81.10157751594069
29,36,122.84983198690041,146.21134340635888,5,0.5,882,2024-09-28 14:25:00,2024-09-28 14:25:00,14.381056717031795,52.4642491599345,64.0,case2,DOM01,12.070932467488849
29,39,138.93353082513002,52.16896134309408,26,0.5,883,2024-09-28 14:25:00,2024-09-28 14:25:00,13.91084480671547,52.544667654125654,57.0,case2,DOM01,10.750674228857255
29,41,5.190976102606709,142.0499503229612,71,0.7,884,2024-09-28 14:25:00,2024-09-28 14:25:00,14.360249751614806,51.875954880513035,298.0,case2,DOM01,56.205279301744945
29,42,12.343196347306742,37.138180043837956,59,0.7,885,2024-09-28 14:25:00,2024-09-28 14:25:00,13.835690900219191,51.91171598173653,538.0,case2,DOM01,101.47127605482812
29,43,23.35671303514714,77.11654501719264,69,0.7,886,2024-09-28 14:25:00,2024-09-28 14:25:00,14.035582725085963,51.96678356517574,289.0,case2,DOM01,54.50780442350433
29,44,25.272854061570108,53.09927536974481,40,0.7,887,2024-09-28 14:25:00,2024-09-28 14:25:00,13.915496376848726,51.97636427030785,374.0,case2,DOM01,70.53951160688796
29,47,36.8507305053431,51.491777246139954,37,0.7,888,2024-09-28 14:25:00,2024-09-28 14:25:00,13.9074588862307,52.034253652526715,265.0,case2,DOM01,49.981204748196014
29,50,46.2196682647426,73.45578786456315,219,0.7,889,2024-09-28 14:25:00,2024-09-28 14:25:00,14.017278939322816,52.08109834132371,508.0,case2,DOM01,95.81302646069274
29,51,59.33460794549357,79.9506953012121,245,0.7,890,2024-09-28 14:25:00,2024-09-28 14:25:00,14.04975347650606,52.14667303972747,752.0,case2,DOM01,141.83345649299395
29,52,66.09283813527209,115.57746861312067,138,0.7,891,2024-09-28 14:25:00,2024-09-28 14:25:00,14.227887343065603,52.18046419067636,281.0,case2,DOM01,52.99893786506822
29,53,79.7758543347258,176.12085921647835,41,0.7,892,2024-09-28 14:25:00,2024-09-28 14:25:00,14.530604296082391,52.24887927167363,356.0,case2,DOM01,67.14456185040672
29,55,89.04670562786382,131.52462725710063,183,0.7,893,2024-09-28 14:25:00,2024-09-28 14:25:00,14.307623136285503,52.29523352813932,487.0,case2,DOM01,91.85225174479794
29,56,91.94735147648721,163.9277433252473,399,0.7,894,2024-09-28 14:25:00,2024-09-28 14:25:00,14.469638716626237,52.30973675738244,1094.0,case2,DOM01,206.3375018661375
29,58,97.05420231460151,4.155070857750477,100,0.7,895,2024-09-28 14:25:00,2024-09-28 14:25:00,13.670775354288752,52.335271011573006,385.0,case2,DOM01,72.6142031247376
29,59,114.4724228588366,65.07252274291422,15,0.7,896,2024-09-28 14:25:00,2024-09-28 14:25:00,13.975362613714571,52.42236211429418,82.0,case2,DOM01,15.465882223970086
29,60,115.10238732240587,56.455438167240665,30,0.7,897,2024-09-28 14:25:00,2024-09-28 14:25:00,13.932277190836203,52.425511936612025,98.0,case2,DOM01,18.4836153408423
29,61,136.11479713464414,3.0864561777252715,75,0.7,898,2024-09-28 14:25:00,2024-09-28 14:25:00,13.665432280888627,52.53057398567322,273.0,case2,DOM01,51.49007130663212
30,5,7.782800686456732,10.13909834472222,60,0.3,899,2024-09-28 14:30:00,2024-09-28 14:30:00,13.70069549172361,51.88891400343228,0.0,case2,DOM01,0.0
30,6,6.892162480299846,76.14306817819354,17,0.3,900,2024-09-28 14:30:00,2024-09-28 14:30:00,14.030715340890968,51.8844608124015,0.0,case2,DOM01,0.0
30,7,5.78658980509551,81.54882464331341,10,0.3,901,2024-09-28 14:30:00,2024-09-28 14:30:00,14.057744123216567,51.87893294902548,0.0,case2,DOM01,0.0
30,11,71.30340989089603,54.38420586537443,53,0.3,902,2024-09-28 14:30:00,2024-09-28 14:30:00,13.921921029326873,52.206517049454476,0.0,case2,DOM01,0.0
30,12,82.24053848930826,2.263038553553694,56,0.3,903,2024-09-28 14:30:00,2024-09-28 14:30:00,13.661315192767768,52.26120269244654,14.0,case2,DOM01,2.6405164772631853
30,13,91.15304810632445,104.24015294764915,263,0.3,904,2024-09-28 14:30:00,2024-09-28 14:30:00,14.171200764738247,52.30576524053162,0.0,case2,DOM01,0.0
30,20,139.4625340622321,142.25130022228146,6,0.3,905,2024-09-28 14:30:00,2024-09-28 14:30:00,14.361256501111408,52.54731267031116,0.0,case2,DOM01,0.0
30,24,0.6007711906335229,179.20115465434975,8,0.5,906,2024-09-28 14:30:00,2024-09-28 14:30:00,14.546005773271748,51.85300385595317,27.0,case2,DOM01,5.092424634721858
30,25,16.1948209333536,167.60394588726498,11,0.5,907,2024-09-28 14:30:00,2024-09-28 14:30:00,14.488019729436324,51.93097410466677,65.0,case2,DOM01,12.259540787293362
30,27,19.131084413061693,137.08788394510825,25,0.5,908,2024-09-28 14:30:00,2024-09-28 14:30:00,14.335439419725542,51.94565542206531,109.0,case2,DOM01,20.558306858691942
30,28,35.149403113748164,144.1443305103369,8,0.5,909,2024-09-28 14:30:00,2024-09-28 14:30:00,14.370721652551683,52.02574701556874,31.0,case2,DOM01,5.846857913939911
30,29,48.23820481620966,167.27494073145812,44,0.5,910,2024-09-28 14:30:00,2024-09-28 14:30:00,14.48637470365729,52.09119102408105,89.0,case2,DOM01,16.78614046260168
30,31,65.27023893897817,158.4351097539969,26,0.5,911,2024-09-28 14:30:00,2024-09-28 14:30:00,14.442175548769985,52.17635119469489,88.0,case2,DOM01,16.597532142797164
30,34,113.52914406931122,162.1883693910219,264,0.5,912,2024-09-28 14:30:00,2024-09-28 14:30:00,14.46094184695511,52.417645720346556,415.0,case2,DOM01,78.272452718873
30,36,121.40685637381219,121.37616688212441,337,0.5,913,2024-09-28 14:30:00,2024-09-28 14:30:00,14.256880834410623,52.45703428186906,541.0,case2,DOM01,102.03710101424167
30,37,125.16969798029821,178.76041388695788,74,0.5,914,2024-09-28 14:30:00,2024-09-28 14:30:00,14.54380206943479,52.475848489901495,243.0,case2,DOM01,45.83182171249672
30,42,136.84178390591626,60.157668108923346,29,0.5,915,2024-09-28 14:30:00,2024-09-28 14:30:00,13.950788340544616,52.534208919529576,75.0,case2,DOM01,14.145623985338494
30,44,3.1190217862292218,150.1370128451109,58,0.7,916,2024-09-28 14:30:00,2024-09-28 14:30:00,14.400685064225554,51.865595108931146,302.0,case2,DOM01,56.959712580963
30,46,10.613165900807033,46.175002505148335,14,0.7,917,2024-09-28 14:30:00,2024-09-28 14:30:00,13.880875012525742,51.90306582950404,461.0,case2,DOM01,86.9484354298806
30,47,21.61697162243975,84.11320948145118,81,0.7,918,2024-09-28 14:30:00,2024-09-28 14:30:00,14.070566047407256,51.9580848581122,338.0,case2,DOM01,63.74961209392548
30,48,23.408618180152096,61.756638489407145,82,0.7,919,2024-09-28 14:30:00,2024-09-28 14:30:00,13.958783192447036,51.96704309090076,408.0,case2,DOM01,76.9521944802414
30,49,34.75371572803647,60.890271298236875,21,0.7,920,2024-09-28 14:30:00,2024-09-28 14:30:00,13.954451356491184,52.02376857864018,259.0,case2,DOM01,48.849554829368934
30,51,44.18684757191873,83.72499034067849,202,0.7,921,2024-09-28 14:30:00,2024-09-28 14:30:00,14.068624951703393,52.070934237859596,470.0,case2,DOM01,88.64591030812122
30,52,57.64591249772657,88.51444820587288,218,0.7,922,2024-09-28 14:30:00,2024-09-28 14:30:00,14.092572241029364,52.13822956248863,877.0,case2,DOM01,165.4094964685581
30,53,63.63770492875604,125.05832550731833,130,0.7,923,2024-09-28 14:30:00,2024-09-28 14:30:00,14.275291627536593,52.16818852464378,394.0,case2,DOM01,74.31167800297823
30,57,68.18918930988374,1.1419288244240524,7,0.7,924,2024-09-28 14:30:00,2024-09-28 14:30:00,13.655709644122119,52.19094594654942,45.0,case2,DOM01,8.487374391203096
30,58,71.91060701746785,1.296748543234727,6,0.7,925,2024-09-28 14:30:00,2024-09-28 14:30:00,13.656483742716173,52.20955303508734,44.0,case2,DOM01,8.298766071398582
30,59,88.35812535445618,141.42135462785905,197,0.7,926,2024-09-28 14:30:00,2024-09-28 14:30:00,14.357106773139295,52.29179062677228,697.0,case2,DOM01,131.4599989037457
30,60,91.86842810108196,170.29740560540435,222,0.7,927,2024-09-28 14:30:00,2024-09-28 14:30:00,14.501487028027022,52.309342140505414,886.0,case2,DOM01,167.10697134679876
30,61,96.34286251892775,11.382817488206674,182,0.7,928,2024-09-28 14:30:00,2024-09-28 14:30:00,13.706914087441033,52.331714312594634,507.0,case2,DOM01,95.62441814088821
30,62,112.05965316471455,66.73770753442803,41,0.7,929,2024-09-28 14:30:00,2024-09-28 14:30:00,13.98368853767214,52.41029826582357,123.0,case2,DOM01,23.19882333595513
30,63,113.54913525724615,9.561397639680585,20,0.7,930,2024-09-28 14:30:00,2024-09-28 14:30:00,13.697806988198403,52.41774567628623,169.0,case2,DOM01,31.87480604696274
30,64,112.2974992795482,74.39238170611588,6,0.7,931,2024-09-28 14:30:00,2024-09-28 14:30:00,14.02196190853058,52.41148749639774,61.0,case2,DOM01,11.505107508075309
30,66,134.81380085518813,9.404799401368301,148,0.7,932,2024-09-28 14:30:00,2024-09-28 14:30:00,13.697023997006841,52.52406900427594,421.0,case2,DOM01,79.40410263770008
31,6,5.457661518303733,16.032251470599725,57,0.3,933,2024-09-28 14:35:00,2024-09-28 14:35:00,13.730161257352998,51.87728830759152,0.0,case2,DOM01,0.0
31,8,33.980821679346334,151.4335644298733,91,0.3,934,2024-09-28 14:35:00,2024-09-28 14:35:00,14.407167822149367,52.01990410839674,36.0,case2,DOM01,6.789899512962477
31,11,61.506873311446014,60.37032014811606,8,0.3,935,2024-09-28 14:35:00,2024-09-28 14:35:00,13.95185160074058,52.15753436655723,0.0,case2,DOM01,0.0
31,12,71.79616580793717,63.61624061910728,58,0.3,936,2024-09-28 14:35:00,2024-09-28 14:35:00,13.968081203095537,52.20898082903969,7.0,case2,DOM01,1.3202582386315926
31,19,16.389011754062718,145.17076364911225,24,0.5,937,2024-09-28 14:35:00,2024-09-28 14:35:00,14.375853818245561,51.93194505877032,142.0,case2,DOM01,26.78238141224088
31,24,46.44215284045429,173.90717813036937,41,0.5,938,2024-09-28 14:35:00,2024-09-28 14:35:00,14.519535890651847,52.08221076420227,79.0,case2,DOM01,14.900057264556546
31,29,120.45935008875753,130.8523256674041,334,0.5,939,2024-09-28 14:35:00,2024-09-28 14:35:00,14.30426162833702,52.452296750443786,488.0,case2,DOM01,92.04086006460247
31,30,114.61674081009403,170.2968837595036,215,0.5,940,2024-09-28 14:35:00,2024-09-28 14:35:00,14.501484418797519,52.42308370405047,313.0,case2,DOM01,59.034404098812644
31,32,130.11414958440412,114.0278174439849,15,0.5,941,2024-09-28 14:35:00,2024-09-28 14:35:00,14.220139087219925,52.50057074792202,72.0,case2,DOM01,13.579799025924954
31,33,134.63926193107264,67.52252871961089,36,0.5,942,2024-09-28 14:35:00,2024-09-28 14:35:00,13.987612643598053,52.52319630965536,73.0,case2,DOM01,13.768407345729466
31,35,0.1446229588972492,63.10146850350769,7,0.7,943,2024-09-28 14:35:00,2024-09-28 14:35:00,13.965507342517538,51.850723114794484,375.0,case2,DOM01,70.72811992669247
31,37,1.7726178512947612,158.3438042927424,44,0.7,944,2024-09-28 14:35:00,2024-09-28 14:35:00,14.441719021463712,51.858863089256474,291.0,case2,DOM01,54.885021063113356
31,39,19.57510780993363,91.95962436343054,103,0.7,945,2024-09-28 14:35:00,2024-09-28 14:35:00,14.109798121817152,51.94787553904967,423.0,case2,DOM01,79.78131927730911
31,40,22.01853161821807,70.05983209143848,106,0.7,946,2024-09-28 14:35:00,2024-09-28 14:35:00,14.000299160457192,51.96009265809109,649.0,case2,DOM01,122.40679955312909
31,41,42.573651306964244,94.54999351486133,193,0.7,947,2024-09-28 14:35:00,2024-09-28 14:35:00,14.122749967574306,52.06286825653482,539.0,case2,DOM01,101.65988437463264
31,42,54.50320931157458,95.80310271728527,139,0.7,948,2024-09-28 14:35:00,2024-09-28 14:35:00,14.129015513586427,52.12251604655787,586.0,case2,DOM01,110.52447540544476
31,43,61.1950824626967,134.5111294652643,151,0.7,949,2024-09-28 14:35:00,2024-09-28 14:35:00,14.322555647326322,52.15597541231348,667.0,case2,DOM01,125.80174930961034
31,44,62.556239930598586,107.00532748791672,6,0.7,950,2024-09-28 14:35:00,2024-09-28 14:35:00,14.185026637439584,52.16278119965299,355.0,case2,DOM01,66.9559535306022
31,45,69.83767851843068,4.45175172172794,92,0.7,951,2024-09-28 14:35:00,2024-09-28 14:35:00,13.67225875860864,52.199188392592156,340.0,case2,DOM01,64.1268287335345
31,46,77.7770594617088,151.5548025621591,6,0.7,952,2024-09-28 14:35:00,2024-09-28 14:35:00,14.407774012810796,52.23888529730854,123.0,case2,DOM01,23.19882333595513
31,47,77.52411918901839,157.1504702976695,7,0.7,953,2024-09-28 14:35:00,2024-09-28 14:35:00,14.435752351488349,52.237620595945096,116.0,case2,DOM01,21.878565097323538
31,48,90.30012896568763,152.87636150664494,132,0.7,954,2024-09-28 14:35:00,2024-09-28 14:35:00,14.414381807533225,52.30150064482844,623.0,case2,DOM01,117.50298323821175
31,49,88.35705139710917,171.5148656852243,12,0.7,955,2024-09-28 14:35:00,2024-09-28 14:35:00,14.507574328426122,52.29178525698555,250.0,case2,DOM01,47.152079951128314
31,50,95.38775068371714,20.20770972816462,208,0.7,956,2024-09-28 14:35:00,2024-09-28 14:35:00,13.751038548640823,52.32693875341859,521.0,case2,DOM01,98.2649346181514
31,51,92.17301080148623,175.93674414772363,13,0.7,957,2024-09-28 14:35:00,2024-09-28 14:35:00,14.529683720738618,52.31086505400743,71.0,case2,DOM01,13.39119070612044
31,52,94.35491019975369,169.45954241500206,23,0.7,958,2024-09-28 14:35:00,2024-09-28 14:35:00,14.49729771207501,52.32177455099877,174.0,case2,DOM01,32.8178476459853
31,53,96.27111441740468,3.781462750873469,47,0.7,959,2024-09-28 14:35:00,2024-09-28 14:35:00,13.668907313754367,52.33135557208702,211.0,case2,DOM01,39.79635547875229
31,54,110.70766610363339,78.92913929288527,43,0.7,960,2024-09-28 14:35:00,2024-09-28 14:35:00,14.044645696464427,52.40353833051817,212.0,case2,DOM01,39.984963798556805
31,55,113.63865566465154,20.21155064932072,8,0.7,961,2024-09-28 14:35:00,2024-09-28 14:35:00,13.751057753246604,52.41819327832326,258.0,case2,DOM01,48.66094650956441
31,57,127.53893478845416,37.99732260532957,11,0.7,962,2024-09-28 14:35:00,2024-09-28 14:35:00,13.839986613026648,52.48769467394227,108.0,case2,DOM01,20.36969853888743
31,59,131.5072178143874,20.989824990608632,152,0.7,963,2024-09-28 14:35:00,2024-09-28 14:35:00,13.754949124953043,52.507536089071934,352.0,case2,DOM01,66.39012857118865
31,60,140.0,18.507171037964202,5,0.7,964,2024-09-28 14:35:00,2024-09-28 14:35:00,13.742535855189821,52.55,62.0,case2,DOM01,11.693715827879823
32,5,4.7413844216937795,18.46580377542472,56,0.3,965,2024-09-28 14:40:00,2024-09-28 14:40:00,13.742329018877124,51.87370692210847,0.0,case2,DOM01,0.0
32,7,32.15951786604625,160.1443995593965,106,0.3,966,2024-09-28 14:40:00,2024-09-28 14:40:00,14.450721997796983,52.01079758933023,27.0,case2,DOM01,5.092424634721858
32,9,61.50696230583015,69.82424637996606,19,0.3,967,2024-09-28 14:40:00,2024-09-28 14:40:00,13.99912123189983,52.157534811529146,0.0,case2,DOM01,0.0
32,10,72.29389877194265,76.16280461321232,64,0.3,968,2024-09-28 14:40:00,2024-09-28 14:40:00,14.03081402306606,52.21146949385972,8.0,case2,DOM01,1.508866558436106
32,15,8.96749619353378,61.70377611273253,27,0.5,969,2024-09-28 14:40:00,2024-09-28 14:40:00,13.958518880563663,51.894837480967674,138.0,case2,DOM01,26.027948133022825
32,17,13.82868231642876,152.87400275402663,23,0.5,970,2024-09-28 14:40:00,2024-09-28 14:40:00,14.414370013770133,51.91914341158215,64.0,case2,DOM01,12.070932467488849
32,18,18.08292612666676,164.34753097160126,23,0.5,971,2024-09-28 14:40:00,2024-09-28 14:40:00,14.471737654858007,51.940414630633335,85.0,case2,DOM01,16.031707183383624
32,19,45.66989187180511,179.05666549314816,13,0.5,972,2024-09-28 14:40:00,2024-09-28 14:40:00,14.545283327465741,52.078349459359025,34.0,case2,DOM01,6.41268287335345
32,23,120.6214226359158,140.1838628005769,344,0.5,973,2024-09-28 14:40:00,2024-09-28 14:40:00,14.350919314002883,52.45310711317958,565.0,case2,DOM01,106.56370068954999
32,25,114.48756482619,35.1194839047059,162,0.5,974,2024-09-28 14:40:00,2024-09-28 14:40:00,13.825597419523529,52.42243782413095,210.0,case2,DOM01,39.60774715894778
32,26,116.19286103784029,176.18700953113512,97,0.5,975,2024-09-28 14:40:00,2024-09-28 14:40:00,14.530935047655674,52.4309643051892,220.0,case2,DOM01,41.493830356992916
32,29,132.74751518786772,74.81545513784343,38,0.5,976,2024-09-28 14:40:00,2024-09-28 14:40:00,14.024077275689217,52.51373757593934,67.0,case2,DOM01,12.636757426902387
32,31,1.2854322972775543,70.8677575890304,31,0.7,977,2024-09-28 14:40:00,2024-09-28 14:40:00,14.004338787945153,51.85642716148639,104.0,case2,DOM01,19.61526525966938
32,32,0.7030132067262571,166.75112308312748,10,0.7,978,2024-09-28 14:40:00,2024-09-28 14:40:00,14.483755615415637,51.85351506603363,157.0,case2,DOM01,29.61150620930858
32,35,17.01832718746683,99.14612784371066,133,0.7,979,2024-09-28 14:40:00,2024-09-28 14:40:00,14.145730639218552,51.93509163593733,528.0,case2,DOM01,99.58519285678298
32,36,19.70078987007505,76.77561611499665,115,0.7,980,2024-09-28 14:40:00,2024-09-28 14:40:00,14.033878080574983,51.948503949350375,581.0,case2,DOM01,109.58143380642218
32,37,41.08337301921611,104.56197762263801,185,0.7,981,2024-09-28 14:40:00,2024-09-28 14:40:00,14.172809888113191,52.05541686509608,593.0,case2,DOM01,111.84473364407634
32,38,51.79186718402527,102.08400843615607,97,0.7,982,2024-09-28 14:40:00,2024-09-28 14:40:00,14.16042004218078,52.108959335920126,497.0,case2,DOM01,93.73833494284308
32,39,54.15097678523588,117.48463861267358,9,0.7,983,2024-09-28 14:40:00,2024-09-28 14:40:00,14.237423193063368,52.120754883926175,596.0,case2,DOM01,112.41055860348989
32,40,59.75020037266684,144.44536800977215,169,0.7,984,2024-09-28 14:40:00,2024-09-28 14:40:00,14.37222684004886,52.14875100186333,601.0,case2,DOM01,113.35360020251245
32,41,69.62459351225971,13.344901962247844,127,0.7,985,2024-09-28 14:40:00,2024-09-28 14:40:00,13.71672450981124,52.198122967561304,392.0,case2,DOM01,73.9344613633692
32,42,68.34796413427352,1.8522871561366832,6,0.7,986,2024-09-28 14:40:00,2024-09-28 14:40:00,13.659261435780683,52.191739820671366,44.0,case2,DOM01,8.298766071398582
32,43,93.32748609826768,30.194178824979964,250,0.7,987,2024-09-28 14:40:00,2024-09-28 14:40:00,13.8009708941249,52.31663743049134,893.0,case2,DOM01,168.42722958543033
32,45,92.23563388411388,167.48425461615005,61,0.7,988,2024-09-28 14:40:00,2024-09-28 14:40:00,14.48742127308075,52.31117816942057,1179.0,case2,DOM01,222.36920904952112
32,47,93.13097257707157,1.9867635166248077,36,0.7,989,2024-09-28 14:40:00,2024-09-28 14:40:00,13.659933817583124,52.31565486288535,304.0,case2,DOM01,57.336929220572024
32,49,107.60150769552926,83.68346815493939,6,0.7,990,2024-09-28 14:40:00,2024-09-28 14:40:00,14.068417340774698,52.388007538477645,94.0,case2,DOM01,17.729182061624243
32,51,109.85057119881225,88.20309153735622,8,0.7,991,2024-09-28 14:40:00,2024-09-28 14:40:00,14.091015457686781,52.399252855994064,172.0,case2,DOM01,32.44063100637628
32,53,127.98434439008018,32.54353256001018,169,0.7,992,2024-09-28 14:40:00,2024-09-28 14:40:00,13.81271766280005,52.4899217219504,386.0,case2,DOM01,72.80281144454212
32,54,124.91073819766945,52.54344378282382,7,0.7,993,2024-09-28 14:40:00,2024-09-28 14:40:00,13.91271721891412,52.47455369098835,73.0,case2,DOM01,13.768407345729466
32,56,138.65087432976193,28.25712466110714,34,0.7,994,2024-09-28 14:40:00,2024-09-28 14:40:00,13.791285623305537,52.54325437164881,159.0,case2,DOM01,29.988722848917607
32,57,139.1434133272433,0.8542613331333627,10,0.7,995,2024-09-28 14:40:00,2024-09-28 14:40:00,13.654271306665667,52.545717066636215,207.0,case2,DOM01,39.04192219953425
33,5,6.585831006770255,11.5061778574773,113,0.3,996,2024-09-28 14:45:00,2024-09-28 14:45:00,13.707530889287387,51.88292915503385,0.0,case2,DOM01,0.0
33,9,62.30946879480418,79.7855882153405,20,0.3,997,2024-09-28 14:45:00,2024-09-28 14:45:00,14.048927941076704,52.16154734397402,0.0,case2,DOM01,0.0
33,10,73.00608606271405,86.4906343847503,78,0.3,998,2024-09-28 14:45:00,2024-09-28 14:45:00,14.082453171923753,52.215030430313575,0.0,case2,DOM01,0.0
33,14,1.255906083228202,176.5973187769191,40,0.5,999,2024-09-28 14:45:00,2024-09-28 14:45:00,14.532986593884596,51.85627953041614,50.0,case2,DOM01,9.430415990225661
33,16,14.79407524237614,167.3912109522786,83,0.5,1000,2024-09-28 14:45:00,2024-09-28 14:45:00,14.486956054761393,51.92397037621188,162.0,case2,DOM01,30.554547808331147
33,18,27.26807102911963,115.58104873311956,12,0.5,1001,2024-09-28 14:45:00,2024-09-28 14:45:00,14.227905243665598,51.9863403551456,69.0,case2,DOM01,13.013974066511413
33,19,29.7936512006799,170.5082308917387,6,0.5,1002,2024-09-28 14:45:00,2024-09-28 14:45:00,14.502541154458694,51.9989682560034,25.0,case2,DOM01,4.715207995112831
33,27,104.29130534402164,152.2152279985488,49,0.5,1003,2024-09-28 14:45:00,2024-09-28 14:45:00,14.411076139992744,52.37145652672011,219.0,case2,DOM01,41.3052220371884
33,29,101.00664948035012,161.2270950401182,5,0.5,1004,2024-09-28 14:45:00,2024-09-28 14:45:00,14.456135475200592,52.35503324740175,60.0,case2,DOM01,11.316499188270795
33,33,126.37206814739682,128.61677610892968,14,0.5,1005,2024-09-28 14:45:00,2024-09-28 14:45:00,14.293083880544648,52.48186034073698,54.0,case2,DOM01,10.184849269443715
33,34,130.66992486555023,82.22020769186388,36,0.5,1006,2024-09-28 14:45:00,2024-09-28 14:45:00,14.06110103845932,52.503349624327754,59.0,case2,DOM01,11.127890868466283
33,36,0.3799008934260528,77.56007705742405,7,0.7,1007,2024-09-28 14:45:00,2024-09-28 14:45:00,14.03780038528712,51.85189950446713,49.0,case2,DOM01,9.24180767042115
33,39,15.531776388516143,107.80412976942179,188,0.7,1008,2024-09-28 14:45:00,2024-09-28 14:45:00,14.189020648847109,51.92765888194258,550.0,case2,DOM01,103.73457589248228
33,40,18.06571731928595,84.85925492155256,107,0.7,1009,2024-09-28 14:45:00,2024-09-28 14:45:00,14.074296274607763,51.94032858659643,512.0,case2,DOM01,96.56745973991079
33,41,39.9362272723488,116.49344520981037,194,0.7,1010,2024-09-28 14:45:00,2024-09-28 14:45:00,14.232467226049051,52.04968113636174,1163.0,case2,DOM01,219.3514759326489
33,43,57.47693261838553,154.03482623008037,172,0.7,1011,2024-09-28 14:45:00,2024-09-28 14:45:00,14.420174131150402,52.13738466309193,631.0,case2,DOM01,119.01184979664787
33,45,55.06655986046412,124.40660070118336,8,0.7,1012,2024-09-28 14:45:00,2024-09-28 14:45:00,14.272033003505916,52.12533279930232,762.0,case2,DOM01,143.71953969103907
33,46,69.70363412504668,23.270579023317595,143,0.7,1013,2024-09-28 14:45:00,2024-09-28 14:45:00,13.766352895116588,52.198518170625235,692.0,case2,DOM01,130.51695730472315
33,49,75.93683007593734,170.03134074465632,13,0.7,1014,2024-09-28 14:45:00,2024-09-28 14:45:00,14.500156703723281,52.22968415037968,544.0,case2,DOM01,102.6029259736552
33,51,90.67262456903069,41.11025303719937,248,0.7,1015,2024-09-28 14:45:00,2024-09-28 14:45:00,13.855551265185998,52.303363122845155,618.0,case2,DOM01,116.55994163918919
33,52,89.30975629683172,6.588694142142055,35,0.7,1016,2024-09-28 14:45:00,2024-09-28 14:45:00,13.682943470710711,52.29654878148416,288.0,case2,DOM01,54.31919610369982
33,53,92.07653161899228,177.34262966085242,30,0.7,1017,2024-09-28 14:45:00,2024-09-28 14:45:00,14.536713148304262,52.310382658094966,417.0,case2,DOM01,78.64966935848202
33,54,96.22541005159079,28.001723622054385,15,0.7,1018,2024-09-28 14:45:00,2024-09-28 14:45:00,13.790008618110273,52.331127050257955,533.0,case2,DOM01,100.52823445580556
33,55,107.16127119257615,100.18425084429605,17,0.7,1019,2024-09-28 14:45:00,2024-09-28 14:45:00,14.15092125422148,52.38580635596288,318.0,case2,DOM01,59.977445697835215
33,56,120.40988984831064,7.080096465357429,18,0.7,1020,2024-09-28 14:45:00,2024-09-28 14:45:00,13.685400482326788,52.45204944924156,145.0,case2,DOM01,27.34820637165442
33,57,132.11020316686242,4.178940432316615,181,0.7,1021,2024-09-28 14:45:00,2024-09-28 14:45:00,13.670894702161583,52.51055101583431,373.0,case2,DOM01,70.35090328708344
33,58,120.4214181970191,141.87086415692636,8,0.7,1022,2024-09-28 14:45:00,2024-09-28 14:45:00,14.35935432078463,52.452107090985095,330.0,case2,DOM01,62.240745535489374
33,59,126.90668850042077,42.355497022494845,227,0.7,1023,2024-09-28 14:45:00,2024-09-28 14:45:00,13.861777485112475,52.484533442502105,908.0,case2,DOM01,171.25635438249802
34,4,0.28994873619692285,178.83907582295672,12,0.3,1024,2024-09-28 14:50:00,2024-09-28 14:50:00,14.544195379114784,51.85144974368099,3.0,case2,DOM01,0.5658249594135397
34,5,5.886474332607972,12.483714510253888,154,0.3,1025,2024-09-28 14:50:00,2024-09-28 14:50:00,13.71241857255127,51.87943237166304,0.0,case2,DOM01,0.0
34,8,26.127704985820394,2.1852388507292746,42,0.3,1026,2024-09-28 14:50:00,2024-09-28 14:50:00,13.660926194253646,51.9806385249291,11.0,case2,DOM01,2.0746915178496455
34,10,61.565403479556075,86.68022816652375,5,0.3,1027,2024-09-28 14:50:00,2024-09-28 14:50:00,14.083401140832619,52.15782701739778,0.0,case2,DOM01,0.0
34,11,74.13794209677984,96.67800341637641,111,0.3,1028,2024-09-28 14:50:00,2024-09-28 14:50:00,14.133390017081883,52.220689710483896,0.0,case2,DOM01,0.0
34,15,0.3801627513518945,86.53401062027774,15,0.5,1029,2024-09-28 14:50:00,2024-09-28 14:50:00,14.082670053101388,51.85190081375676,23.0,case2,DOM01,4.337991355503805
34,17,13.214264490203922,175.75953695266696,60,0.5,1030,2024-09-28 14:50:00,2024-09-28 14:50:00,14.528797684763335,51.91607132245102,105.0,case2,DOM01,19.80387357947389
34,20,50.43464001145093,101.26015601889404,7,0.5,1031,2024-09-28 14:50:00,2024-09-28 14:50:00,14.156300780094469,52.10217320005725,44.0,case2,DOM01,8.298766071398582
34,22,71.71370303707124,151.998611586674,12,0.5,1032,2024-09-28 14:50:00,2024-09-28 14:50:00,14.40999305793337,52.208568515185355,68.0,case2,DOM01,12.8253657467069
34,23,83.25669913374072,174.8464362735394,402,0.5,1033,2024-09-28 14:50:00,2024-09-28 14:50:00,14.524232181367697,52.2662834956687,797.0,case2,DOM01,150.32083088419705
34,24,104.83089249220058,109.35622791829466,244,0.5,1034,2024-09-28 14:50:00,2024-09-28 14:50:00,14.196781139591474,52.374154462461,339.0,case2,DOM01,63.93822041372999
34,27,119.72533053421556,167.4261821058616,58,0.5,1035,2024-09-28 14:50:00,2024-09-28 14:50:00,14.487130910529308,52.44862665267108,170.0,case2,DOM01,32.06341436676725
34,28,124.4768594687704,136.4712208661516,9,0.5,1036,2024-09-28 14:50:00,2024-09-28 14:50:00,14.332356104330758,52.47238429734385,44.0,case2,DOM01,8.298766071398582
34,29,128.59734315528348,90.17074889015906,33,0.5,1037,2024-09-28 14:50:00,2024-09-28 14:50:00,14.100853744450795,52.49298671577642,57.0,case2,DOM01,10.750674228857255
34,32,13.64551241032475,114.8416403844242,236,0.7,1038,2024-09-28 14:50:00,2024-09-28 14:50:00,14.22420820192212,51.91822756205163,714.0,case2,DOM01,134.66634034042247
34,33,15.742814542408635,91.47313267682837,68,0.7,1039,2024-09-28 14:50:00,2024-09-28 14:50:00,14.107365663384142,51.92871407271204,452.0,case2,DOM01,85.25096055163999
34,34,38.017398118909455,126.28686627095516,156,0.7,1040,2024-09-28 14:50:00,2024-09-28 14:50:00,14.281434331354776,52.040086990594546,1974.0,case2,DOM01,372.3128232941092
34,35,55.44952154196641,163.64958629276666,173,0.7,1041,2024-09-28 14:50:00,2024-09-28 14:50:00,14.468247931463834,52.12724760770983,645.0,case2,DOM01,121.65236627391104
34,37,70.63184044364634,33.76468145003506,115,0.7,1042,2024-09-28 14:50:00,2024-09-28 14:50:00,13.818823407250175,52.20315920221823,920.0,case2,DOM01,173.5196542201522
34,43,89.12049435476233,50.460017486367676,242,0.7,1043,2024-09-28 14:50:00,2024-09-28 14:50:00,13.902300087431838,52.29560247177381,1079.0,case2,DOM01,203.5083770690698
34,44,85.9879941362607,13.7788122759122,23,0.7,1044,2024-09-28 14:50:00,2024-09-28 14:50:00,13.718894061379562,52.279939970681305,248.0,case2,DOM01,46.77486331151929
34,45,86.24331576137004,3.161904700804507,16,0.7,1045,2024-09-28 14:50:00,2024-09-28 14:50:00,13.665809523504024,52.28121657880685,265.0,case2,DOM01,49.981204748196014
34,46,103.50230553382225,44.41675675617181,8,0.7,1046,2024-09-28 14:50:00,2024-09-28 14:50:00,13.872083783780859,52.36751152766911,187.0,case2,DOM01,35.26975580344398
34,47,117.49141661094349,14.741352741547864,64,0.7,1047,2024-09-28 14:50:00,2024-09-28 14:50:00,13.723706763707739,52.43745708305472,174.0,case2,DOM01,32.8178476459853
34,48,122.9256617137055,53.40876723468099,224,0.7,1048,2024-09-28 14:50:00,2024-09-28 14:50:00,13.917043836173406,52.46462830856853,645.0,case2,DOM01,121.65236627391104
34,49,119.3851088262873,147.88680024844638,12,0.7,1049,2024-09-28 14:50:00,2024-09-28 14:50:00,14.389434001242233,52.44692554413144,137.0,case2,DOM01,25.839339813218313
34,52,130.85381326321664,12.404337835640515,214,0.7,1050,2024-09-28 14:50:00,2024-09-28 14:50:00,13.712021689178203,52.504269066316084,615.0,case2,DOM01,115.99411667977564
34,53,132.45525090299657,47.9699695327407,12,0.7,1051,2024-09-28 14:50:00,2024-09-28 14:50:00,13.889849847663704,52.51227625451498,44.0,case2,DOM01,8.298766071398582
34,54,135.24740185866582,52.013731044642945,8,0.7,1052,2024-09-28 14:50:00,2024-09-28 14:50:00,13.910068655223215,52.526237009293325,190.0,case2,DOM01,35.83558076285752
34,55,137.46362575044895,46.61707927882971,7,0.7,1053,2024-09-28 14:50:00,2024-09-28 14:50:00,13.883085396394149,52.53731812875224,55.0,case2,DOM01,10.373457589248229
35,3,5.911096402760821,12.635328663995727,225,0.3,1054,2024-09-28 14:55:00,2024-09-28 14:55:00,13.71317664331998,51.87955548201381,30.0,case2,DOM01,5.658249594135397
35,4,0.0,94.46828358417437,6,0.3,1055,2024-09-28 14:55:00,2024-09-28 14:55:00,14.122341417920872,51.85,0.0,case2,DOM01,0.0
35,7,25.623124863270803,5.5777711912706645,115,0.3,1056,2024-09-28 14:55:00,2024-09-28 14:55:00,13.677888855956354,51.97811562431635,45.0,case2,DOM01,8.487374391203096
35,11,10.159647156332216,179.73347254119588,10,0.5,1057,2024-09-28 14:55:00,2024-09-28 14:55:00,14.548667362705979,51.90079823578166,34.0,case2,DOM01,6.41268287335345
35,16,54.002545668712614,112.327288303066,11,0.5,1058,2024-09-28 14:55:00,2024-09-28 14:55:00,14.211636441515331,52.12001272834356,82.0,case2,DOM01,15.465882223970086
35,17,56.02194020840841,0.9219426413097525,15,0.5,1059,2024-09-28 14:55:00,2024-09-28 14:55:00,13.654609713206549,52.130109701042045,37.0,case2,DOM01,6.97850783276699
35,19,76.55905556148731,176.2163128386418,67,0.5,1060,2024-09-28 14:55:00,2024-09-28 14:55:00,14.531081564193208,52.23279527780743,167.0,case2,DOM01,31.49758940735371
35,20,92.2567027410077,179.88548145235183,5,0.5,1061,2024-09-28 14:55:00,2024-09-28 14:55:00,14.54942740726176,52.31128351370504,16.0,case2,DOM01,3.017733116872212
35,21,102.88234494805201,119.67859595860735,263,0.5,1062,2024-09-28 14:55:00,2024-09-28 14:55:00,14.248392979793037,52.364411724740265,362.0,case2,DOM01,68.2762117692338
35,22,96.91571792890979,173.81543713432464,43,0.5,1063,2024-09-28 14:55:00,2024-09-28 14:55:00,14.519077185671623,52.33457858964455,172.0,case2,DOM01,32.44063100637628
35,25,126.58234726997996,98.83460037487721,33,0.5,1064,2024-09-28 14:55:00,2024-09-28 14:55:00,14.144173001874385,52.4829117363499,62.0,case2,DOM01,11.693715827879823
35,27,11.945584502611636,125.35695813957973,322,0.7,1065,2024-09-28 14:55:00,2024-09-28 14:55:00,14.2767847906979,51.909727922513056,809.0,case2,DOM01,152.58413072185124
35,28,13.579056573257516,98.807791591474,10,0.7,1066,2024-09-28 14:55:00,2024-09-28 14:55:00,14.14403895795737,51.91789528286629,205.0,case2,DOM01,38.66470555992522
35,29,17.61636574011786,99.92796214360673,5,0.7,1067,2024-09-28 14:55:00,2024-09-28 14:55:00,14.149639810718034,51.93808182870059,279.0,case2,DOM01,52.6217212254592
35,30,35.626372572595216,135.87820650365765,138,0.7,1068,2024-09-28 14:55:00,2024-09-28 14:55:00,14.329391032518288,52.02813186286298,930.0,case2,DOM01,175.4057374181973
35,32,52.74299078687386,173.34625140879967,191,0.7,1069,2024-09-28 14:55:00,2024-09-28 14:55:00,14.516731257043999,52.11371495393437,527.0,case2,DOM01,99.39658453697848
35,34,57.02677924103738,153.8981358800267,14,0.7,1070,2024-09-28 14:55:00,2024-09-28 14:55:00,14.419490679400134,52.13513389620518,113.0,case2,DOM01,21.312740137909998
35,35,57.56957712255296,148.20436217333304,12,0.7,1071,2024-09-28 14:55:00,2024-09-28 14:55:00,14.391021810866665,52.137847885612764,1091.0,case2,DOM01,205.77167690672394
35,36,60.793246393749264,14.686377423620378,28,0.7,1072,2024-09-28 14:55:00,2024-09-28 14:55:00,13.723431887118101,52.153966231968745,272.0,case2,DOM01,51.3014629868276
35,37,70.82534566112119,41.18487783666418,137,0.7,1073,2024-09-28 14:55:00,2024-09-28 14:55:00,13.855924389183322,52.2041267283056,758.0,case2,DOM01,142.96510641182104
35,38,65.35017787397574,4.184118293786661,9,0.7,1074,2024-09-28 14:55:00,2024-09-28 14:55:00,13.670920591468933,52.17675088936988,62.0,case2,DOM01,11.693715827879823
35,39,80.49610066732154,3.4466066852932746,136,0.7,1075,2024-09-28 14:55:00,2024-09-28 14:55:00,13.667233033426466,52.252480503336606,382.0,case2,DOM01,72.04837816532407
35,40,74.48959549720234,27.749222170779536,8,0.7,1076,2024-09-28 14:55:00,2024-09-28 14:55:00,13.788746110853898,52.22244797748601,69.0,case2,DOM01,13.013974066511413
35,41,79.01172093885843,64.86147029323597,67,0.7,1077,2024-09-28 14:55:00,2024-09-28 14:55:00,13.97430735146618,52.24505860469429,250.0,case2,DOM01,47.152079951128314
35,42,82.51973928807615,58.07484445789753,6,0.7,1078,2024-09-28 14:55:00,2024-09-28 14:55:00,13.940374222289487,52.26259869644038,24.0,case2,DOM01,4.526599675308318
35,43,85.2616879863111,20.228105598375038,39,0.7,1079,2024-09-28 14:55:00,2024-09-28 14:55:00,13.751140527991875,52.276308439931555,841.0,case2,DOM01,158.61959695559565
35,44,95.01485448526739,59.70948519066195,160,0.7,1080,2024-09-28 14:55:00,2024-09-28 14:55:00,13.94854742595331,52.32507427242634,654.0,case2,DOM01,123.34984115215165
35,46,115.77907267971894,25.034913871504298,72,0.7,1081,2024-09-28 14:55:00,2024-09-28 14:55:00,13.775174569357521,52.428895363398595,231.0,case2,DOM01,43.56852187484256
35,47,119.22700529258074,65.70635594180095,205,0.7,1082,2024-09-28 14:55:00,2024-09-28 14:55:00,13.978531779709005,52.446135026462905,984.0,case2,DOM01,185.59058668764104
35,48,117.8151299416841,157.4718635086112,6,0.7,1083,2024-09-28 14:55:00,2024-09-28 14:55:00,14.437359317543056,52.43907564970842,205.0,case2,DOM01,38.66470555992522
35,50,129.82349426415317,20.281713328527584,224,0.7,1084,2024-09-28 14:55:00,2024-09-28 14:55:00,13.751408566642638,52.499117471320766,1038.0,case2,DOM01,195.77543595708474
36,6,17.36851203333006,2.85118221298922,16,0.3,1085,2024-09-28 15:00:00,2024-09-28 15:00:00,13.664255911064947,51.93684256016665,0.0,case2,DOM01,0.0
36,8,67.64972130171245,111.04956411313619,40,0.3,1086,2024-09-28 15:00:00,2024-09-28 15:00:00,14.205247820565681,52.18824860650856,0.0,case2,DOM01,0.0
36,13,5.577642302375206,13.209677617379048,7,0.5,1087,2024-09-28 15:00:00,2024-09-28 15:00:00,13.716048388086895,51.87788821151188,64.0,case2,DOM01,12.070932467488849
36,14,8.896107054744093,3.55665356006465,48,0.5,1088,2024-09-28 15:00:00,2024-09-28 15:00:00,13.667783267800324,51.89448053527372,93.0,case2,DOM01,17.54057374181973
36,15,13.538265326728263,89.35352703128407,6,0.5,1089,2024-09-28 15:00:00,2024-09-28 15:00:00,14.096767635156422,51.917691326633644,44.0,case2,DOM01,8.298766071398582
36,16,24.969589448549844,8.400205327185525,6,0.5,1090,2024-09-28 15:00:00,2024-09-28 15:00:00,13.692001026635927,51.97484794724275,90.0,case2,DOM01,16.97474878240619
36,17,42.19970161062997,0.3401391008669355,11,0.5,1091,2024-09-28 15:00:00,2024-09-28 15:00:00,13.651700695504335,52.06099850805315,84.0,case2,DOM01,15.843098863579113
36,22,100.61847188917893,129.19455654352788,282,0.5,1092,2024-09-28 15:00:00,2024-09-28 15:00:00,14.295972782717639,52.353092359445895,407.0,case2,DOM01,76.76358616043689
36,24,124.01107180160142,107.75479927157534,34,0.5,1093,2024-09-28 15:00:00,2024-09-28 15:00:00,14.188773996357876,52.47005535900801,67.0,case2,DOM01,12.636757426902387
36,26,9.991385591714161,134.71952183850195,351,0.7,1094,2024-09-28 15:00:00,2024-09-28 15:00:00,14.32359760919251,51.89995692795857,1378.0,case2,DOM01,259.90226469061923
36,27,33.533733941604844,146.19104575760602,148,0.7,1095,2024-09-28 15:00:00,2024-09-28 15:00:00,14.38095522878803,52.01766866970802,1060.0,case2,DOM01,199.92481899278405
36,28,49.01641770705994,178.75356254207483,47,0.7,1096,2024-09-28 15:00:00,2024-09-28 15:00:00,14.543767812710374,52.0950820885353,284.0,case2,DOM01,53.56476282448176
36,29,55.88339844866209,159.9364800543615,16,0.7,1097,2024-09-28 15:00:00,2024-09-28 15:00:00,14.449682400271806,52.129416992243314,1250.0,case2,DOM01,235.76039975564154
36,30,56.963175271507446,23.026797204385026,35,0.7,1098,2024-09-28 15:00:00,2024-09-28 15:00:00,13.765133986021926,52.134815876357536,327.0,case2,DOM01,61.67492057607583
36,31,67.33584462823353,11.702254194134259,53,0.7,1099,2024-09-28 15:00:00,2024-09-28 15:00:00,13.708511270970671,52.18667922314117,322.0,case2,DOM01,60.73187897705326
36,32,70.54682301588817,45.002518890232224,155,0.7,1100,2024-09-28 15:00:00,2024-09-28 15:00:00,13.875012594451162,52.202734115079444,848.0,case2,DOM01,159.93985519422722
36,33,70.536180488478,56.38016650568051,5,0.7,1101,2024-09-28 15:00:00,2024-09-28 15:00:00,13.931900832528402,52.20268090244239,48.0,case2,DOM01,9.053199350616635
36,34,80.15633352485584,7.190346684638471,164,0.7,1102,2024-09-28 15:00:00,2024-09-28 15:00:00,13.685951733423193,52.25078166762428,723.0,case2,DOM01,136.36381521866306
36,35,75.37033415156313,66.7379209240802,62,0.7,1103,2024-09-28 15:00:00,2024-09-28 15:00:00,13.9836896046204,52.22685167075782,222.0,case2,DOM01,41.87104699660194
36,36,74.56311391602082,79.28306675308608,16,0.7,1104,2024-09-28 15:00:00,2024-09-28 15:00:00,14.046415333765431,52.222815569580106,101.0,case2,DOM01,19.04944030025584
36,38,87.25839594957611,35.453924864862515,67,0.7,1105,2024-09-28 15:00:00,2024-09-28 15:00:00,13.827269624324313,52.28629197974788,805.0,case2,DOM01,151.82969744263315
36,39,95.89459201625367,69.18469037267775,142,0.7,1106,2024-09-28 15:00:00,2024-09-28 15:00:00,13.995923451863389,52.32947296008127,736.0,case2,DOM01,138.81572337612175
36,42,112.9252905957842,34.944366850766166,66,0.7,1107,2024-09-28 15:00:00,2024-09-28 15:00:00,13.82472183425383,52.41462645297892,390.0,case2,DOM01,73.55724472376018
36,43,116.5892799340129,72.72285365830176,161,0.7,1108,2024-09-28 15:00:00,2024-09-28 15:00:00,14.013614268291509,52.432946399670065,1147.0,case2,DOM01,216.3337428157767
36,44,115.21873983188226,169.07529404555024,9,0.7,1109,2024-09-28 15:00:00,2024-09-28 15:00:00,14.49537647022775,52.42609369915941,140.0,case2,DOM01,26.405164772631853
36,46,129.41944171637994,29.923037649283327,132,0.7,1110,2024-09-28 15:00:00,2024-09-28 15:00:00,13.799615188246417,52.4970972085819,1022.0,case2,DOM01,192.75770284021252
36,51,140.0,24.14200244747852,5,0.7,1111,2024-09-28 15:00:00,2024-09-28 15:00:00,13.770710012237393,52.55,81.0,case2,DOM01,15.277273904165574
37,7,95.00886378248326,176.95566960956444,51,0.3,1112,2024-09-28 15:05:00,2024-09-28 15:05:00,14.534778348047823,52.32504431891242,0.0,case2,DOM01,0.0
37,11,6.781534212459981,10.861988579377703,143,0.5,1113,2024-09-28 15:05:00,2024-09-28 15:05:00,13.704309942896888,51.883907671062296,257.0,case2,DOM01,48.4723381897599
37,12,36.370263094793536,5.71287480615309,177,0.5,1114,2024-09-28 15:05:00,2024-09-28 15:05:00,13.678564374030765,52.031851315473965,395.0,case2,DOM01,74.50028632278273
37,13,32.10086424602194,129.52847908627209,6,0.5,1115,2024-09-28 15:05:00,2024-09-28 15:05:00,14.29764239543136,52.01050432123011,36.0,case2,DOM01,6.789899512962477
37,15,52.77245337269702,131.44746814370313,6,0.5,1116,2024-09-28 15:05:00,2024-09-28 15:05:00,14.307237340718515,52.113862266863485,46.0,case2,DOM01,8.67598271100761
37,17,97.55498709137697,138.51803751845364,283,0.5,1117,2024-09-28 15:05:00,2024-09-28 15:05:00,14.342590187592268,52.337774935456885,450.0,case2,DOM01,84.87374391203096
37,18,113.19574263909047,177.16414928522622,52,0.5,1118,2024-09-28 15:05:00,2024-09-28 15:05:00,14.53582074642613,52.41597871319545,75.0,case2,DOM01,14.145623985338494
37,20,8.076201370444329,144.4166343009947,373,0.7,1119,2024-09-28 15:05:00,2024-09-28 15:05:00,14.372083171504974,51.89038100685222,1389.0,case2,DOM01,261.9769562084689
37,21,31.307723552438638,156.6728058652546,154,0.7,1120,2024-09-28 15:05:00,2024-09-28 15:05:00,14.433364029326274,52.006538617762196,2212.0,case2,DOM01,417.2016034075833
37,22,54.025939260750356,31.295445569523345,44,0.7,1121,2024-09-28 15:05:00,2024-09-28 15:05:00,13.806477227847617,52.12012969630375,282.0,case2,DOM01,53.18754618487273
37,23,67.11451349297535,55.158412364594426,178,0.7,1122,2024-09-28 15:05:00,2024-09-28 15:05:00,13.925792061822973,52.18557256746488,1000.0,case2,DOM01,188.60831980451326
37,24,64.45290181882098,21.530039130863543,40,0.7,1123,2024-09-28 15:05:00,2024-09-28 15:05:00,13.757650195654318,52.172264509094106,534.0,case2,DOM01,100.71684277561008
37,26,72.5304579263246,81.72842628051129,62,0.7,1124,2024-09-28 15:05:00,2024-09-28 15:05:00,14.058642131402557,52.21265228963163,357.0,case2,DOM01,67.33317017021123
37,28,79.05403029915641,15.374360899403946,154,0.7,1125,2024-09-28 15:05:00,2024-09-28 15:05:00,13.72687180449702,52.24527015149578,520.0,case2,DOM01,98.0763262983469
37,29,87.21473463096184,47.80854570322446,87,0.7,1126,2024-09-28 15:05:00,2024-09-28 15:05:00,13.889042728516122,52.2860736731548,507.0,case2,DOM01,95.62441814088821
37,30,88.77756792148922,14.87057924289788,16,0.7,1127,2024-09-28 15:05:00,2024-09-28 15:05:00,13.724352896214489,52.29388783960745,294.0,case2,DOM01,55.450846022526896
37,31,94.89448853508515,79.70628968410121,106,0.7,1128,2024-09-28 15:05:00,2024-09-28 15:05:00,14.048531448420507,52.32447244267543,797.0,case2,DOM01,150.32083088419705
37,34,111.06599485955844,45.12780300098851,58,0.7,1129,2024-09-28 15:05:00,2024-09-28 15:05:00,13.875639015004943,52.40532997429779,571.0,case2,DOM01,107.69535060837707
37,35,112.74009287234352,82.31052861449429,172,0.7,1130,2024-09-28 15:05:00,2024-09-28 15:05:00,14.061552643072472,52.41370046436172,478.0,case2,DOM01,90.15477686655733
37,36,125.30579040688329,32.36623769785844,24,0.7,1131,2024-09-28 15:05:00,2024-09-28 15:05:00,13.811831188489291,52.476528952034414,551.0,case2,DOM01,103.9231842122868
37,37,124.52360088813663,79.01868084853898,7,0.7,1132,2024-09-28 15:05:00,2024-09-28 15:05:00,14.045093404242694,52.47261800444068,812.0,case2,DOM01,153.14995568126477
37,40,134.60592943491255,50.862637074740825,11,0.7,1133,2024-09-28 15:05:00,2024-09-28 15:05:00,13.904313185373704,52.52302964717456,363.0,case2,DOM01,68.46482008903831
37,41,139.76244487129244,35.29299517478996,12,0.7,1134,2024-09-28 15:05:00,2024-09-28 15:05:00,13.82646497587395,52.54881222435646,687.0,case2,DOM01,129.5739157057006
38,6,4.378778444756799,19.710166087071826,190,0.5,1135,2024-09-28 15:10:00,2024-09-28 15:10:00,13.74855083043536,51.87189389222378,263.0,case2,DOM01,49.60398810858698
38,8,12.29997937840307,117.85598985926352,117,0.5,1136,2024-09-28 15:10:00,2024-09-28 15:10:00,14.239279949296318,51.91149989689201,258.0,case2,DOM01,48.66094650956441
38,9,10.804060919915221,0.2528588985220663,11,0.5,1137,2024-09-28 15:10:00,2024-09-28 15:10:00,13.651264294492611,51.90402030459958,39.0,case2,DOM01,7.355724472376017
38,12,43.272928542615105,63.40984505497835,89,0.5,1138,2024-09-28 15:10:00,2024-09-28 15:10:00,13.967049225274891,52.066364642713076,195.0,case2,DOM01,36.77862236188009
38,14,54.35968954137636,165.35609521445537,555,0.5,1139,2024-09-28 15:10:00,2024-09-28 15:10:00,14.476780476072276,52.12179844770688,969.0,case2,DOM01,182.76146189057332
38,16,52.52653720117984,0.4642450939683342,13,0.5,1140,2024-09-28 15:10:00,2024-09-28 15:10:00,13.65232122546984,52.1126326860059,86.0,case2,DOM01,16.22031550318814
38,18,75.50938022151375,174.5283456904833,39,0.5,1141,2024-09-28 15:10:00,2024-09-28 15:10:00,14.522641728452417,52.227546901107566,142.0,case2,DOM01,26.78238141224088
38,20,86.39741248273357,139.99375203884142,141,0.5,1142,2024-09-28 15:10:00,2024-09-28 15:10:00,14.349968760194207,52.28198706241367,285.0,case2,DOM01,53.75337114428628
38,21,100.61937013466128,152.62352727075674,137,0.5,1143,2024-09-28 15:10:00,2024-09-28 15:10:00,14.413117636353784,52.3530968506733,218.0,case2,DOM01,41.116613717383885
38,23,6.323101398146345,152.5739731133612,356,0.7,1144,2024-09-28 15:10:00,2024-09-28 15:10:00,14.412869865566806,51.881615506990734,1072.0,case2,DOM01,202.18811883043819
38,24,27.646032424235806,168.08348141537863,160,0.7,1145,2024-09-28 15:10:00,2024-09-28 15:10:00,14.490417407076894,51.98823016212118,886.0,case2,DOM01,167.10697134679876
38,25,32.573874242148136,2.3592583107188534,18,0.7,1146,2024-09-28 15:10:00,2024-09-28 15:10:00,13.661796291553594,52.01286937121074,582.0,case2,DOM01,109.77004212622671
38,26,52.359005963202186,40.115635133865446,25,0.7,1147,2024-09-28 15:10:00,2024-09-28 15:10:00,13.850578175669327,52.11179502981601,435.0,case2,DOM01,82.04461911496327
38,27,65.04212951091488,63.28112592531453,167,0.7,1148,2024-09-28 15:10:00,2024-09-28 15:10:00,13.966405629626573,52.17521064755457,795.0,case2,DOM01,149.94361424458802
38,28,63.624115881959995,28.628895699811295,14,0.7,1149,2024-09-28 15:10:00,2024-09-28 15:10:00,13.793144478499057,52.1681205794098,409.0,case2,DOM01,77.14080280004592
38,29,68.6572961190777,94.56747673913544,45,0.7,1150,2024-09-28 15:10:00,2024-09-28 15:10:00,14.122837383695677,52.19328648059539,480.0,case2,DOM01,90.53199350616636
38,31,80.43191379234008,24.544524296285157,157,0.7,1151,2024-09-28 15:10:00,2024-09-28 15:10:00,13.772722621481426,52.2521595689617,929.0,case2,DOM01,175.2171290983928
38,32,85.35106704361438,57.72985536032975,83,0.7,1152,2024-09-28 15:10:00,2024-09-28 15:10:00,13.938649276801648,52.27675533521807,450.0,case2,DOM01,84.87374391203096
38,33,92.78986102378455,90.2763602453175,51,0.7,1153,2024-09-28 15:10:00,2024-09-28 15:10:00,14.101381801226587,52.313949305118925,509.0,case2,DOM01,96.00163478049724
38,34,108.09406561842395,93.21120990098478,193,0.7,1154,2024-09-28 15:10:00,2024-09-28 15:10:00,14.116056049504923,52.39047032809212,1219.0,case2,DOM01,229.91354184170166
38,35,110.04761999474219,55.906223143763135,95,0.7,1155,2024-09-28 15:10:00,2024-09-28 15:10:00,13.929531115718815,52.40023809997371,609.0,case2,DOM01,114.86246676094856
38,36,122.41633900113285,41.162217545268014,5,0.7,1156,2024-09-28 15:10:00,2024-09-28 15:10:00,13.855811087726341,52.462081695005665,1384.0,case2,DOM01,261.0339146094463
38,38,139.58168770293662,44.9418131503599,15,0.7,1157,2024-09-28 15:10:00,2024-09-28 15:10:00,13.8747090657518,52.54790843851468,751.0,case2,DOM01,141.64484817318947
39,4,94.86582229106436,135.65156956779572,12,0.3,1158,2024-09-28 15:15:00,2024-09-28 15:15:00,14.328257847838978,52.32432911145533,0.0,case2,DOM01,0.0
39,6,139.65800838459356,177.1987161406921,20,0.3,1159,2024-09-28 15:15:00,2024-09-28 15:15:00,14.535993580703462,52.54829004192297,0.0,case2,DOM01,0.0
39,8,2.7335133190092504,26.759780005780826,169,0.5,1160,2024-09-28 15:15:00,2024-09-28 15:15:00,13.783798900028904,51.86366756659505,220.0,case2,DOM01,41.493830356992916
39,10,9.644917027998797,2.8252872055728178,130,0.5,1161,2024-09-28 15:15:00,2024-09-28 15:15:00,13.664126436027864,51.89822458513999,162.0,case2,DOM01,30.554547808331147
39,11,5.104994017016386,126.63748271146483,21,0.5,1162,2024-09-28 15:15:00,2024-09-28 15:15:00,14.283187413557323,51.87552497008508,60.0,case2,DOM01,11.316499188270795
39,12,13.964035015686305,126.02267745742708,39,0.5,1163,2024-09-28 15:15:00,2024-09-28 15:15:00,14.280113387287134,51.919820175078435,132.0,case2,DOM01,24.896298214195745
39,13,20.01569540075229,148.52775214333778,146,0.5,1164,2024-09-28 15:15:00,2024-09-28 15:15:00,14.39263876071669,51.950078477003764,408.0,case2,DOM01,76.9521944802414
39,15,34.029378564592406,146.82124774200196,6,0.5,1165,2024-09-28 15:15:00,2024-09-28 15:15:00,14.38410623871001,52.020146892822964,168.0,case2,DOM01,31.686197727158227
39,16,35.31316259952949,137.22275085321283,8,0.5,1166,2024-09-28 15:15:00,2024-09-28 15:15:00,14.336113754266064,52.026565812997646,158.0,case2,DOM01,29.800114529113092
39,17,40.609315324670135,71.59655008974063,77,0.5,1167,2024-09-28 15:15:00,2024-09-28 15:15:00,14.007982750448704,52.05304657662335,163.0,case2,DOM01,30.74315612813566
39,18,46.67597103181605,159.1374887242319,126,0.5,1168,2024-09-28 15:15:00,2024-09-28 15:15:00,14.445687443621159,52.08337985515908,380.0,case2,DOM01,71.67116152571504
39,20,55.11341685282604,3.6867284987388875,191,0.5,1169,2024-09-28 15:15:00,2024-09-28 15:15:00,13.668433642493694,52.125567084264134,566.0,case2,DOM01,106.7523090093545
39,21,57.09418074964511,174.42760498745818,199,0.5,1170,2024-09-28 15:15:00,2024-09-28 15:15:00,14.522138024937291,52.13547090374822,322.0,case2,DOM01,60.73187897705326
39,23,83.64792344875035,148.8942041826931,169,0.5,1171,2024-09-28 15:15:00,2024-09-28 15:15:00,14.394471020913466,52.26823961724375,278.0,case2,DOM01,52.43311290565468
39,24,99.32453479292407,162.8948219753659,110,0.5,1172,2024-09-28 15:15:00,2024-09-28 15:15:00,14.464474109876829,52.34662267396462,282.0,case2,DOM01,53.18754618487273
39,25,99.68947986961996,2.8517222023439026,43,0.5,1173,2024-09-28 15:15:00,2024-09-28 15:15:00,13.66425861101172,52.3484473993481,82.0,case2,DOM01,15.465882223970086
39,26,103.26679359406089,20.169974174237378,34,0.5,1174,2024-09-28 15:15:00,2024-09-28 15:15:00,13.750849870871187,52.366333967970306,129.0,case2,DOM01,24.330473254782206
39,28,5.1366400645855395,161.05748258893286,312,0.7,1175,2024-09-28 15:15:00,2024-09-28 15:15:00,14.455287412944664,51.875683200322925,598.0,case2,DOM01,112.78777524309892
39,30,25.22030386522367,175.78235870300765,115,0.7,1176,2024-09-28 15:15:00,2024-09-28 15:15:00,14.528911793515038,51.97610151932612,411.0,case2,DOM01,77.51801943965495
39,31,30.42001995208814,7.935149259579185,151,0.7,1177,2024-09-28 15:15:00,2024-09-28 15:15:00,13.689675746297896,52.00210009976044,780.0,case2,DOM01,147.11448944752036
39,32,50.70805448876899,49.39537021261819,26,0.7,1178,2024-09-28 15:15:00,2024-09-28 15:15:00,13.89697685106309,52.103540272443844,374.0,case2,DOM01,70.53951160688796
39,33,63.22988008212087,73.52256530611004,192,0.7,1179,2024-09-28 15:15:00,2024-09-28 15:15:00,14.01761282653055,52.1661494004106,853.0,case2,DOM01,160.88289679324978
39,34,61.44054024002105,39.68519503224024,10,0.7,1180,2024-09-28 15:15:00,2024-09-28 15:15:00,13.8484259751612,52.157202701200106,400.0,case2,DOM01,75.44332792180529
39,36,66.78634696269629,103.77637779208433,38,0.7,1181,2024-09-28 15:15:00,2024-09-28 15:15:00,14.168881888960422,52.183931734813484,258.0,case2,DOM01,48.66094650956441
39,38,77.50489463371555,32.88203752401415,65,0.7,1182,2024-09-28 15:15:00,2024-09-28 15:15:00,13.814410187620071,52.23752447316858,334.0,case2,DOM01,62.99517881470742
39,39,83.18440713472465,67.46949778801945,64,0.7,1183,2024-09-28 15:15:00,2024-09-28 15:15:00,13.987347488940097,52.265922035673626,458.0,case2,DOM01,86.38261047046706
39,40,85.6476460123324,41.74297928345414,55,0.7,1184,2024-09-28 15:15:00,2024-09-28 15:15:00,13.85871489641727,52.27823823006166,451.0,case2,DOM01,85.06235223183548
39,41,92.09225397240567,96.28576011323905,32,0.7,1185,2024-09-28 15:15:00,2024-09-28 15:15:00,14.131428800566196,52.31046126986203,827.0,case2,DOM01,155.97908047833246
39,43,107.25827419245049,67.22163547136803,134,0.7,1186,2024-09-28 15:15:00,2024-09-28 15:15:00,13.98610817735684,52.386291370962255,2617.0,case2,DOM01,493.5879729284112
39,45,105.60270673499735,103.12346420733623,194,0.7,1187,2024-09-28 15:15:00,2024-09-28 15:15:00,14.165617321036683,52.37801353367499,1244.0,case2,DOM01,234.62874983681445
39,48,137.28606223141648,0.31284198101109606,13,0.7,1188,2024-09-28 15:15:00,2024-09-28 15:15:00,13.651564209905056,52.536430311157076,222.0,case2,DOM01,41.87104699660194
40,4,24.225902463214467,127.27898202031804,8,0.3,1189,2024-09-28 15:20:00,2024-09-28 15:20:00,14.28639491010159,51.971129512316075,0.0,case2,DOM01,0.0
40,5,92.42123095688368,142.4531436816947,57,0.3,1190,2024-09-28 15:20:00,2024-09-28 15:20:00,14.362265718408473,52.312106154784416,0.0,case2,DOM01,0.0
40,7,139.58301819158618,178.61278127827427,13,0.3,1191,2024-09-28 15:20:00,2024-09-28 15:20:00,14.543063906391371,52.54791509095793,2.0,case2,DOM01,0.3772166396090265
40,10,1.8664617718648753,33.56640082505833,129,0.5,1192,2024-09-28 15:20:00,2024-09-28 15:20:00,13.817832004125291,51.85933230885932,158.0,case2,DOM01,29.800114529113092
40,12,3.5678724378751316,135.08337349849594,10,0.5,1193,2024-09-28 15:20:00,2024-09-28 15:20:00,14.325416867492478,51.86783936218937,65.0,case2,DOM01,12.259540787293362
40,13,14.110333576011215,133.4986002039736,13,0.5,1194,2024-09-28 15:20:00,2024-09-28 15:20:00,14.317493001019868,51.920551667880055,85.0,case2,DOM01,16.031707183383624
40,15,17.518945239243422,149.9462653378342,7,0.5,1195,2024-09-28 15:20:00,2024-09-28 15:20:00,14.39973132668917,51.93759472619622,71.0,case2,DOM01,13.39119070612044
40,16,22.385670081857302,162.7196018961362,49,0.5,1196,2024-09-28 15:20:00,2024-09-28 15:20:00,14.46359800948068,51.96192835040929,1.0,case2,DOM01,0.18860831980451326
40,18,19.011735482949454,171.08533881526813,14,0.5,1197,2024-09-28 15:20:00,2024-09-28 15:20:00,14.505426694076341,51.94505867741475,59.0,case2,DOM01,11.127890868466283
40,19,37.4638302696969,29.363541365804377,36,0.5,1198,2024-09-28 15:20:00,2024-09-28 15:20:00,13.796817706829023,52.037319151348484,116.0,case2,DOM01,21.878565097323538
40,20,37.65563050511822,78.8510749718268,59,0.5,1199,2024-09-28 15:20:00,2024-09-28 15:20:00,14.044255374859134,52.03827815252559,135.0,case2,DOM01,25.462123173609285
40,22,47.05218602008291,167.83857822583852,81,0.5,1200,2024-09-28 15:20:00,2024-09-28 15:20:00,14.489192891129193,52.08526093010042,235.0,case2,DOM01,44.32295515406061
40,23,56.61124694571868,9.59068507850581,386,0.5,1201,2024-09-28 15:20:00,2024-09-28 15:20:00,13.697953425392528,52.13305623472859,760.0,case2,DOM01,143.34232305143007
40,24,56.11469034984033,178.98370229511357,19,0.5,1202,2024-09-28 15:20:00,2024-09-28 15:20:00,14.544918511475569,52.13057345174921,85.0,case2,DOM01,16.031707183383624
40,25,72.90800041162164,0.32982797585774526,9,0.5,1203,2024-09-28 15:20:00,2024-09-28 15:20:00,13.65164913987929,52.21454000205811,31.0,case2,DOM01,5.846857913939911
40,26,81.15215228927289,157.82601059284966,158,0.5,1204,2024-09-28 15:20:00,2024-09-28 15:20:00,14.439130052964249,52.25576076144637,240.0,case2,DOM01,45.26599675308318
40,27,87.59668491513565,0.5960243453988512,10,0.5,1205,2024-09-28 15:20:00,2024-09-28 15:20:00,13.652980121726994,52.28798342457568,57.0,case2,DOM01,10.750674228857255
40,28,91.25915183385001,166.91738409112168,9,0.5,1206,2024-09-28 15:20:00,2024-09-28 15:20:00,14.484586920455607,52.30629575916925,48.0,case2,DOM01,9.053199350616635
40,29,96.82362969012932,9.91452822740371,119,0.5,1207,2024-09-28 15:20:00,2024-09-28 15:20:00,13.699572641137017,52.33411814845065,286.0,case2,DOM01,53.941979464090785
40,30,99.6605298403435,174.51953291569868,69,0.5,1208,2024-09-28 15:20:00,2024-09-28 15:20:00,14.522597664578493,52.34830264920172,183.0,case2,DOM01,34.51532252422592
40,32,4.048076359723093,168.60581212191042,259,0.7,1209,2024-09-28 15:20:00,2024-09-28 15:20:00,14.493029060609551,51.87024038179861,437.0,case2,DOM01,82.42183575457229
40,33,4.927875588670301,8.475004486580483,13,0.7,1210,2024-09-28 15:20:00,2024-09-28 15:20:00,13.692375022432902,51.87463937794335,146.0,case2,DOM01,27.536814691458932
40,34,9.434816968676582,7.33104553126973,5,0.7,1211,2024-09-28 15:20:00,2024-09-28 15:20:00,13.686655227656349,51.897174084843385,267.0,case2,DOM01,50.35842138780504
40,35,22.410872708572242,178.8911541273097,28,0.7,1212,2024-09-28 15:20:00,2024-09-28 15:20:00,14.54445577063655,51.96205436354286,610.0,case2,DOM01,115.05107508075308
40,36,27.549547336330033,17.76265289716765,182,0.7,1213,2024-09-28 15:20:00,2024-09-28 15:20:00,13.738813264485838,51.98774773668165,678.0,case2,DOM01,127.87644082745997
40,38,48.00105845387107,61.130380347838184,5,0.7,1214,2024-09-28 15:20:00,2024-09-28 15:20:00,13.955651901739191,52.09000529226936,402.0,case2,DOM01,75.82054456141434
40,40,61.24691236385183,81.92556961947639,241,0.7,1215,2024-09-28 15:20:00,2024-09-28 15:20:00,14.059627848097382,52.15623456181926,1285.0,case2,DOM01,242.36169094879952
40,41,63.558252572296325,114.81404853434411,7,0.7,1216,2024-09-28 15:20:00,2024-09-28 15:20:00,14.22407024267172,52.167791262861485,365.0,case2,DOM01,68.84203672864733
40,42,77.04720908843731,42.776362187527226,58,0.7,1217,2024-09-28 15:20:00,2024-09-28 15:20:00,13.863881810937636,52.235236045442186,608.0,case2,DOM01,114.67385844114405
40,43,86.38257662542846,53.07545178846987,30,0.7,1218,2024-09-28 15:20:00,2024-09-28 15:20:00,13.91537725894235,52.28191288312714,517.0,case2,DOM01,97.51050133893335
40,45,88.63846826868742,109.58535872841632,9,0.7,1219,2024-09-28 15:20:00,2024-09-28 15:20:00,14.19792679364208,52.293192341343435,599.0,case2,DOM01,112.97638356290344
40,46,91.2609065092073,96.84699544976614,42,0.7,1220,2024-09-28 15:20:00,2024-09-28 15:20:00,14.13423497724883,52.30630453254604,316.0,case2,DOM01,59.600229058226184
40,47,104.02692735724055,78.02145637059787,161,0.7,1221,2024-09-28 15:20:00,2024-09-28 15:20:00,14.04010728185299,52.3701346367862,2711.0,case2,DOM01,511.3171549900354
40,49,104.39088908688147,114.06228252626103,159,0.7,1222,2024-09-28 15:20:00,2024-09-28 15:20:00,14.220311412631306,52.371954445434405,985.0,case2,DOM01,185.77919500744554
40,51,112.2711878369856,137.31715991795875,16,0.7,1223,2024-09-28 15:20:00,2024-09-28 15:20:00,14.336585799589795,52.41135593918492,324.0,case2,DOM01,61.109095616662295
40,54,135.99682450508746,9.784782126799817,20,0.7,1224,2024-09-28 15:20:00,2024-09-28 15:20:00,13.698923910633999,52.52998412252544,489.0,case2,DOM01,92.22946838440699
41,8,139.8124133581926,0.38503619214740076,5,0.3,1225,2024-09-28 15:25:00,2024-09-28 15:25:00,13.651925180960736,52.54906206679096,0.0,case2,DOM01,0.0
41,10,2.3228230112534836,0.917542119829056,23,0.5,1226,2024-09-28 15:25:00,2024-09-28 15:25:00,13.654587710599145,51.86161411505627,32.0,case2,DOM01,6.035466233744424
41,12,1.2014892780204465,40.23196732547758,78,0.5,1227,2024-09-28 15:25:00,2024-09-28 15:25:00,13.851159836627387,51.8560074463901,102.0,case2,DOM01,19.23804862006035
41,14,2.299564774877723,143.1781702844321,6,0.5,1228,2024-09-28 15:25:00,2024-09-28 15:25:00,14.36589085142216,51.86149782387439,69.0,case2,DOM01,13.013974066511413
41,15,20.651011358587773,175.24622974678263,62,0.5,1229,2024-09-28 15:25:00,2024-09-28 15:25:00,14.526231148733913,51.95325505679294,201.0,case2,DOM01,37.91027228070717
41,16,30.71930258932903,179.24735580550086,30,0.5,1230,2024-09-28 15:25:00,2024-09-28 15:25:00,14.546236779027504,52.00359651294665,122.0,case2,DOM01,23.010215016150617
41,17,34.55178915282735,86.76469970813324,46,0.5,1231,2024-09-28 15:25:00,2024-09-28 15:25:00,14.083823498540667,52.02275894576414,115.0,case2,DOM01,21.689956777519026
41,19,46.114309412814116,67.19553693179509,264,0.5,1232,2024-09-28 15:25:00,2024-09-28 15:25:00,13.985977684658975,52.08057154706407,494.0,case2,DOM01,93.17250998342953
41,20,46.02988430818372,23.36537391779851,44,0.5,1233,2024-09-28 15:25:00,2024-09-28 15:25:00,13.766826869588993,52.080149421540916,222.0,case2,DOM01,41.87104699660194
41,21,47.56243530136943,177.61177745467685,27,0.5,1234,2024-09-28 15:25:00,2024-09-28 15:25:00,14.538058887273385,52.08781217650685,92.0,case2,DOM01,17.35196542201522
41,23,57.1295330347068,9.167456077338759,297,0.5,1235,2024-09-28 15:25:00,2024-09-28 15:25:00,13.695837280386694,52.13564766517353,556.0,case2,DOM01,104.86622581130936
41,24,51.013514460609606,40.878354469977076,5,0.5,1236,2024-09-28 15:25:00,2024-09-28 15:25:00,13.854391772349885,52.10506757230304,131.0,case2,DOM01,24.707689894391233
41,25,72.72184688638164,6.77640333143765,30,0.5,1237,2024-09-28 15:25:00,2024-09-28 15:25:00,13.683882016657188,52.213609234431914,158.0,case2,DOM01,29.800114529113092
41,26,78.37104955130374,165.5105979431092,143,0.5,1238,2024-09-28 15:25:00,2024-09-28 15:25:00,14.477552989715546,52.24185524775652,207.0,case2,DOM01,39.04192219953425
41,27,92.89692431133804,15.152586880419133,161,0.5,1239,2024-09-28 15:25:00,2024-09-28 15:25:00,13.725762934402095,52.31448462155669,447.0,case2,DOM01,84.30791895261743
41,29,2.8832351254975284,173.2199408190919,134,0.7,1240,2024-09-28 15:25:00,2024-09-28 15:25:00,14.51609970409546,51.86441617562749,350.0,case2,DOM01,66.01291193157964
41,30,24.497775191194137,28.145280854617955,196,0.7,1241,2024-09-28 15:25:00,2024-09-28 15:25:00,13.79072640427309,51.97248887595597,1334.0,case2,DOM01,251.6034986192207
41,31,59.80436527521717,90.63460397091372,213,0.7,1242,2024-09-28 15:25:00,2024-09-28 15:25:00,14.10317301985457,52.149021826376085,1076.0,case2,DOM01,202.94255210965625
41,32,62.80391556956866,122.9405073943533,16,0.7,1243,2024-09-28 15:25:00,2024-09-28 15:25:00,14.264702536971766,52.16401957784784,503.0,case2,DOM01,94.86998486167016
41,34,76.31494806996963,52.67825042030266,24,0.7,1244,2024-09-28 15:25:00,2024-09-28 15:25:00,13.913391252101514,52.23157474034985,884.0,case2,DOM01,166.7297547071897
41,37,88.80375457065962,105.84687944762305,91,0.7,1245,2024-09-28 15:25:00,2024-09-28 15:25:00,14.179234397238115,52.2940187728533,1010.0,case2,DOM01,190.49440300255839
41,38,87.28592167609735,65.8196342080532,10,0.7,1246,2024-09-28 15:25:00,2024-09-28 15:25:00,13.979098171040267,52.28642960838049,333.0,case2,DOM01,62.80657049490291
41,39,99.17342117998088,89.03679150105705,129,0.7,1247,2024-09-28 15:25:00,2024-09-28 15:25:00,14.095183957505286,52.345867105899906,470.0,case2,DOM01,88.64591030812122
41,40,103.96100891797981,122.21749591765158,114,0.7,1248,2024-09-28 15:25:00,2024-09-28 15:25:00,14.261087479588257,52.369805044589896,997.0,case2,DOM01,188.04249484509972
41,41,110.43032151434377,82.0128229658758,8,0.7,1249,2024-09-28 15:25:00,2024-09-28 15:25:00,14.06006411482938,52.40215160757172,2922.0,case2,DOM01,551.1135104687877
41,43,109.6238274227815,140.93611552689833,5,0.7,1250,2024-09-28 15:25:00,2024-09-28 15:25:00,14.354680577634491,52.39811913711391,108.0,case2,DOM01,20.36969853888743
41,44,110.72647588041745,148.0048311098524,21,0.7,1251,2024-09-28 15:25:00,2024-09-28 15:25:00,14.390024155549263,52.40363237940209,263.0,case2,DOM01,49.60398810858698
42,7,5.4124013205806865,4.5883758444185485,160,0.5,1252,2024-09-28 15:30:00,2024-09-28 15:30:00,13.672941879222092,51.877062006602905,200.0,case2,DOM01,37.721663960902646
42,9,0.43089978272006446,46.79641202315944,36,0.5,1253,2024-09-28 15:30:00,2024-09-28 15:30:00,13.883982060115796,51.8521544989136,52.0,case2,DOM01,9.80763262983469
42,11,20.562663595879933,179.74865260347295,7,0.5,1254,2024-09-28 15:30:00,2024-09-28 15:30:00,14.548743263017366,51.9528133179794,37.0,case2,DOM01,6.97850783276699
42,13,32.038553682268585,93.7635024104555,21,0.5,1255,2024-09-28 15:30:00,2024-09-28 15:30:00,14.118817512052276,52.01019276841134,96.0,case2,DOM01,18.10639870123327
42,14,44.34277212865416,76.16518226843262,279,0.5,1256,2024-09-28 15:30:00,2024-09-28 15:30:00,14.030825911342163,52.07171386064327,607.0,case2,DOM01,114.48525012133955
42,16,42.195080619829355,37.83695087835766,34,0.5,1257,2024-09-28 15:30:00,2024-09-28 15:30:00,13.839184754391788,52.06097540309915,178.0,case2,DOM01,33.57228092520336
42,17,63.01597657693832,6.473027216133794,633,0.5,1258,2024-09-28 15:30:00,2024-09-28 15:30:00,13.68236513608067,52.16507988288469,1187.0,case2,DOM01,223.87807560795721
42,19,72.73084477690894,17.584853818894477,16,0.5,1259,2024-09-28 15:30:00,2024-09-28 15:30:00,13.737924269094473,52.21365422388455,98.0,case2,DOM01,18.4836153408423
42,20,75.68949582607063,172.84059987028047,105,0.5,1260,2024-09-28 15:30:00,2024-09-28 15:30:00,14.514202999351403,52.22844747913035,136.0,case2,DOM01,25.6507314934138
42,21,90.17074594329051,26.443529081702653,76,0.5,1261,2024-09-28 15:30:00,2024-09-28 15:30:00,13.782217645408513,52.30085372971645,163.0,case2,DOM01,30.74315612813566
42,22,88.6705345747401,41.87936010530513,5,0.5,1262,2024-09-28 15:30:00,2024-09-28 15:30:00,13.859396800526525,52.2933526728737,88.0,case2,DOM01,16.597532142797164
42,23,100.87256126043654,64.77868285834866,11,0.5,1263,2024-09-28 15:30:00,2024-09-28 15:30:00,13.973893414291743,52.35436280630218,269.0,case2,DOM01,50.73563802741406
42,24,110.8873851169715,4.066600768922347,219,0.5,1264,2024-09-28 15:30:00,2024-09-28 15:30:00,13.670333003844611,52.40443692558486,338.0,case2,DOM01,63.74961209392548
42,25,114.84386595251226,20.42801180016771,29,0.5,1265,2024-09-28 15:30:00,2024-09-28 15:30:00,13.752140059000839,52.42421932976256,100.0,case2,DOM01,18.860831980451323
42,27,135.40742263289158,1.6009792670326695,44,0.5,1266,2024-09-28 15:30:00,2024-09-28 15:30:00,13.658004896335163,52.52703711316446,71.0,case2,DOM01,13.39119070612044
42,30,1.30824303658189,178.7080037805057,20,0.7,1267,2024-09-28 15:30:00,2024-09-28 15:30:00,14.54354001890253,51.85654121518291,214.0,case2,DOM01,40.36218043816584
42,32,20.09184458932093,38.62871397371812,127,0.7,1268,2024-09-28 15:30:00,2024-09-28 15:30:00,13.843143569868591,51.950459222946606,342.0,case2,DOM01,64.50404537314353
42,33,28.67441636241089,36.3935068043029,48,0.7,1269,2024-09-28 15:30:00,2024-09-28 15:30:00,13.831967534021516,51.993372081812055,910.0,case2,DOM01,171.63357102210708
42,34,50.94220025661305,106.82440090238059,9,0.7,1270,2024-09-28 15:30:00,2024-09-28 15:30:00,14.184122004511904,52.104711001283064,287.0,case2,DOM01,54.1305877838953
42,35,59.95345152197943,96.89239385348745,166,0.7,1271,2024-09-28 15:30:00,2024-09-28 15:30:00,14.134461969267438,52.149767257609895,606.0,case2,DOM01,114.29664180153503
42,36,62.342231727080865,131.89650301124072,15,0.7,1272,2024-09-28 15:30:00,2024-09-28 15:30:00,14.309482515056205,52.1617111586354,512.0,case2,DOM01,96.56745973991079
42,37,73.41009374167466,61.89550337621507,13,0.7,1273,2024-09-28 15:30:00,2024-09-28 15:30:00,13.959477516881076,52.21705046870837,738.0,case2,DOM01,139.19294001573076
42,38,72.75517310403839,96.8574944293033,17,0.7,1274,2024-09-28 15:30:00,2024-09-28 15:30:00,14.134287472146516,52.2137758655202,398.0,case2,DOM01,75.06611128219627
42,39,81.77030937783142,126.8417953208555,11,0.7,1275,2024-09-28 15:30:00,2024-09-28 15:30:00,14.284208976604278,52.258851546889154,578.0,case2,DOM01,109.01560884700866
42,40,92.1674954334359,105.7646961478048,192,0.7,1276,2024-09-28 15:30:00,2024-09-28 15:30:00,14.178823480739023,52.31083747716718,1263.0,case2,DOM01,238.21230791310023
42,42,88.43877332833948,71.99843406293935,8,0.7,1277,2024-09-28 15:30:00,2024-09-28 15:30:00,14.009992170314696,52.292193866641696,160.0,case2,DOM01,30.17733116872212
42,43,88.40725127329308,77.53429537699263,7,0.7,1278,2024-09-28 15:30:00,2024-09-28 15:30:00,14.037671476884963,52.292036256366465,179.0,case2,DOM01,33.760889245007874
42,44,99.8675640562032,134.0872778583438,14,0.7,1279,2024-09-28 15:30:00,2024-09-28 15:30:00,14.32043638929172,52.349337820281015,236.0,case2,DOM01,44.51156347386513
42,45,106.19307461079059,129.38924109744724,59,0.7,1280,2024-09-28 15:30:00,2024-09-28 15:30:00,14.296946205487236,52.380965373053954,3229.0,case2,DOM01,609.0162646487734
42,46,107.16474170623484,153.00530762200935,60,0.7,1281,2024-09-28 15:30:00,2024-09-28 15:30:00,14.415026538110048,52.38582370853117,406.0,case2,DOM01,76.57497784063239
43,5,31.295749303213448,173.79396779458025,312,0.3,1282,2024-09-28 15:35:00,2024-09-28 15:35:00,14.5189698389729,52.006478746516066,0.0,case2,DOM01,0.0
43,9,0.0,56.02132948283362,9,0.5,1283,2024-09-28 15:35:00,2024-09-28 15:35:00,13.930106647414167,51.85,13.0,case2,DOM01,2.4519081574586723
43,10,1.6105404323572436,176.66393529413077,44,0.5,1284,2024-09-28 15:35:00,2024-09-28 15:35:00,14.533319676470654,51.858052702161785,70.0,case2,DOM01,13.202582386315926
43,11,31.516699854211854,84.08719020019201,6,0.5,1285,2024-09-28 15:35:00,2024-09-28 15:35:00,14.07043595100096,52.00758349927106,147.0,case2,DOM01,27.725423011263448
43,12,34.22883162555782,27.67550651704203,33,0.5,1286,2024-09-28 15:35:00,2024-09-28 15:35:00,13.78837753258521,52.02114415812779,531.0,case2,DOM01,100.15101781619653
43,16,40.33953604606079,50.65519799729516,33,0.5,1287,2024-09-28 15:35:00,2024-09-28 15:35:00,13.903275989986476,52.051697680230305,161.0,case2,DOM01,30.36593948852663
43,17,48.55347870830929,72.37631339782729,8,0.5,1288,2024-09-28 15:35:00,2024-09-28 15:35:00,14.011881566989137,52.09276739354155,51.0,case2,DOM01,9.619024310030175
43,20,73.17555962190576,178.2057441892486,45,0.5,1289,2024-09-28 15:35:00,2024-09-28 15:35:00,14.541028720946244,52.21587779810953,59.0,case2,DOM01,11.127890868466283
43,21,86.00902942365485,33.42042550082558,28,0.5,1290,2024-09-28 15:35:00,2024-09-28 15:35:00,13.817102127504128,52.28004514711827,269.0,case2,DOM01,50.73563802741406
43,26,92.48836918651347,24.811980635532173,39,0.5,1291,2024-09-28 15:35:00,2024-09-28 15:35:00,13.774059903177662,52.31244184593257,116.0,case2,DOM01,21.878565097323538
43,28,116.44640007218595,6.887099488678511,804,0.5,1292,2024-09-28 15:35:00,2024-09-28 15:35:00,13.684435497443394,52.43223200036093,1057.0,case2,DOM01,199.3589940333705
43,29,97.71756574342011,73.90079174664699,33,0.5,1293,2024-09-28 15:35:00,2024-09-28 15:35:00,14.019503958733235,52.3385878287171,377.0,case2,DOM01,71.10533656630149
43,30,116.33266212902713,91.22923620860381,7,0.5,1294,2024-09-28 15:35:00,2024-09-28 15:35:00,14.10614618104302,52.431663310645135,113.0,case2,DOM01,21.312740137909998
43,31,129.1049549836071,51.762565671645284,820,0.5,1295,2024-09-28 15:35:00,2024-09-28 15:35:00,13.908812828358226,52.49552477491803,1.0,case2,DOM01,0.18860831980451326
43,33,1.7647183173026106,10.401912359864308,24,0.7,1296,2024-09-28 15:35:00,2024-09-28 15:35:00,13.70200956179932,51.858823591586514,380.0,case2,DOM01,71.67116152571504
43,34,17.634460297213288,47.465335852669824,135,0.7,1297,2024-09-28 15:35:00,2024-09-28 15:35:00,13.88732667926335,51.93817230148606,384.0,case2,DOM01,72.42559480493308
43,35,26.900974423863204,44.86972115942336,13,0.7,1298,2024-09-28 15:35:00,2024-09-28 15:35:00,13.874348605797117,51.98450487211932,299.0,case2,DOM01,56.39388762154946
43,36,56.155217679939454,1.6846784479820847,62,0.7,1299,2024-09-28 15:35:00,2024-09-28 15:35:00,13.65842339223991,52.1307760883997,1245.0,case2,DOM01,234.81735815661898
43,37,49.05575175761817,5.123607299445653,9,0.7,1300,2024-09-28 15:35:00,2024-09-28 15:35:00,13.675618036497228,52.09527875878809,173.0,case2,DOM01,32.62923932618079
43,38,58.319429746499154,105.27050865776064,129,0.7,1301,2024-09-28 15:35:00,2024-09-28 15:35:00,14.176352543288804,52.141597148732494,1347.0,case2,DOM01,254.05540677667935
43,39,63.376682201086524,0.4233907727460819,5,0.7,1302,2024-09-28 15:35:00,2024-09-28 15:35:00,13.65211695386373,52.166883411005436,19.0,case2,DOM01,3.5835580762857515
43,41,84.93567521221475,124.64104694933219,91,0.7,1303,2024-09-28 15:35:00,2024-09-28 15:35:00,14.27320523474666,52.274678376061075,1395.0,case2,DOM01,263.10860612729596
43,43,92.54984978215776,106.82173860728116,82,0.7,1304,2024-09-28 15:35:00,2024-09-28 15:35:00,14.184108693036405,52.31274924891079,2307.0,case2,DOM01,435.11939378901207
43,46,105.42853063732184,160.64086755193006,71,0.7,1305,2024-09-28 15:35:00,2024-09-28 15:35:00,14.45320433775965,52.37714265318661,311.0,case2,DOM01,58.65718745920361
43,47,105.25086026100206,140.1693919978859,23,0.7,1306,2024-09-28 15:35:00,2024-09-28 15:35:00,14.350846959989429,52.37625430130501,1287.0,case2,DOM01,242.73890758840855
43,50,140.0,151.57396593013263,9,0.7,1307,2024-09-28 15:35:00,2024-09-28 15:35:00,14.407869829650663,52.55,2319.0,case2,DOM01,437.3826936266662
44,4,7.528575337000357,166.5615697809797,380,0.3,1308,2024-09-28 15:40:00,2024-09-28 15:40:00,14.482807848904898,51.887642876685,0.0,case2,DOM01,0.0
44,5,29.57828840471386,178.42749131920294,60,0.3,1309,2024-09-28 15:40:00,2024-09-28 15:40:00,14.542137456596015,51.997891442023565,0.0,case2,DOM01,0.0
44,10,33.44858308123545,36.746414259790775,18,0.5,1310,2024-09-28 15:40:00,2024-09-28 15:40:00,13.833732071298954,52.01724291540618,183.0,case2,DOM01,34.51532252422592
44,11,39.63985628597635,93.80024650660825,200,0.5,1311,2024-09-28 15:40:00,2024-09-28 15:40:00,14.11900123253304,52.04819928142988,457.0,case2,DOM01,86.19400215066256
44,12,39.039435756172985,64.54108038403398,44,0.5,1312,2024-09-28 15:40:00,2024-09-28 15:40:00,13.97270540192017,52.04519717878087,221.0,case2,DOM01,41.682438676797425
44,17,89.90452243283211,35.068680960333275,17,0.5,1313,2024-09-28 15:40:00,2024-09-28 15:40:00,13.825343404801666,52.29952261216416,103.0,case2,DOM01,19.426656939864863
44,18,95.36182064752383,79.32002591978217,84,0.5,1314,2024-09-28 15:40:00,2024-09-28 15:40:00,14.046600129598911,52.32680910323762,442.0,case2,DOM01,83.36487735359485
44,19,128.01244283576156,60.345509690968285,724,0.5,1315,2024-09-28 15:40:00,2024-09-28 15:40:00,13.95172754845484,52.490062214178806,1140.0,case2,DOM01,215.0134845771451
44,22,1.6365399346544705,18.945376204399047,10,0.7,1316,2024-09-28 15:40:00,2024-09-28 15:40:00,13.744726881021995,51.85818269967327,420.0,case2,DOM01,79.21549431789556
44,23,15.94006339122416,57.90404701173564,112,0.7,1317,2024-09-28 15:40:00,2024-09-28 15:40:00,13.939520235058678,51.92970031695612,668.0,case2,DOM01,125.99035762941485
44,24,22.869117443662812,54.31080290926434,9,0.7,1318,2024-09-28 15:40:00,2024-09-28 15:40:00,13.921554014546322,51.96434558721832,341.0,case2,DOM01,64.31543705333902
44,25,54.152783242960574,7.175304651445058,315,0.7,1319,2024-09-28 15:40:00,2024-09-28 15:40:00,13.685876523257226,52.1207639162148,1977.0,case2,DOM01,372.87864825352267
44,27,57.527771420718736,114.39614068634214,124,0.7,1320,2024-09-28 15:40:00,2024-09-28 15:40:00,14.221980703431711,52.137638857103596,1439.0,case2,DOM01,271.4073721986946
44,28,80.76261631067798,141.31789626480298,101,0.7,1321,2024-09-28 15:40:00,2024-09-28 15:40:00,14.356589481324015,52.25381308155339,1515.0,case2,DOM01,285.7416045038376
44,29,90.97570295839364,114.56801390170428,77,0.7,1322,2024-09-28 15:40:00,2024-09-28 15:40:00,14.222840069508521,52.304878514791966,2076.0,case2,DOM01,391.5508719141695
44,30,103.48998497632226,171.50118707692735,71,0.7,1323,2024-09-28 15:40:00,2024-09-28 15:40:00,14.507505935384637,52.36744992488161,1654.0,case2,DOM01,311.9581609566649
44,31,134.33859055936705,20.76220004976266,5,0.7,1324,2024-09-28 15:40:00,2024-09-28 15:40:00,13.753811000248813,52.52169295279684,1662.0,case2,DOM01,313.467027515101
44,32,139.35998823524906,156.4880576749371,41,0.7,1325,2024-09-28 15:40:00,2024-09-28 15:40:00,14.432440288374686,52.546799941176246,1061.0,case2,DOM01,200.11342731258856
45,4,10.172440171831372,172.9649712200846,538,0.3,1326,2024-09-28 15:45:00,2024-09-28 15:45:00,14.514824856100423,51.90086220085916,0.0,case2,DOM01,0.0
45,7,105.90388559559587,0.7032687235196265,11,0.3,1327,2024-09-28 15:45:00,2024-09-28 15:45:00,13.653516343617598,52.37951942797798,0.0,case2,DOM01,0.0
45,12,46.08092145102821,95.12903236212844,12,0.5,1328,2024-09-28 15:45:00,2024-09-28 15:45:00,14.125645161810642,52.08040460725514,84.0,case2,DOM01,15.843098863579113
45,13,54.10233561242274,96.58156260760089,72,0.5,1329,2024-09-28 15:45:00,2024-09-28 15:45:00,14.132907813038004,52.12051167806211,235.0,case2,DOM01,44.32295515406061
45,16,93.71899954920892,86.97276097517188,113,0.5,1330,2024-09-28 15:45:00,2024-09-28 15:45:00,14.08486380487586,52.31859499774605,450.0,case2,DOM01,84.87374391203096
45,18,127.14800644783291,67.92128470648375,620,0.5,1331,2024-09-28 15:45:00,2024-09-28 15:45:00,13.989606423532418,52.485740032239164,1112.0,case2,DOM01,209.73245162261873
45,20,0.5335492166645951,25.971904093941063,12,0.7,1332,2024-09-28 15:45:00,2024-09-28 15:45:00,13.779859520469705,51.85266774608332,423.0,case2,DOM01,79.78131927730911
45,22,16.00485924158945,64.50972676530219,132,0.7,1333,2024-09-28 15:45:00,2024-09-28 15:45:00,13.972548633826511,51.93002429620795,1426.0,case2,DOM01,268.95546404123587
45,23,39.936260996985126,5.984619660111051,5,0.7,1334,2024-09-28 15:45:00,2024-09-28 15:45:00,13.679923098300556,52.04968130498492,392.0,case2,DOM01,73.9344613633692
45,24,52.31468525116327,16.092047545168658,387,0.7,1335,2024-09-28 15:45:00,2024-09-28 15:45:00,13.730460237725843,52.111573426255816,4033.0,case2,DOM01,760.657353771602
45,26,53.50175954999464,123.67022731751159,84,0.7,1336,2024-09-28 15:45:00,2024-09-28 15:45:00,14.268351136587558,52.11750879774997,2723.0,case2,DOM01,513.5804548276896
45,28,79.23879571726711,147.9994029160532,91,0.7,1337,2024-09-28 15:45:00,2024-09-28 15:45:00,14.389997014580267,52.246193978586334,1431.0,case2,DOM01,269.8985056402584
45,29,89.96978004737221,123.31236428903142,19,0.7,1338,2024-09-28 15:45:00,2024-09-28 15:45:00,14.266561821445157,52.29984890023686,968.0,case2,DOM01,182.57285357076884
45,30,101.41794006077639,177.28162919876272,51,0.7,1339,2024-09-28 15:45:00,2024-09-28 15:45:00,14.536408145993814,52.35708970030388,1324.0,case2,DOM01,249.71741542117553
45,31,138.55004501207634,164.56491792393572,44,0.7,1340,2024-09-28 15:45:00,2024-09-28 15:45:00,14.472824589619679,52.54275022506038,1123.0,case2,DOM01,211.80714314046838
46,7,10.331383382082114,89.14565231107318,6,0.5,1341,2024-09-28 15:50:00,2024-09-28 15:50:00,14.095728261555367,51.90165691691041,115.0,case2,DOM01,21.689956777519026
46,10,40.950280128280475,174.0335263040941,54,0.5,1342,2024-09-28 15:50:00,2024-09-28 15:50:00,14.52016763152047,52.0547514006414,119.0,case2,DOM01,22.444390056737078
46,12,52.68621244220847,108.2738216726194,60,0.5,1343,2024-09-28 15:50:00,2024-09-28 15:50:00,14.191369108363096,52.11343106221104,294.0,case2,DOM01,55.450846022526896
46,13,90.87846655067845,97.0018829796695,122,0.5,1344,2024-09-28 15:50:00,2024-09-28 15:50:00,14.135009414898347,52.304392332753395,384.0,case2,DOM01,72.42559480493308
46,14,94.77281751558552,1.234992707422795,18,0.5,1345,2024-09-28 15:50:00,2024-09-28 15:50:00,13.656174963537113,52.32386408757793,69.0,case2,DOM01,13.013974066511413
46,17,101.89748690032297,3.1869291404995272,9,0.5,1346,2024-09-28 15:50:00,2024-09-28 15:50:00,13.665934645702498,52.35948743450162,74.0,case2,DOM01,13.95701566553398
46,18,127.05585203642528,75.92586414331429,548,0.5,1347,2024-09-28 15:50:00,2024-09-28 15:50:00,14.029629320716571,52.485279260182125,1072.0,case2,DOM01,202.18811883043819
46,19,131.80406049905707,1.938036818062763,29,0.5,1348,2024-09-28 15:50:00,2024-09-28 15:50:00,13.659690184090314,52.50902030249529,282.0,case2,DOM01,53.18754618487273
46,20,139.63275656786456,134.4940663440024,11,0.5,1349,2024-09-28 15:50:00,2024-09-28 15:50:00,14.322470331720012,52.548163782839325,85.0,case2,DOM01,16.031707183383624
46,22,0.7744196886789637,37.11790842229259,8,0.7,1350,2024-09-28 15:50:00,2024-09-28 15:50:00,13.835589542111464,51.85387209844339,413.0,case2,DOM01,77.89523607926397
46,24,7.38414530578614,74.05108542063438,5,0.7,1351,2024-09-28 15:50:00,2024-09-28 15:50:00,14.020255427103171,51.88692072652893,119.0,case2,DOM01,22.444390056737078
46,25,14.483257130194517,73.25405744936307,123,0.7,1352,2024-09-28 15:50:00,2024-09-28 15:50:00,14.016270287246815,51.922416285650975,1213.0,case2,DOM01,228.78189192287456
46,27,43.022042984871426,18.191359225868215,41,0.7,1353,2024-09-28 15:50:00,2024-09-28 15:50:00,13.74095679612934,52.06511021492435,910.0,case2,DOM01,171.63357102210708
46,28,53.920520411849786,27.920610002424375,268,0.7,1354,2024-09-28 15:50:00,2024-09-28 15:50:00,13.789603050012122,52.119602602059246,3907.0,case2,DOM01,736.8927054762332
46,29,53.17971556985053,133.29903673350103,77,0.7,1355,2024-09-28 15:50:00,2024-09-28 15:50:00,14.316495183667504,52.11589857784925,1922.0,case2,DOM01,362.50519066427444
46,30,76.83906346758215,158.07511105596896,91,0.7,1356,2024-09-28 15:50:00,2024-09-28 15:50:00,14.440375555279845,52.23419531733791,3136.0,case2,DOM01,591.4756909069536
46,31,99.885238755447,179.26517646799624,9,0.7,1357,2024-09-28 15:50:00,2024-09-28 15:50:00,14.546325882339982,52.349426193777234,1665.0,case2,DOM01,314.0328524745145
47,5,5.66797131450128,45.61260059816091,266,0.5,1358,2024-09-28 15:55:00,2024-09-28 15:55:00,13.878063002990805,51.87833985657251,380.0,case2,DOM01,71.67116152571504
47,10,34.79393952195152,104.56894413038803,5,0.5,1359,2024-09-28 15:55:00,2024-09-28 15:55:00,14.172844720651941,52.02396969760976,131.0,case2,DOM01,24.707689894391233
47,12,94.66763888058082,10.691079660237135,81,0.5,1360,2024-09-28 15:55:00,2024-09-28 15:55:00,13.703455398301186,52.32333819440291,385.0,case2,DOM01,72.6142031247376
47,14,107.4284032777613,177.24673185334035,69,0.5,1361,2024-09-28 15:55:00,2024-09-28 15:55:00,14.536233659266703,52.38714201638881,188.0,case2,DOM01,35.45836412324849
47,15,125.91011610025052,79.11454032345044,290,0.5,1362,2024-09-28 15:55:00,2024-09-28 15:55:00,14.045572701617251,52.47955058050125,577.0,case2,DOM01,108.82700052720413
47,16,130.55340004536788,101.14539378743743,133,0.5,1363,2024-09-28 15:55:00,2024-09-28 15:55:00,14.155726968937186,52.50276700022684,484.0,case2,DOM01,91.28642678538442
47,17,135.0570662102402,170.90907076942858,337,0.5,1364,2024-09-28 15:55:00,2024-09-28 15:55:00,14.504545353847144,52.5252853310512,886.0,case2,DOM01,167.10697134679876
47,18,129.33186115669918,10.02189723927047,8,0.5,1365,2024-09-28 15:55:00,2024-09-28 15:55:00,13.700109486196352,52.496659305783496,161.0,case2,DOM01,30.36593948852663
47,19,132.95321010869264,7.0349253272595735,7,0.5,1366,2024-09-28 15:55:00,2024-09-28 15:55:00,13.685174626636298,52.514766050543464,71.0,case2,DOM01,13.39119070612044
47,22,137.40900165728357,7.520163033301424,8,0.5,1367,2024-09-28 15:55:00,2024-09-28 15:55:00,13.687600815166507,52.53704500828641,187.0,case2,DOM01,35.26975580344398
47,24,12.725408310507042,81.91492647056319,96,0.7,1368,2024-09-28 15:55:00,2024-09-28 15:55:00,14.059574632352817,51.91362704155253,1395.0,case2,DOM01,263.10860612729596
47,25,41.00015543486218,24.9167500427048,15,0.7,1369,2024-09-28 15:55:00,2024-09-28 15:55:00,13.774583750213525,52.055000777174314,1240.0,case2,DOM01,233.87431655759642
47,26,52.70535065997318,36.800150356358586,183,0.7,1370,2024-09-28 15:55:00,2024-09-28 15:55:00,13.834000751781794,52.113526753299865,4357.0,case2,DOM01,821.7664493882642
47,27,47.981434151231575,139.83997550561054,6,0.7,1371,2024-09-28 15:55:00,2024-09-28 15:55:00,14.349199877528052,52.08990717075616,88.0,case2,DOM01,16.597532142797164
47,28,47.58328685329884,144.4621426476497,6,0.7,1372,2024-09-28 15:55:00,2024-09-28 15:55:00,14.372310713238248,52.087916434266496,1648.0,case2,DOM01,310.8265110378378
47,29,51.7982134647801,142.89022620081388,13,0.7,1373,2024-09-28 15:55:00,2024-09-28 15:55:00,14.364451131004069,52.1089910673239,495.0,case2,DOM01,93.36111830323405
47,30,75.7201316208245,165.86629580832914,103,0.7,1374,2024-09-28 15:55:00,2024-09-28 15:55:00,14.479331479041646,52.22860065810412,2891.0,case2,DOM01,545.2666525548478
48,7,1.0213403044648572,112.80976321102274,35,0.5,1375,2024-09-28 16:00:00,2024-09-28 16:00:00,14.214048816055113,51.855106701522324,141.0,case2,DOM01,26.593773092436365
48,8,23.824589521830173,1.911780367693641,205,0.5,1376,2024-09-28 16:00:00,2024-09-28 16:00:00,13.659558901838468,51.96912294760915,364.0,case2,DOM01,68.65342840884281
48,9,81.93319962195467,113.8556236734907,39,0.5,1377,2024-09-28 16:00:00,2024-09-28 16:00:00,14.219278118367454,52.259665998109774,333.0,case2,DOM01,62.80657049490291
48,10,92.73079470866972,8.920657941539703,49,0.5,1378,2024-09-28 16:00:00,2024-09-28 16:00:00,13.694603289707699,52.313653973543346,338.0,case2,DOM01,63.74961209392548
48,12,95.50290387017593,27.86991557757981,35,0.5,1379,2024-09-28 16:00:00,2024-09-28 16:00:00,13.7893495778879,52.32751451935088,122.0,case2,DOM01,23.010215016150617
48,15,100.50543865695893,34.55589475058818,8,0.5,1380,2024-09-28 16:00:00,2024-09-28 16:00:00,13.822779473752941,52.35252719328479,127.0,case2,DOM01,23.953256615173185
48,16,106.03996391523923,162.48729753101836,114,0.5,1381,2024-09-28 16:00:00,2024-09-28 16:00:00,14.462436487655092,52.3801998195762,496.0,case2,DOM01,93.54972662303858
48,18,125.84765283789064,90.14911935252167,206,0.5,1382,2024-09-28 16:00:00,2024-09-28 16:00:00,14.100745596762609,52.47923826418945,484.0,case2,DOM01,91.28642678538442
48,19,129.51356912765075,110.06732496435595,132,0.5,1383,2024-09-28 16:00:00,2024-09-28 16:00:00,14.200336624821778,52.49756784563825,420.0,case2,DOM01,79.21549431789556
48,20,128.37929186269977,178.66067711211923,28,0.5,1384,2024-09-28 16:00:00,2024-09-28 16:00:00,14.543303385560597,52.4918964593135,106.0,case2,DOM01,19.992481899278403
48,22,132.0656421084367,162.24787866585356,20,0.5,1385,2024-09-28 16:00:00,2024-09-28 16:00:00,14.461239393329269,52.510328210542184,409.0,case2,DOM01,77.14080280004592
48,24,137.4014999733322,169.30008401845024,118,0.5,1386,2024-09-28 16:00:00,2024-09-28 16:00:00,14.49650042009225,52.53700749986666,310.0,case2,DOM01,58.468579139399104
48,26,10.706499841794013,91.38544695503222,77,0.7,1387,2024-09-28 16:00:00,2024-09-28 16:00:00,14.106927234775162,51.90353249920897,1321.0,case2,DOM01,249.151590461762
48,29,50.15305365001532,43.17178119675992,50,0.7,1388,2024-09-28 16:00:00,2024-09-28 16:00:00,13.8658589059838,52.10076526825008,6701.0,case2,DOM01,1263.864351010043
48,31,75.04948802763397,171.3733618412248,30,0.7,1389,2024-09-28 16:00:00,2024-09-28 16:00:00,14.506866809206125,52.22524744013817,4001.0,case2,DOM01,754.6218875378576
48,32,72.61637062694187,178.63705955897285,20,0.7,1390,2024-09-28 16:00:00,2024-09-28 16:00:00,14.543185297794864,52.21308185313471,104.0,case2,DOM01,19.61526525966938
49,6,5.819686761838182,69.58447632225419,121,0.5,1391,2024-09-28 16:05:00,2024-09-28 16:05:00,13.997922381611271,51.87909843380919,295.0,case2,DOM01,55.63945434233141
49,7,12.52058454800839,104.28465506993408,676,0.5,1392,2024-09-28 16:05:00,2024-09-28 16:05:00,14.171423275349671,51.91260292274004,3599.0,case2,DOM01,678.8013429764432
49,8,0.43005288886134896,121.98596998969325,25,0.5,1393,2024-09-28 16:05:00,2024-09-28 16:05:00,14.259929849948467,51.852150264444305,251.0,case2,DOM01,47.34068827093282
49,9,61.894379448418526,51.388130005618926,3595,0.5,1394,2024-09-28 16:05:00,2024-09-28 16:05:00,13.906940650028094,52.15947189724209,6661.0,case2,DOM01,1256.3200182178625
49,10,39.061300847046695,151.21350910216066,1290,0.5,1395,2024-09-28 16:05:00,2024-09-28 16:05:00,14.406067545510803,52.045306504235235,1.0,case2,DOM01,0.18860831980451326
49,12,64.53625949905232,153.506333570141,67,0.5,1396,2024-09-28 16:05:00,2024-09-28 16:05:00,14.417531667850705,52.17268129749526,174.0,case2,DOM01,32.8178476459853
49,13,62.85735936950524,167.24701673532977,19,0.5,1397,2024-09-28 16:05:00,2024-09-28 16:05:00,14.486235083676648,52.16428679684753,77.0,case2,DOM01,14.52284062494752
49,14,81.99676661122842,164.90695921086058,757,0.5,1398,2024-09-28 16:05:00,2024-09-28 16:05:00,14.474534796054302,52.25998383305614,1192.0,case2,DOM01,224.82111720697978
49,16,78.26616706978378,123.78377422889602,13,0.5,1399,2024-09-28 16:05:00,2024-09-28 16:05:00,14.26891887114448,52.24133083534892,168.0,case2,DOM01,31.686197727158227
49,18,91.63497544475051,1.6846102125834836,26,0.5,1400,2024-09-28 16:05:00,2024-09-28 16:05:00,13.658423051062917,52.308174877223756,118.0,case2,DOM01,22.255781736932565
49,19,94.51767653675529,21.829381237417188,70,0.5,1401,2024-09-28 16:05:00,2024-09-28 16:05:00,13.759146906187086,52.322588382683776,436.0,case2,DOM01,82.23322743476777
49,20,96.58466363740999,36.72704662486426,10,0.5,1402,2024-09-28 16:05:00,2024-09-28 16:05:00,13.833635233124323,52.33292331818705,127.0,case2,DOM01,23.953256615173185
49,23,105.30137986747339,173.82916426452417,57,0.5,1403,2024-09-28 16:05:00,2024-09-28 16:05:00,14.51914582132262,52.376506899337365,275.0,case2,DOM01,51.86728794624114
49,24,119.09894204672257,101.6354934838809,28,0.5,1404,2024-09-28 16:05:00,2024-09-28 16:05:00,14.158177467419405,52.44549471023361,140.0,case2,DOM01,26.405164772631853
49,26,130.36517815014253,111.59449722726023,212,0.5,1405,2024-09-28 16:05:00,2024-09-28 16:05:00,14.207972486136303,52.501825890750716,661.0,case2,DOM01,124.67009939078325
49,27,128.1006913364999,173.5314368169587,10,0.5,1406,2024-09-28 16:05:00,2024-09-28 16:05:00,14.517657184084793,52.490503456682504,343.0,case2,DOM01,64.69265369294804
49,29,132.03966742577566,2.6647207653997946,40,0.5,1407,2024-09-28 16:05:00,2024-09-28 16:05:00,13.663323603827,52.51019833712888,320.0,case2,DOM01,60.35466233744424
49,32,137.0055185365333,162.59496304095214,21,0.5,1408,2024-09-28 16:05:00,2024-09-28 16:05:00,14.462974815204761,52.53502759268266,395.0,case2,DOM01,74.50028632278273
49,33,135.55207395491274,175.4142991625779,11,0.5,1409,2024-09-28 16:05:00,2024-09-28 16:05:00,14.527071495812889,52.52776036977456,127.0,case2,DOM01,23.953256615173185
49,36,13.661400664746955,1.7758607327947422,21,0.7,1410,2024-09-28 16:05:00,2024-09-28 16:05:00,13.658879303663973,51.91830700332373,838.0,case2,DOM01,158.05377199618212
50,6,0.007288999594045576,77.91355588106494,15,0.5,1411,2024-09-28 16:10:00,2024-09-28 16:10:00,14.039567779405326,51.85003644499797,147.0,case2,DOM01,27.725423011263448
50,7,21.286584366500826,137.90869257009248,1713,0.5,1412,2024-09-28 16:10:00,2024-09-28 16:10:00,14.339543462850463,51.9564329218325,3088.0,case2,DOM01,582.4224915563369
50,8,46.20600261604141,55.580845103981154,2529,0.5,1413,2024-09-28 16:10:00,2024-09-28 16:10:00,13.927904225519907,52.08103001308021,5174.0,case2,DOM01,975.8594466685515
50,11,10.306413234748904,84.9803492060318,35,0.5,1414,2024-09-28 16:10:00,2024-09-28 16:10:00,14.074901746030159,51.90153206617374,164.0,case2,DOM01,30.93176444794017
50,13,39.5311591817221,99.7833128778272,13,0.5,1415,2024-09-28 16:10:00,2024-09-28 16:10:00,14.148916564389136,52.04765579590861,219.0,case2,DOM01,41.3052220371884
50,14,53.88983708069751,150.40475926795668,213,0.5,1416,2024-09-28 16:10:00,2024-09-28 16:10:00,14.402023796339783,52.11944918540348,514.0,case2,DOM01,96.9446763795198
50,15,61.59895886632951,163.30883097382812,30,0.5,1417,2024-09-28 16:10:00,2024-09-28 16:10:00,14.46654415486914,52.15799479433164,123.0,case2,DOM01,23.19882333595513
50,16,63.44550189976901,179.5780696569124,12,0.5,1418,2024-09-28 16:10:00,2024-09-28 16:10:00,14.547890348284563,52.167227509498844,41.0,case2,DOM01,7.732941111985043
50,17,64.4535559036715,81.083531876955,8,0.5,1419,2024-09-28 16:10:00,2024-09-28 16:10:00,14.055417659384775,52.17226777951836,56.0,case2,DOM01,10.562065909052741
50,18,64.21819271746736,173.84375375120405,8,0.5,1420,2024-09-28 16:10:00,2024-09-28 16:10:00,14.51921876875602,52.17109096358734,87.0,case2,DOM01,16.40892382299265
50,19,82.26649322418767,169.87754755681738,465,0.5,1421,2024-09-28 16:10:00,2024-09-28 16:10:00,14.499387737784087,52.26133246612094,968.0,case2,DOM01,182.57285357076884
50,20,73.44208567716204,130.44085700714828,9,0.5,1422,2024-09-28 16:10:00,2024-09-28 16:10:00,14.302204285035742,52.21721042838581,158.0,case2,DOM01,29.800114529113092
50,21,92.84236962080827,16.78880480415645,259,0.5,1423,2024-09-28 16:10:00,2024-09-28 16:10:00,13.733944024020781,52.31421184810404,880.0,case2,DOM01,165.97532142797166
50,22,91.0025957953055,71.44073829822159,8,0.5,1424,2024-09-28 16:10:00,2024-09-28 16:10:00,14.007203691491108,52.30501297897653,27.0,case2,DOM01,5.092424634721858
50,23,117.43038498451264,82.74382850339194,587,0.5,1425,2024-09-28 16:10:00,2024-09-28 16:10:00,14.063719142516959,52.43715192492257,1301.0,case2,DOM01,245.37942406567174
50,26,129.56992801044296,120.78711527264025,165,0.5,1426,2024-09-28 16:10:00,2024-09-28 16:10:00,14.253935576363203,52.497849640052216,779.0,case2,DOM01,146.92588112771583
50,27,132.72936396338017,11.65626442241822,70,0.5,1427,2024-09-28 16:10:00,2024-09-28 16:10:00,13.708281322112091,52.5136468198169,296.0,case2,DOM01,55.82806266213592
50,28,129.54811157680706,161.31781093052697,7,0.5,1428,2024-09-28 16:10:00,2024-09-28 16:10:00,14.456589054652635,52.497740557884036,250.0,case2,DOM01,47.152079951128314
50,30,133.67060531913972,173.20597992360814,13,0.5,1429,2024-09-28 16:10:00,2024-09-28 16:10:00,14.516029899618042,52.5183530265957,180.0,case2,DOM01,33.94949756481238
50,32,12.647803882905595,6.596712050243748,13,0.7,1430,2024-09-28 16:10:00,2024-09-28 16:10:00,13.68298356025122,51.913239019414526,493.0,case2,DOM01,92.98390166362503
50,33,24.468837721493642,5.848917809590549,5,0.7,1431,2024-09-28 16:10:00,2024-09-28 16:10:00,13.679244589047952,51.972344188607465,895.0,case2,DOM01,168.80444622503936
51,5,32.77206133390509,44.056733747530714,2657,0.5,1432,2024-09-28 16:15:00,2024-09-28 16:15:00,13.870283668737653,52.01386030666953,5183.0,case2,DOM01,977.5569215467922
51,6,4.193507485403765,66.03023671778398,137,0.5,1433,2024-09-28 16:15:00,2024-09-28 16:15:00,13.980151183588921,51.87096753742701,333.0,case2,DOM01,62.80657049490291
51,7,0.06338300104160735,95.56489213760975,10,0.5,1434,2024-09-28 16:15:00,2024-09-28 16:15:00,14.12782446068805,51.85031691500521,134.0,case2,DOM01,25.273514853804773
51,8,18.702188221176904,146.7337082145182,1402,0.5,1435,2024-09-28 16:15:00,2024-09-28 16:15:00,14.383668541072591,51.943510941105885,1.0,case2,DOM01,0.18860831980451326
51,9,10.430648302299437,94.99572024741427,13,0.5,1436,2024-09-28 16:15:00,2024-09-28 16:15:00,14.124978601237071,51.9021532415115,149.0,case2,DOM01,28.102639650872472
51,10,23.486001058376896,120.13378383769917,15,0.5,1437,2024-09-28 16:15:00,2024-09-28 16:15:00,14.250668919188495,51.96743000529189,2656.0,case2,DOM01,500.9436974007872
51,12,40.69868079738841,107.58824681828277,7,0.5,1438,2024-09-28 16:15:00,2024-09-28 16:15:00,14.187941234091413,52.05349340398694,301.0,case2,DOM01,56.77110426115849
51,13,50.92540919452518,161.27138058215843,119,0.5,1439,2024-09-28 16:15:00,2024-09-28 16:15:00,14.456356902910793,52.10462704597262,556.0,case2,DOM01,104.86622581130936
51,15,67.32276585492646,81.1991888085,30,0.5,1440,2024-09-28 16:15:00,2024-09-28 16:15:00,14.0559959440425,52.186613829274634,137.0,case2,DOM01,25.839339813218313
51,16,67.29779636732283,72.22763976719489,5,0.5,1441,2024-09-28 16:15:00,2024-09-28 16:15:00,14.011138198835974,52.18648898183662,105.0,case2,DOM01,19.80387357947389
51,18,79.5883675991404,175.53588593228213,208,0.5,1442,2024-09-28 16:15:00,2024-09-28 16:15:00,14.527679429661411,52.247941837995704,516.0,case2,DOM01,97.32189301912882
51,19,77.9137509791562,87.13143391864895,136,0.5,1443,2024-09-28 16:15:00,2024-09-28 16:15:00,14.085657169593246,52.239568754895785,829.0,case2,DOM01,156.35629711794147
51,21,83.98242753022312,73.96815858730668,37,0.5,1444,2024-09-28 16:15:00,2024-09-28 16:15:00,14.019840792936533,52.26991213765112,333.0,case2,DOM01,62.80657049490291
51,22,85.56840489836826,3.91027968304676,7,0.5,1445,2024-09-28 16:15:00,2024-09-28 16:15:00,13.669551398415233,52.27784202449184,195.0,case2,DOM01,36.77862236188009
51,23,92.39208044596263,24.63404821435415,246,0.5,1446,2024-09-28 16:15:00,2024-09-28 16:15:00,13.773170241071771,52.311960402229815,940.0,case2,DOM01,177.29182061624243
51,24,97.1837842266375,33.20377216088661,5,0.5,1447,2024-09-28 16:15:00,2024-09-28 16:15:00,13.816018860804432,52.33591892113319,70.0,case2,DOM01,13.202582386315926
51,25,119.35649656836743,95.9473809091903,499,0.5,1448,2024-09-28 16:15:00,2024-09-28 16:15:00,14.129736904545952,52.44678248284184,1130.0,case2,DOM01,213.12740137909998
51,26,128.68191316239265,130.3647791730851,115,0.5,1449,2024-09-28 16:15:00,2024-09-28 16:15:00,14.301823895865425,52.49340956581196,706.0,case2,DOM01,133.15747378198637
51,27,129.2551242471292,172.3033638651659,36,0.5,1450,2024-09-28 16:15:00,2024-09-28 16:15:00,14.511516819325829,52.49627562123565,210.0,case2,DOM01,39.60774715894778
51,28,133.86666718707926,20.933967562178,52,0.5,1451,2024-09-28 16:15:00,2024-09-28 16:15:00,13.75466983781089,52.5193333359354,294.0,case2,DOM01,55.450846022526896
52,5,27.989800826719044,51.61998123358448,2037,0.5,1452,2024-09-28 16:20:00,2024-09-28 16:20:00,13.908099906167923,51.9899490041336,4961.0,case2,DOM01,935.6858745501902
52,6,2.4674915095456296,75.36628307977698,71,0.5,1453,2024-09-28 16:20:00,2024-09-28 16:20:00,14.026831415398885,51.86233745754773,264.0,case2,DOM01,49.79259642839149
52,7,0.08528842477183601,99.84153607199282,5,0.5,1454,2024-09-28 16:20:00,2024-09-28 16:20:00,14.149207680359964,51.85042644212386,267.0,case2,DOM01,50.35842138780504
52,8,0.0,105.8463936521751,5,0.5,1455,2024-09-28 16:20:00,2024-09-28 16:20:00,14.179231968260876,51.85,52.0,case2,DOM01,9.80763262983469
52,9,15.38432889249164,152.3369687417874,1030,0.5,1456,2024-09-28 16:20:00,2024-09-28 16:20:00,14.411684843708937,51.92692164446245,1.0,case2,DOM01,0.18860831980451326
52,11,38.36613888087429,29.7234492734849,7,0.5,1457,2024-09-28 16:20:00,2024-09-28 16:20:00,13.798617246367424,52.041830694404375,97.0,case2,DOM01,18.295007021037783
52,12,46.1126970697444,171.182930703188,12,0.5,1458,2024-09-28 16:20:00,2024-09-28 16:20:00,14.50591465351594,52.08056348534872,2364.0,case2,DOM01,445.8700680178693
52,13,46.146965247721035,142.32204828820628,8,0.5,1459,2024-09-28 16:20:00,2024-09-28 16:20:00,14.361610241441031,52.080734826238604,255.0,case2,DOM01,48.09512155015088
52,17,63.74921451648382,144.1298972352988,15,0.5,1460,2024-09-28 16:20:00,2024-09-28 16:20:00,14.370649486176493,52.16874607258242,119.0,case2,DOM01,22.444390056737078
52,18,66.60822791284482,48.014862583966995,6,0.5,1461,2024-09-28 16:20:00,2024-09-28 16:20:00,13.890074312919836,52.183041139564224,278.0,case2,DOM01,52.43311290565468
52,19,67.07279420889348,77.48356015167184,9,0.5,1462,2024-09-28 16:20:00,2024-09-28 16:20:00,14.03741780075836,52.18536397104447,214.0,case2,DOM01,40.36218043816584
52,20,75.4934435519758,55.664316579870935,150,0.5,1463,2024-09-28 16:20:00,2024-09-28 16:20:00,13.928321582899354,52.22746721775988,538.0,case2,DOM01,101.47127605482812
52,21,76.72816180816203,95.07572298400278,56,0.5,1464,2024-09-28 16:20:00,2024-09-28 16:20:00,14.125378614920013,52.23364080904081,905.0,case2,DOM01,170.69052942308448
52,22,78.5638341153195,13.033946458023252,29,0.5,1465,2024-09-28 16:20:00,2024-09-28 16:20:00,13.715169732290116,52.242819170576595,359.0,case2,DOM01,67.71038680982025
52,24,84.50957761087471,16.783688645217982,22,0.5,1466,2024-09-28 16:20:00,2024-09-28 16:20:00,13.73391844322609,52.272547888054376,95.0,case2,DOM01,17.91779038142876
52,26,92.22805316743415,32.13713208133288,168,0.5,1467,2024-09-28 16:20:00,2024-09-28 16:20:00,13.810685660406664,52.311140265837174,550.0,case2,DOM01,103.73457589248228
52,27,94.6592499872273,59.2210315230164,5,0.5,1468,2024-09-28 16:20:00,2024-09-28 16:20:00,13.946105157615081,52.323296249936135,473.0,case2,DOM01,89.21173526753476
52,28,103.1746491896357,100.94966027584553,184,0.5,1469,2024-09-28 16:20:00,2024-09-28 16:20:00,14.154748301379227,52.36587324594818,569.0,case2,DOM01,107.31813396876802
52,30,130.66803023428392,113.57077099023208,235,0.5,1470,2024-09-28 16:20:00,2024-09-28 16:20:00,14.21785385495116,52.50334015117142,573.0,case2,DOM01,108.07256724798609
52,31,127.24698775617239,140.48829051112406,105,0.5,1471,2024-09-28 16:20:00,2024-09-28 16:20:00,14.35244145255562,52.48623493878086,669.0,case2,DOM01,126.17896594921936
52,32,128.659775696511,179.74419263745784,5,0.5,1472,2024-09-28 16:20:00,2024-09-28 16:20:00,14.54872096318729,52.493298878482555,93.0,case2,DOM01,17.54057374181973
52,33,133.70761652640167,31.440843436321856,37,0.5,1473,2024-09-28 16:20:00,2024-09-28 16:20:00,13.80720421718161,52.51853808263201,285.0,case2,DOM01,53.75337114428628
53,5,12.897410148597269,46.51419756225357,1090,0.5,1474,2024-09-28 16:25:00,2024-09-28 16:25:00,13.882570987811269,51.914487050742984,2872.0,case2,DOM01,541.683094478562
53,6,0.5195500056011142,84.77865349214036,17,0.5,1475,2024-09-28 16:25:00,2024-09-28 16:25:00,14.0738932674607,51.852597750028,72.0,case2,DOM01,13.579799025924954
53,7,0.5047081869384454,108.5048869586981,16,0.5,1476,2024-09-28 16:25:00,2024-09-28 16:25:00,14.19252443479349,51.85252354093469,238.0,case2,DOM01,44.888780113474155
53,9,4.346762130331906,147.5297169224311,256,0.5,1477,2024-09-28 16:25:00,2024-09-28 16:25:00,14.387648584612156,51.871733810651655,1706.0,case2,DOM01,321.76579358649957
53,10,3.4781480404205567,79.82796369521942,6,0.5,1478,2024-09-28 16:25:00,2024-09-28 16:25:00,14.049139818476098,51.867390740202104,82.0,case2,DOM01,15.465882223970086
53,11,20.12814397516524,169.2572732625091,409,0.5,1479,2024-09-28 16:25:00,2024-09-28 16:25:00,14.496286366312544,51.95064071987583,2.0,case2,DOM01,0.3772166396090265
53,12,31.07716283718684,93.15994215134835,28,0.5,1480,2024-09-28 16:25:00,2024-09-28 16:25:00,14.115799710756741,52.005385814185935,242.0,case2,DOM01,45.64321339269221
53,13,51.38851143248672,99.13458768844244,323,0.5,1481,2024-09-28 16:25:00,2024-09-28 16:25:00,14.145672938442212,52.106942557162434,2441.0,case2,DOM01,460.39290864281685
53,15,46.39346464942503,155.68539330628016,26,0.5,1482,2024-09-28 16:25:00,2024-09-28 16:25:00,14.4284269665314,52.08196732324713,553.0,case2,DOM01,104.30040085189583
53,16,52.630175621330245,70.57648468899623,115,0.5,1483,2024-09-28 16:25:00,2024-09-28 16:25:00,14.002882423444982,52.11315087810665,493.0,case2,DOM01,92.98390166362503
53,18,71.24240638117378,12.81253098593101,6,0.5,1484,2024-09-28 16:25:00,2024-09-28 16:25:00,13.714062654929656,52.20621203190587,439.0,case2,DOM01,82.79905239418132
53,19,77.25610614946295,65.86311495022318,128,0.5,1485,2024-09-28 16:25:00,2024-09-28 16:25:00,13.979315574751116,52.236280530747315,809.0,case2,DOM01,152.58413072185124
53,20,79.3066118317567,23.54621597053035,56,0.5,1486,2024-09-28 16:25:00,2024-09-28 16:25:00,13.767731079852652,52.24653305915878,316.0,case2,DOM01,59.600229058226184
53,22,92.41106273084861,44.213904835022944,168,0.5,1487,2024-09-28 16:25:00,2024-09-28 16:25:00,13.871069524175114,52.31205531365424,1051.0,case2,DOM01,198.2273441145434
53,23,102.16955788494771,112.66355195075512,165,0.5,1488,2024-09-28 16:25:00,2024-09-28 16:25:00,14.213317759753776,52.36084778942474,705.0,case2,DOM01,132.96886546218184
53,24,130.39960108341225,125.89888505211609,216,0.5,1489,2024-09-28 16:25:00,2024-09-28 16:25:00,14.27949442526058,52.501998005417065,676.0,case2,DOM01,127.49922418785096
53,25,126.07151799028277,150.41601173840155,105,0.5,1490,2024-09-28 16:25:00,2024-09-28 16:25:00,14.402080058692007,52.48035758995141,473.0,case2,DOM01,89.21173526753476
53,26,133.6403824216854,42.38610182901584,10,0.5,1491,2024-09-28 16:25:00,2024-09-28 16:25:00,13.861930509145079,52.51820191210843,284.0,case2,DOM01,53.56476282448176
54,5,11.115408484690061,57.00466638282997,885,0.5,1492,2024-09-28 16:30:00,2024-09-28 16:30:00,13.93502333191415,51.90557704242345,2324.0,case2,DOM01,438.32573522568873
54,6,0.2554202717845109,120.9440823810079,22,0.5,1493,2024-09-28 16:30:00,2024-09-28 16:30:00,14.25472041190504,51.851277101358924,210.0,case2,DOM01,39.60774715894778
54,7,3.978245971046355,160.54138447807662,185,0.5,1494,2024-09-28 16:30:00,2024-09-28 16:30:00,14.452706922390384,51.86989122985523,436.0,case2,DOM01,82.23322743476777
54,8,9.25646575373116,179.32039742233894,11,0.5,1495,2024-09-28 16:30:00,2024-09-28 16:30:00,14.546601987111694,51.896282328768656,74.0,case2,DOM01,13.95701566553398
54,9,9.546127094898845,154.2537820314912,5,0.5,1496,2024-09-28 16:30:00,2024-09-28 16:30:00,14.421268910157456,51.897730635474495,73.0,case2,DOM01,13.768407345729466
54,10,15.732288984187116,93.2005461617043,8,0.5,1497,2024-09-28 16:30:00,2024-09-28 16:30:00,14.116002730808521,51.928661444920934,117.0,case2,DOM01,22.06717341712805
54,11,21.581379037815676,172.13013118115418,113,0.5,1498,2024-09-28 16:30:00,2024-09-28 16:30:00,14.51065065590577,51.957906895189076,1152.0,case2,DOM01,217.27678441479927
54,12,20.389888545421,102.72496976078192,25,0.5,1499,2024-09-28 16:30:00,2024-09-28 16:30:00,14.163624848803911,51.951949442727106,203.0,case2,DOM01,38.28748892031619
54,14,30.854670667828252,104.43992904869005,17,0.5,1500,2024-09-28 16:30:00,2024-09-28 16:30:00,14.17219964524345,52.004273353339144,172.0,case2,DOM01,32.44063100637628
54,15,49.91929016150857,109.79319375765374,347,0.5,1501,2024-09-28 16:30:00,2024-09-28 16:30:00,14.198965968788269,52.099596450807546,2147.0,case2,DOM01,404.9420626202899
54,16,38.50657188246153,51.47187523321562,56,0.5,1502,2024-09-28 16:30:00,2024-09-28 16:30:00,13.907359376166077,52.04253285941231,226.0,case2,DOM01,42.625480275819996
54,17,48.23024865736922,77.39842405148032,53,0.5,1503,2024-09-28 16:30:00,2024-09-28 16:30:00,14.036992120257402,52.09115124328685,657.0,case2,DOM01,123.9156661115652
54,19,77.36675386179444,80.42347820282576,119,0.5,1504,2024-09-28 16:30:00,2024-09-28 16:30:00,14.052117391014129,52.23683376930897,756.0,case2,DOM01,142.587889772212
54,20,75.14891573188802,72.38013611804409,9,0.5,1505,2024-09-28 16:30:00,2024-09-28 16:30:00,14.011900680590221,52.22574457865944,61.0,case2,DOM01,11.505107508075309
54,21,77.27394621740777,32.8792421573499,24,0.5,1506,2024-09-28 16:30:00,2024-09-28 16:30:00,13.814396210786748,52.23636973108704,553.0,case2,DOM01,104.30040085189583
54,23,84.91205581227422,40.43451173260987,33,0.5,1507,2024-09-28 16:30:00,2024-09-28 16:30:00,13.85217255866305,52.27456027906137,1.0,case2,DOM01,0.18860831980451326
54,25,91.64352572798734,54.7417713413869,164,0.5,1508,2024-09-28 16:30:00,2024-09-28 16:30:00,13.923708856706934,52.30821762863994,1333.0,case2,DOM01,251.41489029941616
54,26,101.00859576110041,123.70436098975296,134,0.5,1509,2024-09-28 16:30:00,2024-09-28 16:30:00,14.268521804948765,52.3550429788055,582.0,case2,DOM01,109.77004212622671
54,28,125.17872964327829,160.08273580180045,84,0.5,1510,2024-09-28 16:30:00,2024-09-28 16:30:00,14.450413679009001,52.47589364821639,508.0,case2,DOM01,95.81302646069274
54,29,130.42182737359025,137.32200727063136,200,0.5,1511,2024-09-28 16:30:00,2024-09-28 16:30:00,14.336610036353157,52.50210913686795,611.0,case2,DOM01,115.2396834005576
55,5,9.728584024484629,68.08517139304631,788,0.5,1512,2024-09-28 16:35:00,2024-09-28 16:35:00,13.990425856965231,51.89864292012242,1426.0,case2,DOM01,268.95546404123587
55,6,0.5303865490056386,132.61480052761883,17,0.5,1513,2024-09-28 16:35:00,2024-09-28 16:35:00,14.313074002638094,51.852651932745026,181.0,case2,DOM01,34.1381058846169
55,7,3.9462847000069323,172.5247874988958,170,0.5,1514,2024-09-28 16:35:00,2024-09-28 16:35:00,14.51262393749448,51.869731423500035,424.0,case2,DOM01,79.96992759711361
55,9,18.229195135482065,112.1638143947823,32,0.5,1515,2024-09-28 16:35:00,2024-09-28 16:35:00,14.210819071973912,51.94114597567741,214.0,case2,DOM01,40.36218043816584
55,10,19.574598844817782,178.28789274808796,27,0.5,1516,2024-09-28 16:35:00,2024-09-28 16:35:00,14.54143946374044,51.94787299422409,587.0,case2,DOM01,110.71308372524928
55,11,22.405546410768277,74.46282468859081,5,0.5,1517,2024-09-28 16:35:00,2024-09-28 16:35:00,14.022314123442953,51.96202773205384,81.0,case2,DOM01,15.277273904165574
55,13,27.86996202877672,60.8523671655669,8,0.5,1518,2024-09-28 16:35:00,2024-09-28 16:35:00,13.954261835827834,51.989349810143885,83.0,case2,DOM01,15.6544905437746
55,14,37.92502457927121,62.74083691516056,61,0.5,1519,2024-09-28 16:35:00,2024-09-28 16:35:00,13.963704184575803,52.039625122896354,280.0,case2,DOM01,52.810329545263706
55,15,47.26332808092733,119.64831201595541,331,0.5,1520,2024-09-28 16:35:00,2024-09-28 16:35:00,14.248241560079776,52.08631664040464,1818.0,case2,DOM01,342.8899254046051
55,16,43.353225924569756,84.12493154877389,24,0.5,1521,2024-09-28 16:35:00,2024-09-28 16:35:00,14.070624657743869,52.06676612962285,344.0,case2,DOM01,64.88126201275256
55,17,49.320094964805946,96.1788617138741,56,0.5,1522,2024-09-28 16:35:00,2024-09-28 16:35:00,14.13089430856937,52.09660047482403,207.0,case2,DOM01,39.04192219953425
55,18,65.17653782333075,82.68579210604756,12,0.5,1523,2024-09-28 16:35:00,2024-09-28 16:35:00,14.063428960530237,52.17588268911665,241.0,case2,DOM01,45.45460507288769
55,19,78.32725606135111,90.45826253508149,106,0.5,1524,2024-09-28 16:35:00,2024-09-28 16:35:00,14.102291312675407,52.24163628030676,567.0,case2,DOM01,106.940917329159
55,20,83.16674427189616,47.88697783796829,120,0.5,1525,2024-09-28 16:35:00,2024-09-28 16:35:00,13.889434889189841,52.265833721359485,1.0,case2,DOM01,0.18860831980451326
55,21,91.22715730320232,64.43577828401085,101,0.5,1526,2024-09-28 16:35:00,2024-09-28 16:35:00,13.972178891420054,52.30613578651601,1735.0,case2,DOM01,327.2354348608305
55,22,97.49303774383338,132.030670359727,28,0.5,1527,2024-09-28 16:35:00,2024-09-28 16:35:00,14.310153351798636,52.33746518871917,316.0,case2,DOM01,59.600229058226184
55,23,103.33915220611655,138.9667561061974,80,0.5,1528,2024-09-28 16:35:00,2024-09-28 16:35:00,14.344833780530987,52.366695761030584,444.0,case2,DOM01,83.74209399320388
55,25,125.00395849653611,170.89726995805572,87,0.5,1529,2024-09-28 16:35:00,2024-09-28 16:35:00,14.504486349790279,52.475019792482684,349.0,case2,DOM01,65.82430361177512
55,26,130.46934649170802,149.02461859864442,197,0.5,1530,2024-09-28 16:35:00,2024-09-28 16:35:00,14.395123092993222,52.50234673245854,675.0,case2,DOM01,127.31061586804645
56,5,9.189089692053237,79.0089073810927,771,0.5,1531,2024-09-28 16:40:00,2024-09-28 16:40:00,14.045044536905463,51.89594544846027,1957.0,case2,DOM01,369.1064818574324
56,6,0.0,145.9345609478507,5,0.5,1532,2024-09-28 16:40:00,2024-09-28 16:40:00,14.379672804739254,51.85,253.0,case2,DOM01,47.71790491054185
56,7,13.400210392489974,120.02142231381902,12,0.5,1533,2024-09-28 16:40:00,2024-09-28 16:40:00,14.250107111569095,51.91700105196245,207.0,case2,DOM01,39.04192219953425
56,8,45.135259554843984,128.8988376832862,343,0.5,1534,2024-09-28 16:40:00,2024-09-28 16:40:00,14.294494188416431,52.07567629777422,1125.0,case2,DOM01,212.1843597800774
56,9,39.27023498419788,74.56427803915058,44,0.5,1535,2024-09-28 16:40:00,2024-09-28 16:40:00,14.022821390195753,52.04635117492099,626.0,case2,DOM01,118.06880819762529
56,11,47.66081174778263,105.18971596325329,61,0.5,1536,2024-09-28 16:40:00,2024-09-28 16:40:00,14.175948579816266,52.08830405873891,289.0,case2,DOM01,54.50780442350433
56,13,66.65866588752557,93.364152634575,27,0.5,1537,2024-09-28 16:40:00,2024-09-28 16:40:00,14.116820763172875,52.18329332943763,304.0,case2,DOM01,57.336929220572024
56,14,64.28116114774369,115.07503388130198,17,0.5,1538,2024-09-28 16:40:00,2024-09-28 16:40:00,14.22537516940651,52.17140580573872,529.0,case2,DOM01,99.77380117658751
56,16,70.76319549153594,103.42903820859132,8,0.5,1539,2024-09-28 16:40:00,2024-09-28 16:40:00,14.167145191042957,52.20381597745768,54.0,case2,DOM01,10.184849269443715
56,17,76.38895059584286,107.75346540068304,35,0.5,1540,2024-09-28 16:40:00,2024-09-28 16:40:00,14.188767327003415,52.23194475297921,249.0,case2,DOM01,46.9634716313238
56,19,75.58681642423126,99.24999214087151,6,0.5,1541,2024-09-28 16:40:00,2024-09-28 16:40:00,14.146249960704358,52.22793408212115,166.0,case2,DOM01,31.3089810875492
56,20,84.20480209497634,60.04561308561561,99,0.5,1542,2024-09-28 16:40:00,2024-09-28 16:40:00,13.950228065428078,52.27102401047488,987.0,case2,DOM01,186.1564116470546
56,22,90.96161785801756,74.69735513602943,7,0.5,1543,2024-09-28 16:40:00,2024-09-28 16:40:00,14.023486775680148,52.304808089290084,532.0,case2,DOM01,100.33962613600104
56,23,101.9961503782972,150.24472439987005,54,0.5,1544,2024-09-28 16:40:00,2024-09-28 16:40:00,14.40122362199935,52.359980751891484,1282.0,case2,DOM01,241.795865989386
