frame,idx,hdim_1,hdim_2,num,threshold_value,feature,time,timestr,lon,lat,ncells,case,domain,size_km2
0,3,5.004206335791076,9.212520305733806,210,0.3,1,2024-09-28 14:00:00,2024-09-28 14:00:00,13.69606260152867,51.875021031678955,15.0,case2,DOM03,2.8291247970676987
0,7,0.0,104.54947030382164,5,0.3,2,2024-09-28 14:00:00,2024-09-28 14:00:00,14.172747351519108,51.85,0.0,case2,DOM03,0.0
0,9,9.147402689027771,36.611798048335345,38,0.3,3,2024-09-28 14:00:00,2024-09-28 14:00:00,13.833058990241677,51.89573701344514,1.0,case2,DOM03,0.18860831980451326
0,12,30.193807905283627,88.05991276296234,16,0.3,4,2024-09-28 14:00:00,2024-09-28 14:00:00,14.090299563814812,52.00096903952642,0.0,case2,DOM03,0.0
0,13,29.666660800365687,94.18521838038686,15,0.3,5,2024-09-28 14:00:00,2024-09-28 14:00:00,14.120926091901934,51.998333304001825,0.0,case2,DOM03,0.0
0,18,48.451252845372444,175.47396822404684,6,0.3,6,2024-09-28 14:00:00,2024-09-28 14:00:00,14.527369841120233,52.09225626422686,2.0,case2,DOM03,0.3772166396090265
0,23,73.18902805882914,0.8541308962249045,6,0.3,7,2024-09-28 14:00:00,2024-09-28 14:00:00,13.654270654481124,52.215945140294146,0.0,case2,DOM03,0.0
0,26,77.84899801164187,9.247516349631113,12,0.3,8,2024-09-28 14:00:00,2024-09-28 14:00:00,13.696237581748155,52.23924499005821,0.0,case2,DOM03,0.0
0,36,0.5495633289978477,36.49906543497876,13,0.5,9,2024-09-28 14:00:00,2024-09-28 14:00:00,13.832495327174895,51.852747816644985,30.0,case2,DOM03,5.658249594135397
0,37,1.3813798788516025,55.14082885553131,75,0.5,10,2024-09-28 14:00:00,2024-09-28 14:00:00,13.925704144277658,51.856906899394254,99.0,case2,DOM03,18.67222366064681
0,38,1.1414264005263905,76.8193617635894,26,0.5,11,2024-09-28 14:00:00,2024-09-28 14:00:00,14.034096808817948,51.85570713200263,35.0,case2,DOM03,6.601291193157963
0,39,1.6694746699896637,88.01637097153646,18,0.5,12,2024-09-28 14:00:00,2024-09-28 14:00:00,14.090081854857683,51.85834737334995,66.0,case2,DOM03,12.448149107097873
0,41,4.512894699704365,172.9135084056311,7,0.5,13,2024-09-28 14:00:00,2024-09-28 14:00:00,14.514567542028155,51.87256447349852,1.0,case2,DOM03,0.18860831980451326
0,42,5.358264275357545,179.5427514392177,9,0.5,14,2024-09-28 14:00:00,2024-09-28 14:00:00,14.547713757196089,51.876791321376786,19.0,case2,DOM03,3.5835580762857515
0,48,41.1078945050576,59.09619605892278,12,0.5,15,2024-09-28 14:00:00,2024-09-28 14:00:00,13.945480980294613,52.05553947252529,20.0,case2,DOM03,3.772166396090265
0,49,45.682547945366885,110.22917142937183,36,0.5,16,2024-09-28 14:00:00,2024-09-28 14:00:00,14.201145857146859,52.078412739726836,78.0,case2,DOM03,14.711448944752034
0,50,46.86028207469281,88.80971436528824,9,0.5,17,2024-09-28 14:00:00,2024-09-28 14:00:00,14.094048571826441,52.08430141037346,24.0,case2,DOM03,4.526599675308318
0,53,63.12445123943715,124.798807513709,11,0.5,18,2024-09-28 14:00:00,2024-09-28 14:00:00,14.273994037568546,52.16562225619719,32.0,case2,DOM03,6.035466233744424
0,56,73.7614813245167,127.10966022632867,9,0.5,19,2024-09-28 14:00:00,2024-09-28 14:00:00,14.285548301131644,52.21880740662258,27.0,case2,DOM03,5.092424634721858
0,60,85.6351623971634,38.30982923646939,7,0.5,20,2024-09-28 14:00:00,2024-09-28 14:00:00,13.841549146182347,52.27817581198582,25.0,case2,DOM03,4.715207995112831
0,62,99.35674630801638,8.830450634887152,39,0.5,21,2024-09-28 14:00:00,2024-09-28 14:00:00,13.694152253174435,52.34678373154008,70.0,case2,DOM03,13.202582386315926
0,63,102.41037117470104,178.9592712160359,20,0.5,22,2024-09-28 14:00:00,2024-09-28 14:00:00,14.54479635608018,52.3620518558735,33.0,case2,DOM03,6.224074553548936
0,65,107.76287976218735,61.863150439850884,61,0.5,23,2024-09-28 14:00:00,2024-09-28 14:00:00,13.959315752199256,52.388814398810936,213.0,case2,DOM03,40.17357211836132
0,66,106.62593518735619,54.0351628716444,11,0.5,24,2024-09-28 14:00:00,2024-09-28 14:00:00,13.920175814358222,52.38312967593678,65.0,case2,DOM03,12.259540787293362
0,69,116.79304039403493,2.016417242750541,16,0.5,25,2024-09-28 14:00:00,2024-09-28 14:00:00,13.660082086213754,52.433965201970175,25.0,case2,DOM03,4.715207995112831
0,73,137.96116617974195,3.090764555357618,42,0.5,26,2024-09-28 14:00:00,2024-09-28 14:00:00,13.665453822776788,52.53980583089871,48.0,case2,DOM03,9.053199350616635
0,75,11.33474121004997,111.33434396175132,28,0.7,27,2024-09-28 14:00:00,2024-09-28 14:00:00,14.206671719808757,51.90667370605025,626.0,case2,DOM03,118.06880819762529
0,76,13.431537889144781,97.16270002984811,35,0.7,28,2024-09-28 14:00:00,2024-09-28 14:00:00,14.13581350014924,51.91715768944572,121.0,case2,DOM03,22.821606696346105
0,77,18.0614863033062,177.22762680043203,34,0.7,29,2024-09-28 14:00:00,2024-09-28 14:00:00,14.53613813400216,51.94030743151653,335.0,case2,DOM03,63.18378713451194
0,78,18.958597114053873,12.292177838582663,48,0.7,30,2024-09-28 14:00:00,2024-09-28 14:00:00,13.711460889192914,51.94479298557027,544.0,case2,DOM03,102.6029259736552
0,79,23.975886582555944,166.9087015783418,6,0.7,31,2024-09-28 14:00:00,2024-09-28 14:00:00,14.484543507891708,51.96987943291278,25.0,case2,DOM03,4.715207995112831
0,81,25.508522855449172,117.8627278185305,33,0.7,32,2024-09-28 14:00:00,2024-09-28 14:00:00,14.239313639092652,51.97754261427725,241.0,case2,DOM03,45.45460507288769
0,82,26.28955638885256,156.86158960404885,47,0.7,33,2024-09-28 14:00:00,2024-09-28 14:00:00,14.434307948020244,51.98144778194426,554.0,case2,DOM03,104.48900917170035
0,84,29.341583338435946,46.128992654661864,53,0.7,34,2024-09-28 14:00:00,2024-09-28 14:00:00,13.88064496327331,51.99670791669218,232.0,case2,DOM03,43.757130194647075
0,85,30.30566141012084,170.6880553266058,27,0.7,35,2024-09-28 14:00:00,2024-09-28 14:00:00,14.503440276633029,52.001528307050606,219.0,case2,DOM03,41.3052220371884
0,89,33.75049966113279,163.95140215505464,8,0.7,36,2024-09-28 14:00:00,2024-09-28 14:00:00,14.469757010775274,52.018752498305666,70.0,case2,DOM03,13.202582386315926
0,90,42.97888563768186,9.06105068110496,72,0.7,37,2024-09-28 14:00:00,2024-09-28 14:00:00,13.695305253405525,52.06489442818841,554.0,case2,DOM03,104.48900917170035
0,92,63.05956671260039,40.92258179604279,282,0.7,38,2024-09-28 14:00:00,2024-09-28 14:00:00,13.854612908980215,52.165297833563,767.0,case2,DOM03,144.66258129006167
0,93,53.45265377803754,60.392854259240636,22,0.7,39,2024-09-28 14:00:00,2024-09-28 14:00:00,13.951964271296204,52.117263268890184,242.0,case2,DOM03,45.64321339269221
0,94,71.95371832270529,87.1556476078114,32,0.7,40,2024-09-28 14:00:00,2024-09-28 14:00:00,14.085778238039058,52.209768591613525,114.0,case2,DOM03,21.50134845771451
0,95,74.0543004026192,77.51005503789607,27,0.7,41,2024-09-28 14:00:00,2024-09-28 14:00:00,14.037550275189481,52.2202715020131,139.0,case2,DOM03,26.21655645282734
0,96,87.55037224050741,145.35654993904694,68,0.7,42,2024-09-28 14:00:00,2024-09-28 14:00:00,14.376782749695234,52.28775186120254,436.0,case2,DOM03,82.23322743476777
0,97,92.11915868003393,104.78936390587877,375,0.7,43,2024-09-28 14:00:00,2024-09-28 14:00:00,14.173946819529395,52.31059579340017,960.0,case2,DOM03,181.06398701233272
0,99,95.5508938297838,83.68442361842683,5,0.7,44,2024-09-28 14:00:00,2024-09-28 14:00:00,14.068422118092133,52.32775446914892,78.0,case2,DOM03,14.711448944752034
0,100,99.74837648550258,152.83111674176203,83,0.7,45,2024-09-28 14:00:00,2024-09-28 14:00:00,14.41415558370881,52.34874188242751,201.0,case2,DOM03,37.91027228070717
0,101,103.33820770608331,168.24590745173325,12,0.7,46,2024-09-28 14:00:00,2024-09-28 14:00:00,14.491229537258667,52.36669103853042,112.0,case2,DOM03,21.124131818105482
0,102,111.71678136798108,143.6140364157949,108,0.7,47,2024-09-28 14:00:00,2024-09-28 14:00:00,14.368070182078974,52.4085839068399,1204.0,case2,DOM03,227.08441704463397
0,105,124.22124198623138,27.638517110069994,50,0.7,48,2024-09-28 14:00:00,2024-09-28 14:00:00,13.78819258555035,52.47110620993116,163.0,case2,DOM03,30.74315612813566
0,106,130.52415464014345,162.42439428616458,432,0.7,49,2024-09-28 14:00:00,2024-09-28 14:00:00,14.462121971430824,52.50262077320072,1134.0,case2,DOM03,213.881834658318
0,107,125.29160917319952,79.32451678370755,31,0.7,50,2024-09-28 14:00:00,2024-09-28 14:00:00,14.046622583918538,52.476458045865996,128.0,case2,DOM03,24.141864934977697
0,108,130.87511163323325,59.90137143244964,18,0.7,51,2024-09-28 14:00:00,2024-09-28 14:00:00,13.949506857162248,52.50437555816617,192.0,case2,DOM03,36.21279740246654
0,109,136.8082532814012,78.72893521051988,27,0.7,52,2024-09-28 14:00:00,2024-09-28 14:00:00,14.0436446760526,52.534041266407,189.0,case2,DOM03,35.646972443053
1,3,4.862516734768644,9.237456140267854,211,0.3,53,2024-09-28 14:05:00,2024-09-28 14:05:00,13.69618728070134,51.87431258367384,25.0,case2,DOM03,4.715207995112831
1,7,0.0,105.31805042792584,5,0.3,54,2024-09-28 14:05:00,2024-09-28 14:05:00,14.17659025213963,51.85,0.0,case2,DOM03,0.0
1,9,9.164253351848858,36.69044564474231,35,0.3,55,2024-09-28 14:05:00,2024-09-28 14:05:00,13.833452228223711,51.89582126675925,0.0,case2,DOM03,0.0
1,14,29.5722308831813,92.41703124812737,27,0.3,56,2024-09-28 14:05:00,2024-09-28 14:05:00,14.112085156240637,51.99786115441591,0.0,case2,DOM03,0.0
1,15,32.51256102385733,83.61818453040004,6,0.3,57,2024-09-28 14:05:00,2024-09-28 14:05:00,14.068090922652,52.01256280511929,0.0,case2,DOM03,0.0
1,20,48.24361466156921,177.4936572240378,10,0.3,58,2024-09-28 14:05:00,2024-09-28 14:05:00,14.53746828612019,52.09121807330785,0.0,case2,DOM03,0.0
1,28,78.0967701650932,9.718588939914113,13,0.3,59,2024-09-28 14:05:00,2024-09-28 14:05:00,13.69859294469957,52.24048385082547,0.0,case2,DOM03,0.0
1,37,0.515472891498257,36.687388543832945,13,0.5,60,2024-09-28 14:05:00,2024-09-28 14:05:00,13.833436942719166,51.85257736445749,31.0,case2,DOM03,5.846857913939911
1,38,1.4664372182595042,55.711427832156716,71,0.5,61,2024-09-28 14:05:00,2024-09-28 14:05:00,13.928557139160784,51.8573321860913,100.0,case2,DOM03,18.860831980451323
1,39,1.0877408043601289,76.99414930711646,20,0.5,62,2024-09-28 14:05:00,2024-09-28 14:05:00,14.034970746535583,51.8554387040218,47.0,case2,DOM03,8.864591030812122
1,40,1.7524044760629836,89.35378665211103,12,0.5,63,2024-09-28 14:05:00,2024-09-28 14:05:00,14.096768933260556,51.85876202238031,50.0,case2,DOM03,9.430415990225661
1,44,5.223582147429189,179.6374850571584,5,0.5,64,2024-09-28 14:05:00,2024-09-28 14:05:00,14.548187425285793,51.87611791073714,22.0,case2,DOM03,4.149383035699291
1,48,41.15677706823964,59.81210539649079,8,0.5,65,2024-09-28 14:05:00,2024-09-28 14:05:00,13.949060526982453,52.0557838853412,20.0,case2,DOM03,3.772166396090265
1,50,45.525760068618716,110.64036153524798,37,0.5,66,2024-09-28 14:05:00,2024-09-28 14:05:00,14.20320180767624,52.07762880034309,77.0,case2,DOM03,14.52284062494752
1,51,46.90185303701451,89.28929247957791,8,0.5,67,2024-09-28 14:05:00,2024-09-28 14:05:00,14.09644646239789,52.084509265185076,25.0,case2,DOM03,4.715207995112831
1,54,63.258223808225004,124.89113569515885,15,0.5,68,2024-09-28 14:05:00,2024-09-28 14:05:00,14.274455678475794,52.16629111904113,29.0,case2,DOM03,5.469641274330884
1,56,73.31096220929415,127.31947183245012,8,0.5,69,2024-09-28 14:05:00,2024-09-28 14:05:00,14.28659735916225,52.21655481104647,23.0,case2,DOM03,4.337991355503805
1,59,85.74316186593133,38.384900538567436,8,0.5,70,2024-09-28 14:05:00,2024-09-28 14:05:00,13.841924502692837,52.278715809329654,25.0,case2,DOM03,4.715207995112831
1,62,99.40500861579147,8.692026403472745,38,0.5,71,2024-09-28 14:05:00,2024-09-28 14:05:00,13.693460132017364,52.34702504307896,71.0,case2,DOM03,13.39119070612044
1,63,102.51356924272393,178.8253712476436,18,0.5,72,2024-09-28 14:05:00,2024-09-28 14:05:00,14.544126856238218,52.36256784621362,32.0,case2,DOM03,6.035466233744424
1,65,107.5798759275391,61.73371657912365,74,0.5,73,2024-09-28 14:05:00,2024-09-28 14:05:00,13.95866858289562,52.387899379637695,264.0,case2,DOM03,49.79259642839149
1,67,116.82602873144134,1.716877537830918,15,0.5,74,2024-09-28 14:05:00,2024-09-28 14:05:00,13.658584387689155,52.43413014365721,23.0,case2,DOM03,4.337991355503805
1,71,137.98886720367167,3.282079315620901,44,0.5,75,2024-09-28 14:05:00,2024-09-28 14:05:00,13.666410396578105,52.53994433601836,49.0,case2,DOM03,9.24180767042115
1,73,11.441561832287704,110.94436962737535,28,0.7,76,2024-09-28 14:05:00,2024-09-28 14:05:00,14.204721848136877,51.907207809161434,628.0,case2,DOM03,118.44602483723432
1,74,13.28636891489854,97.16314549938227,36,0.7,77,2024-09-28 14:05:00,2024-09-28 14:05:00,14.135815727496912,51.91643184457449,127.0,case2,DOM03,23.953256615173185
1,75,18.14050659632511,178.83000449858787,26,0.7,78,2024-09-28 14:05:00,2024-09-28 14:05:00,14.54415002249294,51.940702532981625,317.0,case2,DOM03,59.78883737803069
1,76,19.03834512990233,12.533650667366947,44,0.7,79,2024-09-28 14:05:00,2024-09-28 14:05:00,13.712668253336835,51.945191725649515,530.0,case2,DOM03,99.96240949639203
1,77,23.45674214476916,167.0373443958222,12,0.7,80,2024-09-28 14:05:00,2024-09-28 14:05:00,14.48518672197911,51.96728371072385,83.0,case2,DOM03,15.6544905437746
1,78,25.713714500772216,117.83537752082418,33,0.7,81,2024-09-28 14:05:00,2024-09-28 14:05:00,14.23917688760412,51.97856857250386,233.0,case2,DOM03,43.945738514451584
1,79,26.305740463290032,157.29781575535225,44,0.7,82,2024-09-28 14:05:00,2024-09-28 14:05:00,14.436489078776761,51.981528702316446,200.0,case2,DOM03,37.721663960902646
1,81,29.37616453788239,45.832294706366305,57,0.7,83,2024-09-28 14:05:00,2024-09-28 14:05:00,13.879161473531832,51.99688082268941,230.0,case2,DOM03,43.37991355503805
1,82,31.185307634548113,169.56915124297512,31,0.7,84,2024-09-28 14:05:00,2024-09-28 14:05:00,14.497845756214875,52.005926538172744,225.0,case2,DOM03,42.43687195601548
1,83,29.0,133.57202515103882,5,0.7,85,2024-09-28 14:05:00,2024-09-28 14:05:00,14.317860125755194,51.995,353.0,case2,DOM03,66.57873689099318
1,86,42.96461965303268,9.294703619322805,77,0.7,86,2024-09-28 14:05:00,2024-09-28 14:05:00,13.696473518096614,52.06482309826516,565.0,case2,DOM03,106.56370068954999
1,87,57.151311217811546,36.078241936272065,134,0.7,87,2024-09-28 14:05:00,2024-09-28 14:05:00,13.83039120968136,52.135756556089056,370.0,case2,DOM03,69.78507832766991
1,88,53.53931256828424,60.35667209280034,26,0.7,88,2024-09-28 14:05:00,2024-09-28 14:05:00,13.951783360464,52.117696562841424,275.0,case2,DOM03,51.86728794624114
1,89,67.99103949416369,44.97731601084842,135,0.7,89,2024-09-28 14:05:00,2024-09-28 14:05:00,13.874886580054243,52.189955197470816,380.0,case2,DOM03,71.67116152571504
1,90,72.0427112668141,87.0860741785295,36,0.7,90,2024-09-28 14:05:00,2024-09-28 14:05:00,14.085430370892649,52.21021355633407,115.0,case2,DOM03,21.689956777519026
1,91,73.977632926548,77.70777571496943,29,0.7,91,2024-09-28 14:05:00,2024-09-28 14:05:00,14.038538878574848,52.21988816463274,135.0,case2,DOM03,25.462123173609285
1,92,92.01399235887831,105.34539274361772,355,0.7,92,2024-09-28 14:05:00,2024-09-28 14:05:00,14.176726963718089,52.31006996179439,911.0,case2,DOM03,171.82217934191155
1,93,87.70637436725107,145.7739787407727,74,0.7,93,2024-09-28 14:05:00,2024-09-28 14:05:00,14.378869893703865,52.288531871836256,408.0,case2,DOM03,76.9521944802414
1,97,95.69575866119634,83.33260614197013,7,0.7,94,2024-09-28 14:05:00,2024-09-28 14:05:00,14.06666303070985,52.32847879330598,97.0,case2,DOM03,18.295007021037783
1,99,99.79715259217234,153.20419487583294,82,0.7,95,2024-09-28 14:05:00,2024-09-28 14:05:00,14.416020974379165,52.348985762960865,281.0,case2,DOM03,52.99893786506822
1,100,103.11537192128388,167.88161174540096,15,0.7,96,2024-09-28 14:05:00,2024-09-28 14:05:00,14.489408058727005,52.36557685960642,102.0,case2,DOM03,19.23804862006035
1,101,111.89262228141422,143.72403730418236,99,0.7,97,2024-09-28 14:05:00,2024-09-28 14:05:00,14.36862018652091,52.40946311140707,1071.0,case2,DOM03,201.99951051063368
1,103,124.19347276424016,27.618917032664225,44,0.7,98,2024-09-28 14:05:00,2024-09-28 14:05:00,13.788094585163321,52.4709673638212,171.0,case2,DOM03,32.25202268657176
1,104,130.72359785552797,162.10255504495848,442,0.7,99,2024-09-28 14:05:00,2024-09-28 14:05:00,14.460512775224792,52.50361798927764,1259.0,case2,DOM03,237.45787463388217
1,105,125.31460475449998,79.8686472796841,27,0.7,100,2024-09-28 14:05:00,2024-09-28 14:05:00,14.049343236398421,52.4765730237725,108.0,case2,DOM03,20.36969853888743
1,106,131.0786799592801,60.27522486685563,27,0.7,101,2024-09-28 14:05:00,2024-09-28 14:05:00,13.951376124334278,52.505393399796404,206.0,case2,DOM03,38.853313879729725
1,107,136.73169332685146,78.66668868642087,26,0.7,102,2024-09-28 14:05:00,2024-09-28 14:05:00,14.043333443432104,52.53365846663426,192.0,case2,DOM03,36.21279740246654
2,7,20.252580894696127,57.19505892647591,13,0.3,103,2024-09-28 14:10:00,2024-09-28 14:10:00,13.93597529463238,51.95126290447348,0.0,case2,DOM03,0.0
2,8,28.57547770586122,95.7899703018747,52,0.3,104,2024-09-28 14:10:00,2024-09-28 14:10:00,14.128949851509374,51.99287738852931,0.0,case2,DOM03,0.0
2,18,60.935269252342664,0.688235051748705,8,0.3,105,2024-09-28 14:10:00,2024-09-28 14:10:00,13.653441175258743,52.154676346261716,1.0,case2,DOM03,0.18860831980451326
2,21,74.69926963773518,15.669559800869042,50,0.3,106,2024-09-28 14:10:00,2024-09-28 14:10:00,13.728347799004345,52.223496348188675,0.0,case2,DOM03,0.0
2,25,113.77966188989521,94.66145026131623,22,0.3,107,2024-09-28 14:10:00,2024-09-28 14:10:00,14.123307251306581,52.418898309449474,0.0,case2,DOM03,0.0
2,31,0.6960739675452937,66.78367061114605,47,0.5,108,2024-09-28 14:10:00,2024-09-28 14:10:00,13.98391835305573,51.853480369837726,89.0,case2,DOM03,16.78614046260168
2,34,2.2239701389178324,91.97337862403057,6,0.5,109,2024-09-28 14:10:00,2024-09-28 14:10:00,14.109866893120152,51.86111985069459,61.0,case2,DOM03,11.505107508075309
2,41,39.28018780882604,67.65906545443447,31,0.5,110,2024-09-28 14:10:00,2024-09-28 14:10:00,13.988295327272173,52.04640093904413,49.0,case2,DOM03,9.24180767042115
2,43,43.88754816809332,121.5837201192353,46,0.5,111,2024-09-28 14:10:00,2024-09-28 14:10:00,14.257918600596177,52.06943774084046,88.0,case2,DOM03,16.597532142797164
2,44,45.30800453669386,95.83699480555664,7,0.5,112,2024-09-28 14:10:00,2024-09-28 14:10:00,14.129184974027783,52.076540022683474,19.0,case2,DOM03,3.5835580762857515
2,49,50.438796365861734,150.51659144667812,6,0.5,113,2024-09-28 14:10:00,2024-09-28 14:10:00,14.40258295723339,52.10219398182931,39.0,case2,DOM03,7.355724472376017
2,50,58.087578201666695,23.708831149971893,47,0.5,114,2024-09-28 14:10:00,2024-09-28 14:10:00,13.76854415574986,52.14043789100833,108.0,case2,DOM03,20.36969853888743
2,51,61.92187491931761,134.04177863230828,7,0.5,115,2024-09-28 14:10:00,2024-09-28 14:10:00,14.320208893161542,52.159609374596585,38.0,case2,DOM03,7.167116152571503
2,52,72.18231985111856,137.76312983843596,15,0.5,116,2024-09-28 14:10:00,2024-09-28 14:10:00,14.33881564919218,52.210911599255596,24.0,case2,DOM03,4.526599675308318
2,54,83.2848154751907,171.2536877655044,15,0.5,117,2024-09-28 14:10:00,2024-09-28 14:10:00,14.506268438827522,52.26642407737595,46.0,case2,DOM03,8.67598271100761
2,55,98.00876116571762,13.71691220121933,69,0.5,118,2024-09-28 14:10:00,2024-09-28 14:10:00,13.718584561006097,52.34004380582859,91.0,case2,DOM03,17.163357102210703
2,56,104.57129068401798,68.34289320571837,5,0.5,119,2024-09-28 14:10:00,2024-09-28 14:10:00,13.991714466028592,52.37285645342009,39.0,case2,DOM03,7.355724472376017
2,58,109.55268665907356,75.58667402968473,21,0.5,120,2024-09-28 14:10:00,2024-09-28 14:10:00,14.027933370148423,52.39776343329537,158.0,case2,DOM03,29.800114529113092
2,61,108.75111730465926,179.3194688566083,5,0.5,121,2024-09-28 14:10:00,2024-09-28 14:10:00,14.546597344283041,52.3937555865233,14.0,case2,DOM03,2.6405164772631853
2,64,115.43407426804083,7.530750055735937,38,0.5,122,2024-09-28 14:10:00,2024-09-28 14:10:00,13.68765375027868,52.4271703713402,50.0,case2,DOM03,9.430415990225661
2,70,10.14628164062001,119.93690956098082,22,0.7,123,2024-09-28 14:10:00,2024-09-28 14:10:00,14.249684547804904,51.9007314082031,267.0,case2,DOM03,50.35842138780504
2,71,11.50715571204377,105.13043605440564,31,0.7,124,2024-09-28 14:10:00,2024-09-28 14:10:00,14.175652180272028,51.90753577856022,104.0,case2,DOM03,19.61526525966938
2,73,17.391076724804126,21.07168456761844,32,0.7,125,2024-09-28 14:10:00,2024-09-28 14:10:00,13.755358422838093,51.936955383624024,312.0,case2,DOM03,58.845795779008135
2,74,21.19260559590569,174.26662757425393,10,0.7,126,2024-09-28 14:10:00,2024-09-28 14:10:00,14.52133313787127,51.95596302797953,74.0,case2,DOM03,13.95701566553398
2,75,22.546460625314587,1.299264486094051,11,0.7,127,2024-09-28 14:10:00,2024-09-28 14:10:00,13.65649632243047,51.96273230312657,322.0,case2,DOM03,60.73187897705326
2,76,23.036855469272133,126.07158886471898,20,0.7,128,2024-09-28 14:10:00,2024-09-28 14:10:00,14.280357944323594,51.96518427734637,1.0,case2,DOM03,0.18860831980451326
2,78,24.397818355832136,138.51242911394735,12,0.7,129,2024-09-28 14:10:00,2024-09-28 14:10:00,14.342562145569737,51.97198909177916,925.0,case2,DOM03,174.46269581917474
2,79,25.427094664075558,164.36807366227885,40,0.7,130,2024-09-28 14:10:00,2024-09-28 14:10:00,14.471840368311394,51.97713547332038,390.0,case2,DOM03,73.55724472376018
2,82,27.574379519394103,54.250080495447634,64,0.7,131,2024-09-28 14:10:00,2024-09-28 14:10:00,13.921250402477238,51.987871897596975,337.0,case2,DOM03,63.56100377412096
2,83,28.492116554421862,40.847955561929865,12,0.7,132,2024-09-28 14:10:00,2024-09-28 14:10:00,13.85423977780965,51.99246058277211,91.0,case2,DOM03,17.163357102210703
2,84,30.6711942161806,177.45539193917506,19,0.7,133,2024-09-28 14:10:00,2024-09-28 14:10:00,14.537276959695875,52.00335597108091,102.0,case2,DOM03,19.23804862006035
2,85,31.79191400239639,171.42736648812735,12,0.7,134,2024-09-28 14:10:00,2024-09-28 14:10:00,14.507136832440636,52.00895957001198,77.0,case2,DOM03,14.52284062494752
2,86,34.606343742180535,27.053875846985008,18,0.7,135,2024-09-28 14:10:00,2024-09-28 14:10:00,13.785269379234926,52.023031718710904,146.0,case2,DOM03,27.536814691458932
2,87,40.79615165885958,16.490593854195403,66,0.7,136,2024-09-28 14:10:00,2024-09-28 14:10:00,13.732452969270977,52.053980758294294,351.0,case2,DOM03,66.20152025138415
2,88,54.080741759814806,43.70952833813805,104,0.7,137,2024-09-28 14:10:00,2024-09-28 14:10:00,13.86854764169069,52.120403708799074,386.0,case2,DOM03,72.80281144454212
2,89,52.12105898370796,67.05313197329974,24,0.7,138,2024-09-28 14:10:00,2024-09-28 14:10:00,13.985265659866498,52.11060529491854,291.0,case2,DOM03,54.885021063113356
2,90,65.57856768845096,52.93668762587516,132,0.7,139,2024-09-28 14:10:00,2024-09-28 14:10:00,13.914683438129376,52.177892838442254,466.0,case2,DOM03,87.89147702890317
2,91,71.04866654447727,95.91770092806428,40,0.7,140,2024-09-28 14:10:00,2024-09-28 14:10:00,14.129588504640322,52.20524333272238,122.0,case2,DOM03,23.010215016150617
2,92,71.13812255985393,85.70676530692202,17,0.7,141,2024-09-28 14:10:00,2024-09-28 14:10:00,14.07853382653461,52.205690612799266,128.0,case2,DOM03,24.141864934977697
2,93,85.41446141110201,150.65412019832092,48,0.7,142,2024-09-28 14:10:00,2024-09-28 14:10:00,14.403270600991604,52.27707230705551,265.0,case2,DOM03,49.981204748196014
2,94,91.39347339142726,112.10397556556063,362,0.7,143,2024-09-28 14:10:00,2024-09-28 14:10:00,14.210519877827805,52.30696736695714,1161.0,case2,DOM03,218.9742592930399
2,95,88.01415606264149,162.17302908177228,5,0.7,144,2024-09-28 14:10:00,2024-09-28 14:10:00,14.460865145408862,52.29007078031321,99.0,case2,DOM03,18.67222366064681
2,98,100.71472747803112,165.2306622310685,158,0.7,145,2024-09-28 14:10:00,2024-09-28 14:10:00,14.476153311155342,52.353573637390156,571.0,case2,DOM03,107.69535060837707
2,101,111.71691792745969,152.21188777362954,34,0.7,146,2024-09-28 14:10:00,2024-09-28 14:10:00,14.411059438868149,52.40858458963729,238.0,case2,DOM03,44.888780113474155
2,102,115.3190739971117,162.28555487870835,6,0.7,147,2024-09-28 14:10:00,2024-09-28 14:10:00,14.461427774393542,52.426595369985556,159.0,case2,DOM03,29.988722848917607
2,104,122.2015954907917,36.96186319074904,48,0.7,148,2024-09-28 14:10:00,2024-09-28 14:10:00,13.834809315953747,52.46100797745396,231.0,case2,DOM03,43.56852187484256
2,105,127.96977201457567,164.91770850710535,274,0.7,149,2024-09-28 14:10:00,2024-09-28 14:10:00,14.474588542535527,52.48984886007288,1483.0,case2,DOM03,279.70613827009316
2,106,122.25948298455857,89.1700219857167,27,0.7,150,2024-09-28 14:10:00,2024-09-28 14:10:00,14.095850109928584,52.4612974149228,74.0,case2,DOM03,13.95701566553398
2,107,128.43352918015017,67.96875483490975,13,0.7,151,2024-09-28 14:10:00,2024-09-28 14:10:00,13.989843774174549,52.49216764590075,143.0,case2,DOM03,26.970989732045393
2,109,134.93774067053354,89.29516313894175,54,0.7,152,2024-09-28 14:10:00,2024-09-28 14:10:00,14.09647581569471,52.524688703352666,305.0,case2,DOM03,57.52553754037654
2,110,136.17885595627482,6.581198486913665,8,0.7,153,2024-09-28 14:10:00,2024-09-28 14:10:00,13.682905992434568,52.53089427978137,146.0,case2,DOM03,27.536814691458932
3,9,14.573902370156999,0.5401345100603067,10,0.3,154,2024-09-28 14:15:00,2024-09-28 14:15:00,13.652700672550301,51.922869511850784,0.0,case2,DOM03,0.0
3,12,27.358307908128985,101.6746643530792,67,0.3,155,2024-09-28 14:15:00,2024-09-28 14:15:00,14.158373321765396,51.98679153954065,15.0,case2,DOM03,2.8291247970676987
3,13,29.965372303533545,119.81793851550344,15,0.3,156,2024-09-28 14:15:00,2024-09-28 14:15:00,14.249089692577517,51.99982686151767,0.0,case2,DOM03,0.0
3,16,43.828236250545714,104.28918157677745,27,0.3,157,2024-09-28 14:15:00,2024-09-28 14:15:00,14.171445907883887,52.069141181252725,7.0,case2,DOM03,1.3202582386315926
3,19,44.36118194175665,179.1262280262335,9,0.3,158,2024-09-28 14:15:00,2024-09-28 14:15:00,14.545631140131167,52.071805909708786,0.0,case2,DOM03,0.0
3,24,74.54245752301317,28.581488859192675,7,0.3,159,2024-09-28 14:15:00,2024-09-28 14:15:00,13.792907444295963,52.22271228761507,0.0,case2,DOM03,0.0
3,29,78.85726779653045,28.583171065019776,5,0.3,160,2024-09-28 14:15:00,2024-09-28 14:15:00,13.792915855325099,52.24428633898265,0.0,case2,DOM03,0.0
3,33,102.67406880149757,0.26464621263015536,5,0.3,161,2024-09-28 14:15:00,2024-09-28 14:15:00,13.65132323106315,52.36337034400749,2.0,case2,DOM03,0.3772166396090265
3,38,124.7160546891465,2.9978992395291044,53,0.3,162,2024-09-28 14:15:00,2024-09-28 14:15:00,13.664989496197647,52.473580273445734,11.0,case2,DOM03,2.0746915178496455
3,39,125.397625861386,63.65252731709825,18,0.3,163,2024-09-28 14:15:00,2024-09-28 14:15:00,13.968262636585491,52.47698812930693,6.0,case2,DOM03,1.1316499188270794
3,43,139.97671927961878,47.74429394944767,6,0.3,164,2024-09-28 14:15:00,2024-09-28 14:15:00,13.888721469747239,52.54988359639809,2.0,case2,DOM03,0.3772166396090265
3,46,0.429548311839803,53.854720152074826,7,0.5,165,2024-09-28 14:15:00,2024-09-28 14:15:00,13.919273600760373,51.8521477415592,29.0,case2,DOM03,5.469641274330884
3,49,0.04020888540822429,82.58026220332141,5,0.5,166,2024-09-28 14:15:00,2024-09-28 14:15:00,14.062901311016606,51.850201044427045,20.0,case2,DOM03,3.772166396090265
3,51,0.39545778347770894,106.25676141972237,10,0.5,167,2024-09-28 14:15:00,2024-09-28 14:15:00,14.181283807098612,51.85197728891739,23.0,case2,DOM03,4.337991355503805
3,53,5.271685134716317,155.18938592082995,87,0.5,168,2024-09-28 14:15:00,2024-09-28 14:15:00,14.42594692960415,51.87635842567358,155.0,case2,DOM03,29.234289569699552
3,55,2.552318875357861,29.405192323451516,21,0.5,169,2024-09-28 14:15:00,2024-09-28 14:15:00,13.797025961617258,51.86276159437679,101.0,case2,DOM03,19.04944030025584
3,56,1.9834706481073943,172.57729457801497,5,0.5,170,2024-09-28 14:15:00,2024-09-28 14:15:00,14.512886472890075,51.85991735324053,30.0,case2,DOM03,5.658249594135397
3,57,5.106293926497265,163.7258596150871,30,0.5,171,2024-09-28 14:15:00,2024-09-28 14:15:00,14.468629298075436,51.875531469632485,55.0,case2,DOM03,10.373457589248229
3,60,4.246405202937652,10.680432746716985,7,0.5,172,2024-09-28 14:15:00,2024-09-28 14:15:00,13.703402163733585,51.87123202601469,64.0,case2,DOM03,12.070932467488849
3,67,31.120325560057818,137.14465264596225,12,0.5,173,2024-09-28 14:15:00,2024-09-28 14:15:00,14.335723263229813,52.00560162780029,24.0,case2,DOM03,4.526599675308318
3,69,36.42312984470772,51.90514877915546,8,0.5,174,2024-09-28 14:15:00,2024-09-28 14:15:00,13.909525743895777,52.032115649223535,28.0,case2,DOM03,5.281032954526371
3,71,42.26870423672736,129.42577877017007,44,0.5,175,2024-09-28 14:15:00,2024-09-28 14:15:00,14.29712889385085,52.06134352118364,58.0,case2,DOM03,10.939282548661769
3,74,48.62582219860476,158.47252860884075,5,0.5,176,2024-09-28 14:15:00,2024-09-28 14:15:00,14.442362643044204,52.093129110993026,60.0,case2,DOM03,11.316499188270795
3,76,60.52103097135124,143.43851604435838,7,0.5,177,2024-09-28 14:15:00,2024-09-28 14:15:00,14.367192580221792,52.15260515485676,9.0,case2,DOM03,1.6974748782406193
3,77,61.39482543491852,154.61003877506815,7,0.5,178,2024-09-28 14:15:00,2024-09-28 14:15:00,14.42305019387534,52.15697412717459,29.0,case2,DOM03,5.469641274330884
3,79,70.47246150848632,147.19878127195435,21,0.5,179,2024-09-28 14:15:00,2024-09-28 14:15:00,14.385993906359772,52.20236230754243,30.0,case2,DOM03,5.658249594135397
3,80,71.70791421903918,157.8671995100739,7,0.5,180,2024-09-28 14:15:00,2024-09-28 14:15:00,14.43933599755037,52.208539571095194,16.0,case2,DOM03,3.017733116872212
3,83,95.78391538555627,23.36539429428723,34,0.5,181,2024-09-28 14:15:00,2024-09-28 14:15:00,13.766826971471437,52.32891957692778,51.0,case2,DOM03,9.619024310030175
3,85,97.6474745397508,6.563641635661275,44,0.5,182,2024-09-28 14:15:00,2024-09-28 14:15:00,13.682818208178306,52.33823737269876,48.0,case2,DOM03,9.053199350616635
3,87,111.54628809624316,89.73263626215874,47,0.5,183,2024-09-28 14:15:00,2024-09-28 14:15:00,14.098663181310794,52.407731440481214,143.0,case2,DOM03,26.970989732045393
3,89,115.53954058718796,3.5217618301822418,29,0.5,184,2024-09-28 14:15:00,2024-09-28 14:15:00,13.667608809150911,52.42769770293594,31.0,case2,DOM03,5.846857913939911
3,91,116.92946903656741,148.96062213570423,9,0.5,185,2024-09-28 14:15:00,2024-09-28 14:15:00,14.39480311067852,52.43464734518284,15.0,case2,DOM03,2.8291247970676987
3,97,139.860304362379,79.23216334223972,17,0.5,186,2024-09-28 14:15:00,2024-09-28 14:15:00,14.046160816711199,52.54930152181189,64.0,case2,DOM03,12.070932467488849
3,99,7.9598279221683645,128.81841362924374,15,0.7,187,2024-09-28 14:15:00,2024-09-28 14:15:00,14.294092068146218,51.889799139610844,242.0,case2,DOM03,45.64321339269221
3,102,10.418800974154962,112.09446270588427,6,0.7,188,2024-09-28 14:15:00,2024-09-28 14:15:00,14.210472313529422,51.902094004870776,144.0,case2,DOM03,27.15959805184991
3,105,15.511353353705696,30.68822168922477,23,0.7,189,2024-09-28 14:15:00,2024-09-28 14:15:00,13.803441108446124,51.927556766768525,535.0,case2,DOM03,100.90545109541458
3,106,20.270467762845858,134.7685990686319,16,0.7,190,2024-09-28 14:15:00,2024-09-28 14:15:00,14.323842995343158,51.95135233881423,152.0,case2,DOM03,28.668464610286012
3,109,21.577477613227003,145.66945735331717,18,0.7,191,2024-09-28 14:15:00,2024-09-28 14:15:00,14.378347286766587,51.95788738806613,105.0,case2,DOM03,19.80387357947389
3,111,22.771142275003953,151.45469054373734,7,0.7,192,2024-09-28 14:15:00,2024-09-28 14:15:00,14.407273452718686,51.963855711375025,223.0,case2,DOM03,42.05965531640645
3,112,24.13169068970792,172.0942496267642,29,0.7,193,2024-09-28 14:15:00,2024-09-28 14:15:00,14.51047124813382,51.970658453448536,411.0,case2,DOM03,77.51801943965495
3,113,26.710139135848085,63.29159478957288,75,0.7,194,2024-09-28 14:15:00,2024-09-28 14:15:00,13.966457973947865,51.98355069567924,438.0,case2,DOM03,82.6104440743768
3,114,27.18329804813925,49.33082959393568,26,0.7,195,2024-09-28 14:15:00,2024-09-28 14:15:00,13.896654147969679,51.9859164902407,83.0,case2,DOM03,15.6544905437746
3,115,26.31613255698083,130.5358996245136,5,0.7,196,2024-09-28 14:15:00,2024-09-28 14:15:00,14.302679498122568,51.9815806627849,62.0,case2,DOM03,11.693715827879823
3,116,26.470416281202912,179.17144215931106,6,0.7,197,2024-09-28 14:15:00,2024-09-28 14:15:00,14.545857210796555,51.98235208140601,1.0,case2,DOM03,0.18860831980451326
3,119,33.51958613793054,35.279411738001016,32,0.7,198,2024-09-28 14:15:00,2024-09-28 14:15:00,13.826397058690004,52.017597930689654,431.0,case2,DOM03,81.29018583574522
3,120,38.6380182103956,75.19407955935792,7,0.7,199,2024-09-28 14:15:00,2024-09-28 14:15:00,14.02597039779679,52.043190091051976,74.0,case2,DOM03,13.95701566553398
3,121,39.70771684212674,20.250537815185936,10,0.7,200,2024-09-28 14:15:00,2024-09-28 14:15:00,13.75125268907593,52.04853858421063,161.0,case2,DOM03,30.36593948852663
3,122,51.37122796771719,53.81045698242177,84,0.7,201,2024-09-28 14:15:00,2024-09-28 14:15:00,13.919052284912109,52.106856139838584,526.0,case2,DOM03,99.20797621717396
3,123,51.17992897159796,75.01288850286689,44,0.7,202,2024-09-28 14:15:00,2024-09-28 14:15:00,14.025064442514335,52.105899644857985,203.0,case2,DOM03,38.28748892031619
3,124,63.7640779765552,60.35246499126314,104,0.7,203,2024-09-28 14:15:00,2024-09-28 14:15:00,13.951762324956315,52.168820389882775,374.0,case2,DOM03,70.53951160688796
3,125,67.83814033210929,93.67264159373215,14,0.7,204,2024-09-28 14:15:00,2024-09-28 14:15:00,14.11836320796866,52.18919070166054,108.0,case2,DOM03,20.36969853888743
3,126,68.90579920354129,68.57730909685107,15,0.7,205,2024-09-28 14:15:00,2024-09-28 14:15:00,13.992886545484255,52.19452899601771,287.0,case2,DOM03,54.1305877838953
3,128,69.93631519539699,105.31607951678022,58,0.7,206,2024-09-28 14:15:00,2024-09-28 14:15:00,14.176580397583901,52.19968157597699,157.0,case2,DOM03,29.61150620930858
3,130,83.21935528328078,157.32425860541827,30,0.7,207,2024-09-28 14:15:00,2024-09-28 14:15:00,14.436621293027091,52.266096776416404,284.0,case2,DOM03,53.56476282448176
3,132,90.9990255820136,120.74513917632477,328,0.7,208,2024-09-28 14:15:00,2024-09-28 14:15:00,14.253725695881624,52.30499512791007,1110.0,case2,DOM03,209.3552349830097
3,133,87.31994026723511,97.32678552515615,11,0.7,209,2024-09-28 14:15:00,2024-09-28 14:15:00,14.13663392762578,52.28659970133617,38.0,case2,DOM03,7.167116152571503
3,134,88.18277923364528,146.33923568696645,8,0.7,210,2024-09-28 14:15:00,2024-09-28 14:15:00,14.381696178434833,52.29091389616823,106.0,case2,DOM03,19.992481899278403
3,136,100.24554363736526,172.06204126508098,171,0.7,211,2024-09-28 14:15:00,2024-09-28 14:15:00,14.510310206325405,52.35122771818683,730.0,case2,DOM03,137.68407345729466
3,139,110.08225204894894,161.44880029257456,5,0.7,212,2024-09-28 14:15:00,2024-09-28 14:15:00,14.457244001462874,52.400411260244745,108.0,case2,DOM03,20.36969853888743
3,140,113.35790748938115,16.27268860444134,7,0.7,213,2024-09-28 14:15:00,2024-09-28 14:15:00,13.731363443022207,52.4167895374469,46.0,case2,DOM03,8.67598271100761
3,146,116.77512510853599,51.60954380179805,16,0.7,214,2024-09-28 14:15:00,2024-09-28 14:15:00,13.90804771900899,52.43387562554268,111.0,case2,DOM03,20.93552349830097
3,148,123.04700808056941,45.538813747566984,43,0.7,215,2024-09-28 14:15:00,2024-09-28 14:15:00,13.877694068737835,52.46523504040285,194.0,case2,DOM03,36.590014042075566
3,149,120.04580670980542,97.87989032060152,24,0.7,216,2024-09-28 14:15:00,2024-09-28 14:15:00,14.139399451603008,52.45022903354903,78.0,case2,DOM03,14.711448944752034
3,150,124.32472542314406,169.67321697203022,167,0.7,217,2024-09-28 14:15:00,2024-09-28 14:15:00,14.498366084860152,52.47162362711572,1370.0,case2,DOM03,258.3933981321831
3,153,133.09666760904412,101.00684816041858,63,0.7,218,2024-09-28 14:15:00,2024-09-28 14:15:00,14.155034240802092,52.51548333804522,420.0,case2,DOM03,79.21549431789556
3,154,133.5959915057438,18.250026710589463,9,0.7,219,2024-09-28 14:15:00,2024-09-28 14:15:00,13.741250133552947,52.51797995752872,193.0,case2,DOM03,36.40140572227106
3,156,136.19813186683882,5.79732295576662,9,0.7,220,2024-09-28 14:15:00,2024-09-28 14:15:00,13.678986614778832,52.53099065933419,78.0,case2,DOM03,14.711448944752034
4,4,0.060651712449102835,98.5717191273675,8,0.3,221,2024-09-28 14:20:00,2024-09-28 14:20:00,14.142858595636838,51.85030325856225,1.0,case2,DOM03,0.18860831980451326
4,8,27.658587300792238,115.24302145204787,195,0.3,222,2024-09-28 14:20:00,2024-09-28 14:20:00,14.22621510726024,51.98829293650396,0.0,case2,DOM03,0.0
4,9,28.882481817104605,100.8473345269789,9,0.3,223,2024-09-28 14:20:00,2024-09-28 14:20:00,14.154236672634894,51.99441240908552,0.0,case2,DOM03,0.0
4,12,47.46363489803173,158.92688775166076,144,0.3,224,2024-09-28 14:20:00,2024-09-28 14:20:00,14.444634438758303,52.08731817449016,38.0,case2,DOM03,7.167116152571503
4,17,66.41758700329059,39.25895029995619,7,0.3,225,2024-09-28 14:20:00,2024-09-28 14:20:00,13.846294751499782,52.182087935016455,0.0,case2,DOM03,0.0
4,18,68.2121662635342,44.6275190601136,6,0.3,226,2024-09-28 14:20:00,2024-09-28 14:20:00,13.873137595300568,52.19106083131767,0.0,case2,DOM03,0.0
4,19,77.82890950688885,1.0626921979357598,20,0.3,227,2024-09-28 14:20:00,2024-09-28 14:20:00,13.655313460989678,52.239144547534444,8.0,case2,DOM03,1.508866558436106
4,20,79.31783473241919,42.632186821376834,43,0.3,228,2024-09-28 14:20:00,2024-09-28 14:20:00,13.863160934106885,52.246589173662095,0.0,case2,DOM03,0.0
4,23,80.83278603115573,86.26999426641794,10,0.3,229,2024-09-28 14:20:00,2024-09-28 14:20:00,14.08134997133209,52.254163930155784,0.0,case2,DOM03,0.0
4,24,84.59751750070912,92.84753247125185,29,0.3,230,2024-09-28 14:20:00,2024-09-28 14:20:00,14.11423766235626,52.27298758750354,5.0,case2,DOM03,0.9430415990225662
4,25,90.22217169560575,1.0728750899141823,18,0.3,231,2024-09-28 14:20:00,2024-09-28 14:20:00,13.65536437544957,52.301110858478026,10.0,case2,DOM03,1.8860831980451325
4,29,122.52003367622417,74.0176588694353,17,0.3,232,2024-09-28 14:20:00,2024-09-28 14:20:00,14.020088294347175,52.46260016838112,0.0,case2,DOM03,0.0
4,31,1.9516877597748294,3.336836220448654,28,0.5,233,2024-09-28 14:20:00,2024-09-28 14:20:00,13.666684181102244,51.85975843879887,49.0,case2,DOM03,9.24180767042115
4,32,0.843093607200126,18.04596031032469,6,0.5,234,2024-09-28 14:20:00,2024-09-28 14:20:00,13.740229801551624,51.854215468035996,26.0,case2,DOM03,4.903816314917345
4,33,0.5079370005668541,31.692495244786173,24,0.5,235,2024-09-28 14:20:00,2024-09-28 14:20:00,13.808462476223932,51.85253968500283,69.0,case2,DOM03,13.013974066511413
4,37,3.0809945773324934,165.33530795296508,112,0.5,236,2024-09-28 14:20:00,2024-09-28 14:20:00,14.476676539764826,51.865404972886665,190.0,case2,DOM03,35.83558076285752
4,40,11.038463483970768,177.5836211839489,58,0.5,237,2024-09-28 14:20:00,2024-09-28 14:20:00,14.537918105919745,51.90519231741985,102.0,case2,DOM03,19.23804862006035
4,45,25.045109587322383,137.82908345413642,26,0.5,238,2024-09-28 14:20:00,2024-09-28 14:20:00,14.339145417270682,51.97522554793661,34.0,case2,DOM03,6.41268287335345
4,48,40.55573521985635,136.30238011360825,31,0.5,239,2024-09-28 14:20:00,2024-09-28 14:20:00,14.331511900568042,52.05277867609928,55.0,case2,DOM03,10.373457589248229
4,51,54.26336070458006,33.14316327803686,43,0.5,240,2024-09-28 14:20:00,2024-09-28 14:20:00,13.815715816390185,52.1213168035229,114.0,case2,DOM03,21.50134845771451
4,55,59.26303581853626,159.40687581587588,39,0.5,241,2024-09-28 14:20:00,2024-09-28 14:20:00,14.44703437907938,52.14631517909268,0.0,case2,DOM03,0.0
4,59,67.73294887587484,130.77374594721454,10,0.5,242,2024-09-28 14:20:00,2024-09-28 14:20:00,14.303868729736072,52.18866474437937,29.0,case2,DOM03,5.469641274330884
4,60,69.2859149914727,156.35462595586688,33,0.5,243,2024-09-28 14:20:00,2024-09-28 14:20:00,14.431773129779334,52.196429574957364,41.0,case2,DOM03,7.732941111985043
4,61,69.09383371327698,142.39279127469084,13,0.5,244,2024-09-28 14:20:00,2024-09-28 14:20:00,14.361963956373454,52.19546916856638,32.0,case2,DOM03,6.035466233744424
4,62,70.00981958234894,166.58759763959557,15,0.5,245,2024-09-28 14:20:00,2024-09-28 14:20:00,14.482937988197978,52.200049097911744,25.0,case2,DOM03,4.715207995112831
4,66,93.79738350915719,31.813549099525243,22,0.5,246,2024-09-28 14:20:00,2024-09-28 14:20:00,13.809067745497627,52.318986917545786,41.0,case2,DOM03,7.732941111985043
4,71,110.91353936692747,98.76335740747268,31,0.5,247,2024-09-28 14:20:00,2024-09-28 14:20:00,14.143816787037363,52.40456769683464,108.0,case2,DOM03,20.36969853888743
4,81,5.939961521538448,137.6431512495304,21,0.7,248,2024-09-28 14:20:00,2024-09-28 14:20:00,14.338215756247653,51.87969980760769,286.0,case2,DOM03,53.941979464090785
4,84,14.181042787951487,38.92417933470365,12,0.7,249,2024-09-28 14:20:00,2024-09-28 14:20:00,13.844620896673518,51.92090521393976,512.0,case2,DOM03,96.56745973991079
4,85,18.698621050015856,142.68963277800816,15,0.7,250,2024-09-28 14:20:00,2024-09-28 14:20:00,14.363448163890041,51.94349310525008,221.0,case2,DOM03,41.682438676797425
4,86,20.115988364522032,155.03730339984787,12,0.7,251,2024-09-28 14:20:00,2024-09-28 14:20:00,14.42518651699924,51.95057994182261,392.0,case2,DOM03,73.9344613633692
4,87,20.933834175898266,161.66010604298555,10,0.7,252,2024-09-28 14:20:00,2024-09-28 14:20:00,14.458300530214927,51.95466917087949,1.0,case2,DOM03,0.18860831980451326
4,88,25.321710951637005,65.42408405661466,98,0.7,253,2024-09-28 14:20:00,2024-09-28 14:20:00,13.977120420283073,51.97660855475819,623.0,case2,DOM03,117.50298323821175
4,91,32.753687350367436,44.119712332740576,56,0.7,254,2024-09-28 14:20:00,2024-09-28 14:20:00,13.870598561663702,52.01376843675184,577.0,case2,DOM03,108.82700052720413
4,96,36.754615583755466,84.06326092873992,29,0.7,255,2024-09-28 14:20:00,2024-09-28 14:20:00,14.0703163046437,52.033773077918774,81.0,case2,DOM03,15.277273904165574
4,97,49.69809670247445,63.577816510840734,72,0.7,256,2024-09-28 14:20:00,2024-09-28 14:20:00,13.967889082554205,52.09849048351237,495.0,case2,DOM03,93.36111830323405
4,98,49.81923730211062,82.53160955657233,56,0.7,257,2024-09-28 14:20:00,2024-09-28 14:20:00,14.062658047782861,52.09909618651056,248.0,case2,DOM03,46.77486331151929
4,100,59.77668986025168,70.14330767515484,45,0.7,258,2024-09-28 14:20:00,2024-09-28 14:20:00,14.000716538375775,52.14888344930126,176.0,case2,DOM03,33.19506428559433
4,101,67.4490508578224,71.19750683390926,71,0.7,259,2024-09-28 14:20:00,2024-09-28 14:20:00,14.005987534169547,52.18724525428911,426.0,case2,DOM03,80.34714423672264
4,102,67.60298501694474,111.54213021282182,85,0.7,260,2024-09-28 14:20:00,2024-09-28 14:20:00,14.20771065106411,52.18801492508472,555.0,case2,DOM03,104.67761749150485
4,106,76.49994892983014,170.86214606845735,17,0.7,261,2024-09-28 14:20:00,2024-09-28 14:20:00,14.504310730342288,52.23249974464915,69.0,case2,DOM03,13.013974066511413
4,108,83.47006342379592,166.84248174858496,18,0.7,262,2024-09-28 14:20:00,2024-09-28 14:20:00,14.484212408742925,52.26735031711898,188.0,case2,DOM03,35.45836412324849
4,109,89.14865254712058,125.36986163422597,87,0.7,263,2024-09-28 14:20:00,2024-09-28 14:20:00,14.27684930817113,52.295743262735606,408.0,case2,DOM03,76.9521944802414
4,110,86.01187349084405,107.0563652464849,7,0.7,264,2024-09-28 14:20:00,2024-09-28 14:20:00,14.185281826232425,52.28005936745422,42.0,case2,DOM03,7.921549431789557
4,111,91.34177904207986,142.16585895528766,122,0.7,265,2024-09-28 14:20:00,2024-09-28 14:20:00,14.360829294776439,52.3067088952104,493.0,case2,DOM03,92.98390166362503
4,112,88.66700784877096,114.78848506208863,35,0.7,266,2024-09-28 14:20:00,2024-09-28 14:20:00,14.223942425310444,52.29333503924386,182.0,case2,DOM03,34.32671420442141
4,114,99.09218981590766,177.49413512785654,75,0.7,267,2024-09-28 14:20:00,2024-09-28 14:20:00,14.537470675639284,52.34546094907954,1051.0,case2,DOM03,198.2273441145434
4,116,95.80786638497639,14.851105481500257,5,0.7,268,2024-09-28 14:20:00,2024-09-28 14:20:00,13.7242555274075,52.32903933192488,46.0,case2,DOM03,8.67598271100761
4,117,95.80623238469921,127.21278220301146,8,0.7,269,2024-09-28 14:20:00,2024-09-28 14:20:00,14.286063911015058,52.329031161923496,63.0,case2,DOM03,11.882324147684335
4,119,97.2175044092763,0.39959021773113795,5,0.7,270,2024-09-28 14:20:00,2024-09-28 14:20:00,13.651997951088656,52.336087522046384,132.0,case2,DOM03,24.896298214195745
4,125,111.71352653056364,25.590084266454774,16,0.7,271,2024-09-28 14:20:00,2024-09-28 14:20:00,13.777950421332273,52.40856763265282,55.0,case2,DOM03,10.373457589248229
4,126,114.19511203005271,11.78114723032663,13,0.7,272,2024-09-28 14:20:00,2024-09-28 14:20:00,13.708905736151634,52.42097556015027,32.0,case2,DOM03,6.035466233744424
4,128,117.38165135989799,107.35286502779049,7,0.7,273,2024-09-28 14:20:00,2024-09-28 14:20:00,14.186764325138952,52.43690825679949,116.0,case2,DOM03,21.878565097323538
4,129,121.62129014751605,53.17383310702893,26,0.7,274,2024-09-28 14:20:00,2024-09-28 14:20:00,13.915869165535145,52.45810645073758,142.0,case2,DOM03,26.78238141224088
4,130,121.6341789833497,177.19446606140207,68,0.7,275,2024-09-28 14:20:00,2024-09-28 14:20:00,14.535972330307011,52.45817089491675,768.0,case2,DOM03,144.85118960986617
4,132,124.85959401110941,61.03846957976165,16,0.7,276,2024-09-28 14:20:00,2024-09-28 14:20:00,13.955192347898809,52.474297970055545,198.0,case2,DOM03,37.34444732129362
4,133,130.14294262965242,112.92219778604783,56,0.7,277,2024-09-28 14:20:00,2024-09-28 14:20:00,14.21461098893024,52.50071471314826,566.0,case2,DOM03,106.7523090093545
4,134,133.38276385131945,25.66016864740291,10,0.7,278,2024-09-28 14:20:00,2024-09-28 14:20:00,13.778300843237014,52.5169138192566,198.0,case2,DOM03,37.34444732129362
4,135,134.36020292560863,1.7978889411363166,27,0.7,279,2024-09-28 14:20:00,2024-09-28 14:20:00,13.658989444705682,52.521801014628046,87.0,case2,DOM03,16.40892382299265
4,136,135.41472751194956,13.355419887114817,5,0.7,280,2024-09-28 14:20:00,2024-09-28 14:20:00,13.716777099435575,52.527073637559745,72.0,case2,DOM03,13.579799025924954
4,137,139.61241862263466,27.655321953835358,12,0.7,281,2024-09-28 14:20:00,2024-09-28 14:20:00,13.788276609769177,52.548062093113174,38.0,case2,DOM03,7.167116152571503
4,138,139.68250746940396,56.14970242069564,13,0.7,282,2024-09-28 14:20:00,2024-09-28 14:20:00,13.930748512103477,52.54841253734702,44.0,case2,DOM03,8.298766071398582
5,11,45.01608364515391,166.330919925651,118,0.3,283,2024-09-28 14:25:00,2024-09-28 14:25:00,14.481654599628255,52.075080418225774,17.0,case2,DOM03,3.206341436676725
5,18,80.0062749245298,53.08404086610962,48,0.3,284,2024-09-28 14:25:00,2024-09-28 14:25:00,13.915420204330548,52.25003137462265,0.0,case2,DOM03,0.0
5,21,82.98388928037872,102.1148201541767,18,0.3,285,2024-09-28 14:25:00,2024-09-28 14:25:00,14.160574100770884,52.2649194464019,6.0,case2,DOM03,1.1316499188270794
5,24,119.18013893775374,85.57662412908455,11,0.3,286,2024-09-28 14:25:00,2024-09-28 14:25:00,14.077883120645422,52.44590069468877,3.0,case2,DOM03,0.5658249594135397
5,26,139.03173273893822,0.4456008054762046,9,0.3,287,2024-09-28 14:25:00,2024-09-28 14:25:00,13.65222800402738,52.54515866369469,3.0,case2,DOM03,0.5658249594135397
5,28,0.4947392631338086,6.866424324161647,38,0.5,288,2024-09-28 14:25:00,2024-09-28 14:25:00,13.684332121620809,51.85247369631567,75.0,case2,DOM03,14.145623985338494
5,30,6.017128653075164,172.5743464825258,112,0.5,289,2024-09-28 14:25:00,2024-09-28 14:25:00,14.512871732412629,51.88008564326538,167.0,case2,DOM03,31.49758940735371
5,31,0.44241865283090875,178.9475479996002,5,0.5,290,2024-09-28 14:25:00,2024-09-28 14:25:00,14.544737739998,51.85221209326416,13.0,case2,DOM03,2.4519081574586723
5,33,15.498100310036392,32.37731882500421,87,0.5,291,2024-09-28 14:25:00,2024-09-28 14:25:00,13.81188659412502,51.92749050155018,179.0,case2,DOM03,33.760889245007874
5,37,26.169943522386856,37.00419995445838,36,0.5,292,2024-09-28 14:25:00,2024-09-28 14:25:00,13.835020999772293,51.98084971761193,87.0,case2,DOM03,16.40892382299265
5,38,24.31029647995216,146.21633027897485,24,0.5,293,2024-09-28 14:25:00,2024-09-28 14:25:00,14.381081651394874,51.97155148239976,32.0,case2,DOM03,6.035466233744424
5,41,27.35065644556958,118.97114504682854,10,0.5,294,2024-09-28 14:25:00,2024-09-28 14:25:00,14.244855725234142,51.986753282227845,70.0,case2,DOM03,13.202582386315926
5,42,30.11829684412626,126.55217578183992,21,0.5,295,2024-09-28 14:25:00,2024-09-28 14:25:00,14.2827608789092,52.000591484220635,52.0,case2,DOM03,9.80763262983469
5,44,38.50998425515087,143.3643827131238,13,0.5,296,2024-09-28 14:25:00,2024-09-28 14:25:00,14.36682191356562,52.04254992127576,34.0,case2,DOM03,6.41268287335345
5,46,53.87784406701962,41.243983707231,55,0.5,297,2024-09-28 14:25:00,2024-09-28 14:25:00,13.856219918536155,52.119389220335094,105.0,case2,DOM03,19.80387357947389
5,47,57.113598687776296,170.61212083284687,60,0.5,298,2024-09-28 14:25:00,2024-09-28 14:25:00,14.503060604164235,52.13556799343888,0.0,case2,DOM03,0.0
5,48,56.85924548265585,156.94038876894842,7,0.5,299,2024-09-28 14:25:00,2024-09-28 14:25:00,14.434701943844743,52.13429622741328,13.0,case2,DOM03,2.4519081574586723
5,49,66.61339908558647,1.6324886806917238,32,0.5,300,2024-09-28 14:25:00,2024-09-28 14:25:00,13.658162443403459,52.183066995427936,45.0,case2,DOM03,8.487374391203096
5,51,91.85232844460386,39.43637980071651,19,0.5,301,2024-09-28 14:25:00,2024-09-28 14:25:00,13.847181899003584,52.30926164222302,27.0,case2,DOM03,5.092424634721858
5,52,104.17673578715215,125.91542664797088,25,0.5,302,2024-09-28 14:25:00,2024-09-28 14:25:00,14.279577133239854,52.37088367893576,61.0,case2,DOM03,11.505107508075309
5,57,108.54318143086718,106.02285624488015,6,0.5,303,2024-09-28 14:25:00,2024-09-28 14:25:00,14.1801142812244,52.39271590715434,75.0,case2,DOM03,14.145623985338494
5,61,115.49830042894693,6.532279411613421,10,0.5,304,2024-09-28 14:25:00,2024-09-28 14:25:00,13.682661397058068,52.42749150214473,23.0,case2,DOM03,4.337991355503805
5,66,134.89611837602644,103.16685598919148,7,0.5,305,2024-09-28 14:25:00,2024-09-28 14:25:00,14.165834279945958,52.524480591880135,44.0,case2,DOM03,8.298766071398582
5,68,136.53939309731683,89.03791408753156,81,0.5,306,2024-09-28 14:25:00,2024-09-28 14:25:00,14.095189570437658,52.532696965486586,102.0,case2,DOM03,19.23804862006035
5,70,3.53244003203492,147.47618857784568,21,0.7,307,2024-09-28 14:25:00,2024-09-28 14:25:00,14.387380942889228,51.867662200160176,158.0,case2,DOM03,29.800114529113092
5,71,3.738182172512818,136.51282528700105,7,0.7,308,2024-09-28 14:25:00,2024-09-28 14:25:00,14.332564126435006,51.86869091086256,103.0,case2,DOM03,19.426656939864863
5,72,9.189581334327386,53.15672517479304,40,0.7,309,2024-09-28 14:25:00,2024-09-28 14:25:00,13.915783625873965,51.89594790667164,164.0,case2,DOM03,30.93176444794017
5,73,13.966159167398766,5.272540117696231,7,0.7,310,2024-09-28 14:25:00,2024-09-28 14:25:00,13.676362700588482,51.919830795836994,38.0,case2,DOM03,7.167116152571503
5,74,17.456415216016666,152.09685042566397,9,0.7,311,2024-09-28 14:25:00,2024-09-28 14:25:00,14.41048425212832,51.93728207608008,497.0,case2,DOM03,93.73833494284308
5,77,22.454060054010533,84.05817042779788,45,0.7,312,2024-09-28 14:25:00,2024-09-28 14:25:00,14.07029085213899,51.962270300270056,179.0,case2,DOM03,33.760889245007874
5,79,24.571574780844887,67.06325145615209,67,0.7,313,2024-09-28 14:25:00,2024-09-28 14:25:00,13.98531625728076,51.972857873904225,291.0,case2,DOM03,54.885021063113356
5,80,30.367021622639193,55.108789415383384,114,0.7,314,2024-09-28 14:25:00,2024-09-28 14:25:00,13.925543947076918,52.0018351081132,613.0,case2,DOM03,115.61690004016661
5,81,31.391816983580426,82.55043312114927,10,0.7,315,2024-09-28 14:25:00,2024-09-28 14:25:00,14.062752165605746,52.0069590849179,170.0,case2,DOM03,32.06341436676725
5,82,31.61483070716048,65.73576550542789,10,0.7,316,2024-09-28 14:25:00,2024-09-28 14:25:00,13.97867882752714,52.0080741535358,35.0,case2,DOM03,6.601291193157963
5,84,35.12042799618616,93.01257749780964,43,0.7,317,2024-09-28 14:25:00,2024-09-28 14:25:00,14.115062887489048,52.02560213998093,101.0,case2,DOM03,19.04944030025584
5,86,39.37740436096782,77.0912279348732,9,0.7,318,2024-09-28 14:25:00,2024-09-28 14:25:00,14.035456139674366,52.04688702180484,70.0,case2,DOM03,13.202582386315926
5,87,43.81693459700576,74.7449352876372,8,0.7,319,2024-09-28 14:25:00,2024-09-28 14:25:00,14.023724676438187,52.06908467298503,25.0,case2,DOM03,4.715207995112831
5,88,48.78098902912494,90.80884941348222,93,0.7,320,2024-09-28 14:25:00,2024-09-28 14:25:00,14.104044247067412,52.093904945145624,545.0,case2,DOM03,102.79153429345972
5,89,48.99824906144765,70.263084789559,30,0.7,321,2024-09-28 14:25:00,2024-09-28 14:25:00,14.001315423947796,52.094991245307234,238.0,case2,DOM03,44.888780113474155
5,92,58.8952966636457,78.461540105509,16,0.7,322,2024-09-28 14:25:00,2024-09-28 14:25:00,14.042307700527546,52.14447648331823,189.0,case2,DOM03,35.646972443053
5,93,65.89759441956822,120.18743991931653,112,0.7,323,2024-09-28 14:25:00,2024-09-28 14:25:00,14.250937199596583,52.17948797209784,646.0,case2,DOM03,121.84097459371556
5,94,66.39125663795295,78.6484469496141,23,0.7,324,2024-09-28 14:25:00,2024-09-28 14:25:00,14.043242234748071,52.18195628318976,442.0,case2,DOM03,83.36487735359485
5,96,68.04383836215628,164.70048467471213,16,0.7,325,2024-09-28 14:25:00,2024-09-28 14:25:00,14.47350242337356,52.190219191810776,56.0,case2,DOM03,10.562065909052741
5,97,75.15542959412252,179.13684731196093,15,0.7,326,2024-09-28 14:25:00,2024-09-28 14:25:00,14.545684236559804,52.22577714797061,68.0,case2,DOM03,12.8253657467069
5,98,79.38639735923641,1.4552608904136906,26,0.7,327,2024-09-28 14:25:00,2024-09-28 14:25:00,13.657276304452068,52.24693198679618,199.0,case2,DOM03,37.53305564109814
5,102,83.55628384486856,176.3451923618059,28,0.7,328,2024-09-28 14:25:00,2024-09-28 14:25:00,14.531725961809029,52.26778141922434,274.0,case2,DOM03,51.678679626436626
5,104,82.78779882714935,139.3198893473762,6,0.7,329,2024-09-28 14:25:00,2024-09-28 14:25:00,14.346599446736882,52.26393899413575,123.0,case2,DOM03,23.19882333595513
5,106,87.3069797040533,132.05321197737143,15,0.7,330,2024-09-28 14:25:00,2024-09-28 14:25:00,14.310266059886857,52.286534898520266,544.0,case2,DOM03,102.6029259736552
5,107,91.30634743560681,150.44308419147282,79,0.7,331,2024-09-28 14:25:00,2024-09-28 14:25:00,14.402215420957363,52.306531737178034,441.0,case2,DOM03,83.17626903379033
5,108,91.43534470635758,137.92909832050245,15,0.7,332,2024-09-28 14:25:00,2024-09-28 14:25:00,14.339645491602512,52.30717672353179,1.0,case2,DOM03,0.18860831980451326
5,110,99.0154790542494,7.816371554940308,105,0.7,333,2024-09-28 14:25:00,2024-09-28 14:25:00,13.6890818577747,52.34507739527125,417.0,case2,DOM03,78.64966935848202
5,111,94.16345352986575,22.7421764657168,14,0.7,334,2024-09-28 14:25:00,2024-09-28 14:25:00,13.763710882328585,52.32081726764933,54.0,case2,DOM03,10.184849269443715
5,112,101.84801398799964,177.88328444419918,9,0.7,335,2024-09-28 14:25:00,2024-09-28 14:25:00,14.539416422220997,52.35924006994,1272.0,case2,DOM03,239.90978279134086
5,113,110.5191013053345,34.369930621552044,23,0.7,336,2024-09-28 14:25:00,2024-09-28 14:25:00,13.82184965310776,52.40259550652667,83.0,case2,DOM03,15.6544905437746
5,115,113.05008703122333,19.978746244736776,25,0.7,337,2024-09-28 14:25:00,2024-09-28 14:25:00,13.749893731223684,52.41525043515612,62.0,case2,DOM03,11.693715827879823
5,116,112.55628324205733,72.10243274832678,12,0.7,338,2024-09-28 14:25:00,2024-09-28 14:25:00,14.010512163741634,52.41278141621029,149.0,case2,DOM03,28.102639650872472
5,117,120.10969575711698,62.18451055795026,24,0.7,339,2024-09-28 14:25:00,2024-09-28 14:25:00,13.960922552789752,52.450548478785585,127.0,case2,DOM03,23.953256615173185
5,119,125.0623120111422,72.57105052689278,26,0.7,340,2024-09-28 14:25:00,2024-09-28 14:25:00,14.012855252634465,52.475311560055715,124.0,case2,DOM03,23.387431655759645
5,120,125.63730276985555,124.21795509737714,9,0.7,341,2024-09-28 14:25:00,2024-09-28 14:25:00,14.271089775486885,52.47818651384927,366.0,case2,DOM03,69.03064504845185
5,121,127.74430939016963,118.64536291352657,20,0.7,342,2024-09-28 14:25:00,2024-09-28 14:25:00,14.243226814567633,52.48872154695085,222.0,case2,DOM03,41.87104699660194
5,123,132.21480492326967,11.289856760688448,40,0.7,343,2024-09-28 14:25:00,2024-09-28 14:25:00,13.706449283803442,52.51107402461635,307.0,case2,DOM03,57.90275417998557
5,124,129.50337651181275,37.98098360294644,5,0.7,344,2024-09-28 14:25:00,2024-09-28 14:25:00,13.839904918014732,52.49751688255906,90.0,case2,DOM03,16.97474878240619
5,126,138.0498103568034,35.71117381776381,41,0.7,345,2024-09-28 14:25:00,2024-09-28 14:25:00,13.828555869088818,52.540249051784016,209.0,case2,DOM03,39.419138839143265
5,127,137.7516062785057,65.61912717946129,31,0.7,346,2024-09-28 14:25:00,2024-09-28 14:25:00,13.978095635897306,52.538758031392526,91.0,case2,DOM03,17.163357102210703
6,8,18.888940629537167,150.44297395408972,15,0.3,347,2024-09-28 14:30:00,2024-09-28 14:30:00,14.402214869770448,51.94444470314769,5.0,case2,DOM03,0.9430415990225662
6,9,29.446792088886543,120.9759082682361,11,0.3,348,2024-09-28 14:30:00,2024-09-28 14:30:00,14.25487954134118,51.99723396044443,0.0,case2,DOM03,0.0
6,11,40.72938274007852,173.94986258114835,68,0.3,349,2024-09-28 14:30:00,2024-09-28 14:30:00,14.519749312905741,52.05364691370039,0.0,case2,DOM03,0.0
6,14,52.32001771317106,159.23915049973832,6,0.3,350,2024-09-28 14:30:00,2024-09-28 14:30:00,14.446195752498692,52.11160008856586,0.0,case2,DOM03,0.0
6,17,66.1082695162142,63.35838202616412,34,0.3,351,2024-09-28 14:30:00,2024-09-28 14:30:00,13.966791910130821,52.18054134758107,0.0,case2,DOM03,0.0
6,21,79.78923693621067,60.65643682415097,8,0.3,352,2024-09-28 14:30:00,2024-09-28 14:30:00,13.953282184120754,52.24894618468105,0.0,case2,DOM03,0.0
6,22,80.2417685476496,65.14702142199765,6,0.3,353,2024-09-28 14:30:00,2024-09-28 14:30:00,13.975735107109989,52.25120884273825,0.0,case2,DOM03,0.0
6,23,81.72333686392362,116.4345393866129,7,0.3,354,2024-09-28 14:30:00,2024-09-28 14:30:00,14.232172696933064,52.25861668431962,0.0,case2,DOM03,0.0
6,27,116.11325860161364,96.38857392026844,16,0.3,355,2024-09-28 14:30:00,2024-09-28 14:30:00,14.131942869601342,52.43056629300807,3.0,case2,DOM03,0.5658249594135397
6,29,135.95825687251326,9.463956608091877,49,0.3,356,2024-09-28 14:30:00,2024-09-28 14:30:00,13.69731978304046,52.52979128436257,0.0,case2,DOM03,0.0
6,30,138.7600342311199,145.4903862687572,11,0.3,357,2024-09-28 14:30:00,2024-09-28 14:30:00,14.377451931343787,52.5438001711556,2.0,case2,DOM03,0.3772166396090265
6,33,0.26725762165374833,11.148767142295267,13,0.5,358,2024-09-28 14:30:00,2024-09-28 14:30:00,13.705743835711477,51.85133628810827,36.0,case2,DOM03,6.789899512962477
6,42,10.902343364438693,76.66582335995456,41,0.5,359,2024-09-28 14:30:00,2024-09-28 14:30:00,14.033329116799772,51.90451171682219,79.0,case2,DOM03,14.900057264556546
6,44,12.105444553665112,38.19992280709259,19,0.5,360,2024-09-28 14:30:00,2024-09-28 14:30:00,13.840999614035463,51.91052722276832,41.0,case2,DOM03,7.732941111985043
6,50,19.857638935532837,116.77896384822996,8,0.5,361,2024-09-28 14:30:00,2024-09-28 14:30:00,14.233894819241149,51.94928819467766,19.0,case2,DOM03,3.5835580762857515
6,51,22.030534736921226,126.4234418165265,18,0.5,362,2024-09-28 14:30:00,2024-09-28 14:30:00,14.282117209082632,51.960152673684604,32.0,case2,DOM03,6.035466233744424
6,52,24.542856781584973,154.68112912043418,26,0.5,363,2024-09-28 14:30:00,2024-09-28 14:30:00,14.423405645602172,51.972714283907926,43.0,case2,DOM03,8.11015775159407
6,56,28.19038433054385,131.66448994482192,29,0.5,364,2024-09-28 14:30:00,2024-09-28 14:30:00,14.308322449724109,51.99095192165272,77.0,case2,DOM03,14.52284062494752
6,57,35.33626331893658,137.75141871555232,10,0.5,365,2024-09-28 14:30:00,2024-09-28 14:30:00,14.338757093577762,52.02668131659468,41.0,case2,DOM03,7.732941111985043
6,61,53.595928981641954,48.775744041996056,13,0.5,366,2024-09-28 14:30:00,2024-09-28 14:30:00,13.89387872020998,52.11797964490821,58.0,case2,DOM03,10.939282548661769
6,62,54.88374434687599,175.33903796506448,44,0.5,367,2024-09-28 14:30:00,2024-09-28 14:30:00,14.526695189825322,52.12441872173438,53.0,case2,DOM03,9.996240949639201
6,63,54.315246579904745,165.7756979646701,11,0.5,368,2024-09-28 14:30:00,2024-09-28 14:30:00,14.478878489823352,52.12157623289952,16.0,case2,DOM03,3.017733116872212
6,71,91.21153094664135,46.798582995157375,9,0.5,369,2024-09-28 14:30:00,2024-09-28 14:30:00,13.883992914975787,52.30605765473321,13.0,case2,DOM03,2.4519081574586723
6,72,97.3588514427857,138.10491368681195,12,0.5,370,2024-09-28 14:30:00,2024-09-28 14:30:00,14.34052456843406,52.33679425721393,32.0,case2,DOM03,6.035466233744424
6,78,108.44357623874826,90.84410119361124,7,0.5,371,2024-09-28 14:30:00,2024-09-28 14:30:00,14.104220505968057,52.392217881193744,19.0,case2,DOM03,3.5835580762857515
6,91,132.45233371106454,112.75564526798384,10,0.5,372,2024-09-28 14:30:00,2024-09-28 14:30:00,14.213778226339919,52.512261668555325,105.0,case2,DOM03,19.80387357947389
6,93,137.4666366150914,128.22202400676392,15,0.5,373,2024-09-28 14:30:00,2024-09-28 14:30:00,14.29111012003382,52.537333183075454,33.0,case2,DOM03,6.224074553548936
6,95,138.88169590881876,177.98690142622505,11,0.5,374,2024-09-28 14:30:00,2024-09-28 14:30:00,14.539934507131127,52.544408479544096,84.0,case2,DOM03,15.843098863579113
6,96,139.75906072056384,2.16552210312237,11,0.5,375,2024-09-28 14:30:00,2024-09-28 14:30:00,13.660827610515613,52.548795303602816,13.0,case2,DOM03,2.4519081574586723
6,98,1.603267527775454,155.60566274561683,19,0.7,376,2024-09-28 14:30:00,2024-09-28 14:30:00,14.428028313728085,51.85801633763887,72.0,case2,DOM03,13.579799025924954
6,99,3.380033163657261,141.70220352747975,7,0.7,377,2024-09-28 14:30:00,2024-09-28 14:30:00,14.3585110176374,51.866900165818286,102.0,case2,DOM03,19.23804862006035
6,102,6.0073986799463395,63.76898916115671,50,0.7,378,2024-09-28 14:30:00,2024-09-28 14:30:00,13.968844945805785,51.880036993399735,276.0,case2,DOM03,52.05589626604565
6,103,12.838495274295802,14.147718199900316,11,0.7,379,2024-09-28 14:30:00,2024-09-28 14:30:00,13.720738590999503,51.914192476371475,47.0,case2,DOM03,8.864591030812122
6,106,16.689843263213323,164.29508376708156,8,0.7,380,2024-09-28 14:30:00,2024-09-28 14:30:00,14.471475418835409,51.93344921631607,469.0,case2,DOM03,88.45730198831671
6,107,21.127518291122712,93.20402919973559,46,0.7,381,2024-09-28 14:30:00,2024-09-28 14:30:00,14.116020145998679,51.95563759145561,339.0,case2,DOM03,63.93822041372999
6,108,25.799058789753538,68.91205612030629,212,0.7,382,2024-09-28 14:30:00,2024-09-28 14:30:00,13.994560280601531,51.97899529394876,852.0,case2,DOM03,160.69428847344528
6,111,33.40232546575714,101.43677925163767,70,0.7,383,2024-09-28 14:30:00,2024-09-28 14:30:00,14.157183896258188,52.017011627328785,715.0,case2,DOM03,134.85494866022697
6,112,41.020092803187694,84.59607362902454,62,0.7,384,2024-09-28 14:30:00,2024-09-28 14:30:00,14.072980368145123,52.055100464015936,348.0,case2,DOM03,65.6356952919706
6,113,38.53464485874414,77.69781539517328,5,0.7,385,2024-09-28 14:30:00,2024-09-28 14:30:00,14.038489076975868,52.04267322429372,44.0,case2,DOM03,8.298766071398582
6,114,46.79262687479176,98.71975959943997,114,0.7,386,2024-09-28 14:30:00,2024-09-28 14:30:00,14.1435987979972,52.08396313437396,1.0,case2,DOM03,0.18860831980451326
6,115,54.182003969786635,80.34697121848716,11,0.7,387,2024-09-28 14:30:00,2024-09-28 14:30:00,14.051734856092436,52.12091001984893,806.0,case2,DOM03,152.01830576243768
6,117,63.734039813078596,130.4316745156859,96,0.7,388,2024-09-28 14:30:00,2024-09-28 14:30:00,14.302158372578429,52.168670199065396,594.0,case2,DOM03,112.03334196388087
6,118,67.6073376893024,4.296725472085336,46,0.7,389,2024-09-28 14:30:00,2024-09-28 14:30:00,13.671483627360427,52.18803668844651,169.0,case2,DOM03,31.87480604696274
6,120,66.09646873255791,174.14265417612475,20,0.7,390,2024-09-28 14:30:00,2024-09-28 14:30:00,14.520713270880623,52.18048234366279,66.0,case2,DOM03,12.448149107097873
6,124,77.6058096958492,11.1014977131534,23,0.7,391,2024-09-28 14:30:00,2024-09-28 14:30:00,13.705507488565766,52.23802904847925,91.0,case2,DOM03,17.163357102210703
6,125,76.23228993240126,136.91423886225502,8,0.7,392,2024-09-28 14:30:00,2024-09-28 14:30:00,14.334571194311275,52.231161449662004,198.0,case2,DOM03,37.34444732129362
6,126,83.98819881948289,3.810199195507397,65,0.7,393,2024-09-28 14:30:00,2024-09-28 14:30:00,13.669050995977537,52.26994099409742,141.0,case2,DOM03,26.593773092436365
6,129,85.32312205607813,178.61809074448013,6,0.7,394,2024-09-28 14:30:00,2024-09-28 14:30:00,14.543090453722401,52.27661561028039,137.0,case2,DOM03,25.839339813218313
6,130,91.64834753795185,158.94772380346592,43,0.7,395,2024-09-28 14:30:00,2024-09-28 14:30:00,14.444738619017329,52.30824173768976,1715.0,case2,DOM03,323.4632684647402
6,133,92.62406704690127,18.594109934218785,66,0.7,396,2024-09-28 14:30:00,2024-09-28 14:30:00,13.742970549671094,52.31312033523451,220.0,case2,DOM03,41.493830356992916
6,134,91.84916536118669,31.495213808371417,27,0.7,397,2024-09-28 14:30:00,2024-09-28 14:30:00,13.807476069041858,52.309245826805935,82.0,case2,DOM03,15.465882223970086
6,135,91.00528474456638,147.10291993266804,8,0.7,398,2024-09-28 14:30:00,2024-09-28 14:30:00,14.38551459966334,52.30502642372283,135.0,case2,DOM03,25.462123173609285
6,137,102.67127638113665,15.658920899065881,33,0.7,399,2024-09-28 14:30:00,2024-09-28 14:30:00,13.72829460449533,52.36335638190568,495.0,case2,DOM03,93.36111830323405
6,140,107.3484388429998,43.50225267603441,25,0.7,400,2024-09-28 14:30:00,2024-09-28 14:30:00,13.867511263380171,52.386742194214996,113.0,case2,DOM03,21.312740137909998
6,141,111.00630346298152,28.790737081690505,33,0.7,401,2024-09-28 14:30:00,2024-09-28 14:30:00,13.793953685408452,52.40503151731491,149.0,case2,DOM03,28.102639650872472
6,142,111.96543016189163,82.53786548184465,19,0.7,402,2024-09-28 14:30:00,2024-09-28 14:30:00,14.062689327409224,52.409827150809456,151.0,case2,DOM03,28.4798562904815
6,145,119.23398247035969,73.49616068163064,8,0.7,403,2024-09-28 14:30:00,2024-09-28 14:30:00,14.017480803408153,52.4461699123518,165.0,case2,DOM03,31.120372767744687
6,149,125.87785212555612,83.8512904550182,7,0.7,404,2024-09-28 14:30:00,2024-09-28 14:30:00,14.069256452275091,52.47938926062778,102.0,case2,DOM03,19.23804862006035
6,150,127.46404344508647,129.43583137892355,34,0.7,405,2024-09-28 14:30:00,2024-09-28 14:30:00,14.297179156894618,52.48732021722543,604.0,case2,DOM03,113.919425161926
6,151,131.45544144913632,21.880159585660145,46,0.7,406,2024-09-28 14:30:00,2024-09-28 14:30:00,13.7594007979283,52.50727720724568,398.0,case2,DOM03,75.06611128219627
6,153,136.2662483486309,45.09081792205162,48,0.7,407,2024-09-28 14:30:00,2024-09-28 14:30:00,13.875454089610258,52.53133124174315,315.0,case2,DOM03,59.41162073842167
6,154,135.5381481190969,75.77346606276393,39,0.7,408,2024-09-28 14:30:00,2024-09-28 14:30:00,14.028867330313819,52.52769074059548,286.0,case2,DOM03,53.941979464090785
7,7,2.194889716664592,0.5492503097926531,6,0.3,409,2024-09-28 14:35:00,2024-09-28 14:35:00,13.652746251548963,51.86097444858332,0.0,case2,DOM03,0.0
7,10,31.413550699559995,165.96912542641024,5,0.3,410,2024-09-28 14:35:00,2024-09-28 14:35:00,14.479845627132052,52.0070677534978,0.0,case2,DOM03,0.0
7,12,34.52392474884715,175.12324634400767,40,0.3,411,2024-09-28 14:35:00,2024-09-28 14:35:00,14.525616231720038,52.022619623744234,0.0,case2,DOM03,0.0
7,17,59.370066273431455,51.878606070907395,24,0.3,412,2024-09-28 14:35:00,2024-09-28 14:35:00,13.909393030354536,52.14685033136716,0.0,case2,DOM03,0.0
7,18,79.38137862187483,86.03878936368598,5,0.3,413,2024-09-28 14:35:00,2024-09-28 14:35:00,14.08019394681843,52.246906893109376,0.0,case2,DOM03,0.0
7,19,89.5954135909293,57.344598359799356,22,0.3,414,2024-09-28 14:35:00,2024-09-28 14:35:00,13.936722991798996,52.29797706795465,9.0,case2,DOM03,1.6974748782406193
7,20,101.70063663574776,71.51260698231307,15,0.3,415,2024-09-28 14:35:00,2024-09-28 14:35:00,14.007563034911566,52.35850318317874,3.0,case2,DOM03,0.5658249594135397
7,21,113.1812660965214,106.04780556615275,14,0.3,416,2024-09-28 14:35:00,2024-09-28 14:35:00,14.180239027830764,52.415906330482606,5.0,case2,DOM03,0.9430415990225662
7,22,128.9939276397515,5.351552635978894,14,0.3,417,2024-09-28 14:35:00,2024-09-28 14:35:00,13.676757763179895,52.494969638198754,4.0,case2,DOM03,0.754433279218053
7,24,136.62875064714905,158.28043903845727,14,0.3,418,2024-09-28 14:35:00,2024-09-28 14:35:00,14.441402195192286,52.53314375323574,0.0,case2,DOM03,0.0
7,26,0.20238763402389698,17.108075955521574,5,0.5,419,2024-09-28 14:35:00,2024-09-28 14:35:00,13.735540379777607,51.85101193817012,27.0,case2,DOM03,5.092424634721858
7,28,1.104010739468902,31.42539035418316,26,0.5,420,2024-09-28 14:35:00,2024-09-28 14:35:00,13.807126951770917,51.85552005369734,62.0,case2,DOM03,11.693715827879823
7,35,9.818935067422752,87.60872543880703,17,0.5,421,2024-09-28 14:35:00,2024-09-28 14:35:00,14.088043627194036,51.89909467533711,52.0,case2,DOM03,9.80763262983469
7,36,11.601399280860997,124.73263192696675,8,0.5,422,2024-09-28 14:35:00,2024-09-28 14:35:00,14.273663159634834,51.9080069964043,32.0,case2,DOM03,6.035466233744424
7,38,19.961885535467918,134.96990645483146,10,0.5,423,2024-09-28 14:35:00,2024-09-28 14:35:00,14.324849532274156,51.949809427677344,17.0,case2,DOM03,3.206341436676725
7,39,19.091890971704984,150.49232553962108,6,0.5,424,2024-09-28 14:35:00,2024-09-28 14:35:00,14.402461627698106,51.94545945485852,22.0,case2,DOM03,4.149383035699291
7,40,22.65857080634097,160.70317046771447,18,0.5,425,2024-09-28 14:35:00,2024-09-28 14:35:00,14.453515852338573,51.96329285403171,22.0,case2,DOM03,4.149383035699291
7,41,26.605624068253583,139.55286394889856,37,0.5,426,2024-09-28 14:35:00,2024-09-28 14:35:00,14.347764319744494,51.98302812034127,48.0,case2,DOM03,9.053199350616635
7,44,33.5925018236563,148.00099467271312,17,0.5,427,2024-09-28 14:35:00,2024-09-28 14:35:00,14.390004973363567,52.017962509118284,36.0,case2,DOM03,6.789899512962477
7,45,38.64989407763299,156.7432940649713,33,0.5,428,2024-09-28 14:35:00,2024-09-28 14:35:00,14.433716470324857,52.04324947038817,54.0,case2,DOM03,10.184849269443715
7,46,44.619631183267,128.95157836766896,18,0.5,429,2024-09-28 14:35:00,2024-09-28 14:35:00,14.294757891838344,52.073098155916334,34.0,case2,DOM03,6.41268287335345
7,47,52.058760206357356,174.89220194743442,11,0.5,430,2024-09-28 14:35:00,2024-09-28 14:35:00,14.524461009737172,52.11029380103179,16.0,case2,DOM03,3.017733116872212
7,50,66.0874340475745,179.07585471595561,13,0.5,431,2024-09-28 14:35:00,2024-09-28 14:35:00,14.545379273579778,52.18043717023787,16.0,case2,DOM03,3.017733116872212
7,57,105.36705850683758,100.44729020650287,5,0.5,432,2024-09-28 14:35:00,2024-09-28 14:35:00,14.152236451032515,52.37683529253419,12.0,case2,DOM03,2.263299837654159
7,60,126.09310714592172,126.64146168853375,57,0.5,433,2024-09-28 14:35:00,2024-09-28 14:35:00,14.283207308442668,52.48046553572961,186.0,case2,DOM03,35.08114748363946
7,61,123.37671481421373,6.507256671785204,5,0.5,434,2024-09-28 14:35:00,2024-09-28 14:35:00,13.682536283358926,52.46688357407107,23.0,case2,DOM03,4.337991355503805
7,69,135.17999900990915,110.97571835215881,8,0.5,435,2024-09-28 14:35:00,2024-09-28 14:35:00,14.204878591760794,52.52589999504954,16.0,case2,DOM03,3.017733116872212
7,70,137.9175174035962,8.247646554541305,70,0.5,436,2024-09-28 14:35:00,2024-09-28 14:35:00,13.691238232772706,52.53958758701798,80.0,case2,DOM03,15.08866558436106
7,72,138.59900302085805,139.1558493999491,8,0.5,437,2024-09-28 14:35:00,2024-09-28 14:35:00,14.345779246999745,52.54299501510429,24.0,case2,DOM03,4.526599675308318
7,74,3.7260543878911205,73.13074435821237,53,0.7,438,2024-09-28 14:35:00,2024-09-28 14:35:00,14.015653721791063,51.86863027193945,404.0,case2,DOM03,76.19776120102335
7,75,0.93698539109843,151.4847957899395,12,0.7,439,2024-09-28 14:35:00,2024-09-28 14:35:00,14.407423978949698,51.85468492695549,159.0,case2,DOM03,29.988722848917607
7,79,11.484621794633775,23.079806827421535,11,0.7,440,2024-09-28 14:35:00,2024-09-28 14:35:00,13.765399034137108,51.90742310897317,59.0,case2,DOM03,11.127890868466283
7,81,17.804139629134028,103.06798040104825,34,0.7,441,2024-09-28 14:35:00,2024-09-28 14:35:00,14.165339902005242,51.93902069814567,186.0,case2,DOM03,35.08114748363946
7,82,14.433362760742204,173.25365874382888,9,0.7,442,2024-09-28 14:35:00,2024-09-28 14:35:00,14.516268293719145,51.92216681380371,274.0,case2,DOM03,51.678679626436626
7,83,23.521628200076453,78.00605157537824,214,0.7,443,2024-09-28 14:35:00,2024-09-28 14:35:00,14.040030257876893,51.96760814100038,834.0,case2,DOM03,157.29933871696403
7,84,32.41510152112705,109.1603931009138,63,0.7,444,2024-09-28 14:35:00,2024-09-28 14:35:00,14.19580196550457,52.01207550760564,284.0,case2,DOM03,53.56476282448176
7,86,38.97174504466121,91.97333096391252,76,0.7,445,2024-09-28 14:35:00,2024-09-28 14:35:00,14.109866654819562,52.04485872522331,626.0,case2,DOM03,118.06880819762529
7,87,42.43798406926602,104.88277690076556,57,0.7,446,2024-09-28 14:35:00,2024-09-28 14:35:00,14.174413884503828,52.06218992034633,152.0,case2,DOM03,28.668464610286012
7,88,49.19334252898853,105.4364391235638,18,0.7,447,2024-09-28 14:35:00,2024-09-28 14:35:00,14.177182195617819,52.095966712644945,204.0,case2,DOM03,38.4760972401207
7,90,52.2529052990304,90.2751987980686,8,0.7,448,2024-09-28 14:35:00,2024-09-28 14:35:00,14.101375993990343,52.111264526495155,298.0,case2,DOM03,56.205279301744945
7,91,61.238777192283784,140.5289555524367,108,0.7,449,2024-09-28 14:35:00,2024-09-28 14:35:00,14.352644777762183,52.15619388596142,718.0,case2,DOM03,135.4207736196405
7,92,65.92385535922025,14.634562152324744,53,0.7,450,2024-09-28 14:35:00,2024-09-28 14:35:00,13.723172810761623,52.1796192767961,319.0,case2,DOM03,60.16605401763972
7,93,65.31555358210328,91.66675432243528,5,0.7,451,2024-09-28 14:35:00,2024-09-28 14:35:00,14.108333771612177,52.176577767910516,750.0,case2,DOM03,141.45623985338494
7,95,76.91514882559883,20.375142376041666,26,0.7,452,2024-09-28 14:35:00,2024-09-28 14:35:00,13.751875711880208,52.234575744127994,111.0,case2,DOM03,20.93552349830097
7,96,81.36079783177912,8.832817945497824,96,0.7,453,2024-09-28 14:35:00,2024-09-28 14:35:00,13.69416408972749,52.2568039891589,277.0,case2,DOM03,52.24450458585017
7,97,90.92639637657672,30.00393748791142,115,0.7,454,2024-09-28 14:35:00,2024-09-28 14:35:00,13.800019687439558,52.304631981882885,343.0,case2,DOM03,64.69265369294804
7,98,92.1545921962112,161.9409010597515,8,0.7,455,2024-09-28 14:35:00,2024-09-28 14:35:00,14.459704505298758,52.310772960981055,767.0,case2,DOM03,144.66258129006167
7,99,92.64671722626397,169.29648574426702,13,0.7,456,2024-09-28 14:35:00,2024-09-28 14:35:00,14.496482428721334,52.31323358613132,1102.0,case2,DOM03,207.8463684245736
7,104,102.855489646074,26.67913532110203,8,0.7,457,2024-09-28 14:35:00,2024-09-28 14:35:00,13.78339567660551,52.364277448230375,225.0,case2,DOM03,42.43687195601548
7,107,105.17586753480299,52.994298769423835,40,0.7,458,2024-09-28 14:35:00,2024-09-28 14:35:00,13.914971493847121,52.375879337674014,137.0,case2,DOM03,25.839339813218313
7,108,107.87561785395592,37.65549733897962,34,0.7,459,2024-09-28 14:35:00,2024-09-28 14:35:00,13.838277486694897,52.38937808926978,254.0,case2,DOM03,47.90651323034637
7,110,112.60388223226992,8.61592059152055,32,0.7,460,2024-09-28 14:35:00,2024-09-28 14:35:00,13.693079602957603,52.41301941116135,149.0,case2,DOM03,28.102639650872472
7,111,114.79595700589144,1.2866078102401735,25,0.7,461,2024-09-28 14:35:00,2024-09-28 14:35:00,13.656433039051201,52.42397978502945,266.0,case2,DOM03,50.16981306800052
7,112,111.4304927034833,25.666464299164907,7,0.7,462,2024-09-28 14:35:00,2024-09-28 14:35:00,13.778332321495824,52.40715246351741,44.0,case2,DOM03,8.298766071398582
7,113,111.66679051777972,92.81543498226915,7,0.7,463,2024-09-28 14:35:00,2024-09-28 14:35:00,14.114077174911346,52.4083339525889,378.0,case2,DOM03,71.293944886106
7,114,118.09563684571522,141.70874535891753,25,0.7,464,2024-09-28 14:35:00,2024-09-28 14:35:00,14.358543726794588,52.440478184228574,1.0,case2,DOM03,0.18860831980451326
7,119,127.16809434697679,141.61327887199383,34,0.7,465,2024-09-28 14:35:00,2024-09-28 14:35:00,14.35806639435997,52.48584047173488,389.0,case2,DOM03,73.36863640395565
7,120,127.38524214011866,31.814578995713248,26,0.7,466,2024-09-28 14:35:00,2024-09-28 14:35:00,13.809072894978566,52.486926210700595,424.0,case2,DOM03,79.96992759711361
7,121,132.18199621285518,85.50987512978081,34,0.7,467,2024-09-28 14:35:00,2024-09-28 14:35:00,14.077549375648903,52.51090998106427,272.0,case2,DOM03,51.3014629868276
7,122,134.62044927168338,54.073286158026114,45,0.7,468,2024-09-28 14:35:00,2024-09-28 14:35:00,13.92036643079013,52.52310224635842,432.0,case2,DOM03,81.47879415554972
7,124,138.36632072955592,86.6227855498846,7,0.7,469,2024-09-28 14:35:00,2024-09-28 14:35:00,14.083113927749423,52.54183160364778,29.0,case2,DOM03,5.469641274330884
8,4,0.14687882154823778,6.7887594767190205,12,0.3,470,2024-09-28 14:40:00,2024-09-28 14:40:00,13.683943797383595,51.85073439410774,4.0,case2,DOM03,0.754433279218053
8,8,6.651762368779275,2.351581485756823,52,0.3,471,2024-09-28 14:40:00,2024-09-28 14:40:00,13.661757907428784,51.883258811843895,20.0,case2,DOM03,3.772166396090265
8,9,8.545829383659466,150.23699914737244,23,0.3,472,2024-09-28 14:40:00,2024-09-28 14:40:00,14.401184995736863,51.8927291469183,11.0,case2,DOM03,2.0746915178496455
8,11,32.45922606140176,178.90377790926996,11,0.3,473,2024-09-28 14:40:00,2024-09-28 14:40:00,14.54451888954635,52.01229613030701,0.0,case2,DOM03,0.0
8,12,33.79732208926655,140.83601079319564,6,0.3,474,2024-09-28 14:40:00,2024-09-28 14:40:00,14.354180053965978,52.01898661044633,0.0,case2,DOM03,0.0
8,14,37.078814386105904,149.34581452302314,26,0.3,475,2024-09-28 14:40:00,2024-09-28 14:40:00,14.396729072615116,52.035394071930526,0.0,case2,DOM03,0.0
8,21,86.22502030350408,69.566416768159,48,0.3,476,2024-09-28 14:40:00,2024-09-28 14:40:00,13.997832083840795,52.28112510151752,18.0,case2,DOM03,3.3949497564812385
8,23,0.2181718092315764,25.503575218706402,8,0.5,477,2024-09-28 14:40:00,2024-09-28 14:40:00,13.777517876093532,51.85109085904616,18.0,case2,DOM03,3.3949497564812385
8,24,0.7008893263133954,36.85338117029736,10,0.5,478,2024-09-28 14:40:00,2024-09-28 14:40:00,13.834266905851488,51.85350444663157,41.0,case2,DOM03,7.732941111985043
8,30,13.256509159571857,177.502060678953,71,0.5,479,2024-09-28 14:40:00,2024-09-28 14:40:00,14.537510303394766,51.916282545797856,113.0,case2,DOM03,21.312740137909998
8,31,8.197258479246551,96.69590074131301,21,0.5,480,2024-09-28 14:40:00,2024-09-28 14:40:00,14.133479503706566,51.890986292396235,24.0,case2,DOM03,4.526599675308318
8,32,10.079217137016494,32.26836608234902,46,0.5,481,2024-09-28 14:40:00,2024-09-28 14:40:00,13.811341830411745,51.90039608568508,56.0,case2,DOM03,10.562065909052741
8,37,15.204638048559378,167.4476025481833,14,0.5,482,2024-09-28 14:40:00,2024-09-28 14:40:00,14.487238012740915,51.926023190242795,23.0,case2,DOM03,4.337991355503805
8,38,16.382521740813054,158.85610272050414,7,0.5,483,2024-09-28 14:40:00,2024-09-28 14:40:00,14.444280513602521,51.93191260870407,15.0,case2,DOM03,2.8291247970676987
8,39,24.282939476447968,147.75395723186017,62,0.5,484,2024-09-28 14:40:00,2024-09-28 14:40:00,14.388769786159301,51.97141469738224,102.0,case2,DOM03,19.23804862006035
8,40,20.593683872914312,168.40142502013842,12,0.5,485,2024-09-28 14:40:00,2024-09-28 14:40:00,14.492007125100692,51.95296841936457,17.0,case2,DOM03,3.206341436676725
8,41,31.506656197242528,157.00461495226972,13,0.5,486,2024-09-28 14:40:00,2024-09-28 14:40:00,14.435023074761348,52.007533280986216,27.0,case2,DOM03,5.092424634721858
8,42,37.726721655906054,165.3089583504614,37,0.5,487,2024-09-28 14:40:00,2024-09-28 14:40:00,14.476544791752307,52.038633608279525,55.0,case2,DOM03,10.373457589248229
8,43,42.091993628316224,137.72937739743645,34,0.5,488,2024-09-28 14:40:00,2024-09-28 14:40:00,14.338646886987183,52.060459968141586,43.0,case2,DOM03,8.11015775159407
8,52,88.44009975222951,0.23252239837946675,8,0.5,489,2024-09-28 14:40:00,2024-09-28 14:40:00,13.651162611991898,52.29220049876115,10.0,case2,DOM03,1.8860831980451325
8,56,99.49470557843851,95.50764883283566,8,0.5,490,2024-09-28 14:40:00,2024-09-28 14:40:00,14.127538244164178,52.34747352789219,19.0,case2,DOM03,3.5835580762857515
8,61,109.53431997875254,86.64154983962244,5,0.5,491,2024-09-28 14:40:00,2024-09-28 14:40:00,14.083207749198113,52.39767159989376,9.0,case2,DOM03,1.6974748782406193
8,62,114.40478040667138,86.53910882813304,26,0.5,492,2024-09-28 14:40:00,2024-09-28 14:40:00,14.082695544140666,52.42202390203336,32.0,case2,DOM03,6.035466233744424
8,63,116.30045390565284,33.81891266074423,7,0.5,493,2024-09-28 14:40:00,2024-09-28 14:40:00,13.819094563303722,52.431502269528266,22.0,case2,DOM03,4.149383035699291
8,65,120.91521704100539,137.33279476825788,5,0.5,494,2024-09-28 14:40:00,2024-09-28 14:40:00,14.33666397384129,52.45457608520503,17.0,case2,DOM03,3.206341436676725
8,69,128.06850831111404,132.85911672709597,55,0.5,495,2024-09-28 14:40:00,2024-09-28 14:40:00,14.314295583635479,52.49034254155557,163.0,case2,DOM03,30.74315612813566
8,74,133.25886721986686,5.195023297980683,41,0.5,496,2024-09-28 14:40:00,2024-09-28 14:40:00,13.675975116489903,52.516294336099335,62.0,case2,DOM03,11.693715827879823
8,76,136.41641963210174,18.815204636899676,74,0.5,497,2024-09-28 14:40:00,2024-09-28 14:40:00,13.744076023184498,52.53208209816051,131.0,case2,DOM03,24.707689894391233
8,77,137.07680624508612,34.024837725794484,12,0.5,498,2024-09-28 14:40:00,2024-09-28 14:40:00,13.820124188628972,52.535384031225426,43.0,case2,DOM03,8.11015775159407
8,78,137.25503341281603,159.90473156803125,5,0.5,499,2024-09-28 14:40:00,2024-09-28 14:40:00,14.449523657840155,52.536275167064076,30.0,case2,DOM03,5.658249594135397
8,80,0.9319521114109783,81.18133005266853,30,0.7,500,2024-09-28 14:40:00,2024-09-28 14:40:00,14.055906650263342,51.854659760557055,188.0,case2,DOM03,35.45836412324849
8,81,0.7904561717727105,160.50578947686887,9,0.7,501,2024-09-28 14:40:00,2024-09-28 14:40:00,14.452528947384344,51.85395228085886,106.0,case2,DOM03,19.992481899278403
8,85,14.830323241298773,112.64985603872817,28,0.7,502,2024-09-28 14:40:00,2024-09-28 14:40:00,14.213249280193642,51.924151616206494,371.0,case2,DOM03,69.97368664747441
8,88,20.527555714561913,89.76995439878706,158,0.7,503,2024-09-28 14:40:00,2024-09-28 14:40:00,14.098849771993935,51.95263777857281,1154.0,case2,DOM03,217.65400105440827
8,89,22.354545691250454,78.10936728753825,42,0.7,504,2024-09-28 14:40:00,2024-09-28 14:40:00,14.040546836437692,51.96177272845625,1.0,case2,DOM03,0.18860831980451326
8,92,32.02675308001083,117.00407303642923,80,0.7,505,2024-09-28 14:40:00,2024-09-28 14:40:00,14.235020365182146,52.01013376540005,405.0,case2,DOM03,76.38636952082786
8,95,37.79965356060505,100.78778881727273,67,0.7,506,2024-09-28 14:40:00,2024-09-28 14:40:00,14.153938944086363,52.038998267803024,290.0,case2,DOM03,54.69641274330884
8,96,41.45419206895215,109.50346338235188,33,0.7,507,2024-09-28 14:40:00,2024-09-28 14:40:00,14.197517316911759,52.05727096034476,643.0,case2,DOM03,121.27514963430202
8,98,41.99693010896877,118.2066080975976,24,0.7,508,2024-09-28 14:40:00,2024-09-28 14:40:00,14.241033040487988,52.05998465054485,103.0,case2,DOM03,19.426656939864863
8,102,54.08148880615552,134.3647033726187,37,0.7,509,2024-09-28 14:40:00,2024-09-28 14:40:00,14.321823516863093,52.120407444030775,210.0,case2,DOM03,39.60774715894778
8,103,60.03469670052753,154.5072796216327,75,0.7,510,2024-09-28 14:40:00,2024-09-28 14:40:00,14.422536398108164,52.150173483502634,514.0,case2,DOM03,96.9446763795198
8,105,66.84191742159149,24.965372678956385,87,0.7,511,2024-09-28 14:40:00,2024-09-28 14:40:00,13.774826863394782,52.18420958710796,430.0,case2,DOM03,81.10157751594069
8,106,61.25965677676682,139.68598215264484,8,0.7,512,2024-09-28 14:40:00,2024-09-28 14:40:00,14.348429910763224,52.156298283883835,244.0,case2,DOM03,46.020430032301235
8,108,65.84000892481531,101.7615020031689,6,0.7,513,2024-09-28 14:40:00,2024-09-28 14:40:00,14.158807510015844,52.179200044624075,590.0,case2,DOM03,111.27890868466282
8,109,80.30240656955651,18.01580755287369,143,0.7,514,2024-09-28 14:40:00,2024-09-28 14:40:00,13.74007903776437,52.251512032847785,458.0,case2,DOM03,86.38261047046706
8,111,90.99747165303322,40.534870067126825,117,0.7,515,2024-09-28 14:40:00,2024-09-28 14:40:00,13.852674350335635,52.304987358265166,389.0,case2,DOM03,73.36863640395565
8,112,92.60764457723943,171.23749812549693,7,0.7,516,2024-09-28 14:40:00,2024-09-28 14:40:00,14.506187490627486,52.3130382228862,1092.0,case2,DOM03,205.96028522652847
8,113,92.69500334442155,176.91712399947926,11,0.7,517,2024-09-28 14:40:00,2024-09-28 14:40:00,14.534585619997396,52.31347501672211,560.0,case2,DOM03,105.62065909052741
8,114,93.32012750840839,9.18894113564028,6,0.7,518,2024-09-28 14:40:00,2024-09-28 14:40:00,13.695944705678201,52.31660063754204,113.0,case2,DOM03,21.312740137909998
8,115,102.94101557155273,61.890592457607916,53,0.7,519,2024-09-28 14:40:00,2024-09-28 14:40:00,13.95945296228804,52.364705077857764,174.0,case2,DOM03,32.8178476459853
8,116,105.31870498796597,46.6923517383181,32,0.7,520,2024-09-28 14:40:00,2024-09-28 14:40:00,13.88346175869159,52.37659352493983,415.0,case2,DOM03,78.272452718873
8,119,114.52431091583364,9.64488380832208,103,0.7,521,2024-09-28 14:40:00,2024-09-28 14:40:00,13.69822441904161,52.422621554579166,714.0,case2,DOM03,134.66634034042247
8,120,109.36491007258178,36.32521719897256,6,0.7,522,2024-09-28 14:40:00,2024-09-28 14:40:00,13.831626085994863,52.39682455036291,38.0,case2,DOM03,7.167116152571503
8,124,120.52807606224683,150.49330476494487,78,0.7,523,2024-09-28 14:40:00,2024-09-28 14:40:00,14.402466523824724,52.45264038031124,0.0,case2,DOM03,0.0
8,127,125.01064719883915,41.927529185918516,21,0.7,524,2024-09-28 14:40:00,2024-09-28 14:40:00,13.859637645929592,52.475053235994196,250.0,case2,DOM03,47.152079951128314
8,130,129.32588739873765,94.6759465777281,41,0.7,525,2024-09-28 14:40:00,2024-09-28 14:40:00,14.12337973288864,52.496629436993686,684.0,case2,DOM03,129.00809074628705
8,131,133.51104655659262,64.47634175998523,55,0.7,526,2024-09-28 14:40:00,2024-09-28 14:40:00,13.972381708799926,52.51755523278297,478.0,case2,DOM03,90.15477686655733
8,132,135.92329028926477,46.595070825951304,10,0.7,527,2024-09-28 14:40:00,2024-09-28 14:40:00,13.882975354129757,52.52961645144632,88.0,case2,DOM03,16.597532142797164
9,6,5.4123199426280415,10.741935434737625,93,0.3,528,2024-09-28 14:45:00,2024-09-28 14:45:00,13.703709677173688,51.877061599713144,31.0,case2,DOM03,5.846857913939911
9,7,5.7746768693847335,159.07265814742493,29,0.3,529,2024-09-28 14:45:00,2024-09-28 14:45:00,14.445363290737125,51.878873384346925,5.0,case2,DOM03,0.9430415990225662
9,10,18.858659558234365,1.5331707631378833,37,0.3,530,2024-09-28 14:45:00,2024-09-28 14:45:00,13.65766585381569,51.94429329779117,0.0,case2,DOM03,0.0
9,15,84.86410858200082,80.09100929096594,37,0.3,531,2024-09-28 14:45:00,2024-09-28 14:45:00,14.05045504645483,52.274320542910004,0.0,case2,DOM03,0.0
9,19,137.7679027296266,130.172893587924,6,0.3,532,2024-09-28 14:45:00,2024-09-28 14:45:00,14.30086446793962,52.538839513648135,1.0,case2,DOM03,0.18860831980451326
9,22,0.370740060429088,44.966300758014,6,0.5,533,2024-09-28 14:45:00,2024-09-28 14:45:00,13.87483150379007,51.851853700302144,46.0,case2,DOM03,8.67598271100761
9,23,3.7085135277777823,91.81332390970614,136,0.5,534,2024-09-28 14:45:00,2024-09-28 14:45:00,14.10906661954853,51.86854256763889,173.0,case2,DOM03,32.62923932618079
9,24,0.3040598538775717,168.8891491526805,15,0.5,535,2024-09-28 14:45:00,2024-09-28 14:45:00,14.494445745763402,51.85152029926939,31.0,case2,DOM03,5.846857913939911
9,28,6.410814741206292,105.97519386404306,20,0.5,536,2024-09-28 14:45:00,2024-09-28 14:45:00,14.179875969320214,51.88205407370603,26.0,case2,DOM03,4.903816314917345
9,30,6.789701260989993,64.82989245263911,7,0.5,537,2024-09-28 14:45:00,2024-09-28 14:45:00,13.974149462263195,51.88394850630495,24.0,case2,DOM03,4.526599675308318
9,31,8.226829896779076,39.066874467489676,13,0.5,538,2024-09-28 14:45:00,2024-09-28 14:45:00,13.84533437233745,51.8911341494839,17.0,case2,DOM03,3.206341436676725
9,32,7.479653413375703,141.04178678954108,5,0.5,539,2024-09-28 14:45:00,2024-09-28 14:45:00,14.355208933947706,51.88739826706688,7.0,case2,DOM03,1.3202582386315926
9,33,10.415237580253077,44.17769788852436,9,0.5,540,2024-09-28 14:45:00,2024-09-28 14:45:00,13.87088848944262,51.902076187901265,19.0,case2,DOM03,3.5835580762857515
9,35,13.605172859183007,174.87763707938737,8,0.5,541,2024-09-28 14:45:00,2024-09-28 14:45:00,14.524388185396937,51.91802586429591,15.0,case2,DOM03,2.8291247970676987
9,37,14.104460925520382,167.18133073573793,7,0.5,542,2024-09-28 14:45:00,2024-09-28 14:45:00,14.48590665367869,51.9205223046276,15.0,case2,DOM03,2.8291247970676987
9,39,21.985868217846523,156.57838124993242,77,0.5,543,2024-09-28 14:45:00,2024-09-28 14:45:00,14.432891906249662,51.959929341089236,96.0,case2,DOM03,18.10639870123327
9,40,17.535427613367215,160.75608653153586,6,0.5,544,2024-09-28 14:45:00,2024-09-28 14:45:00,14.453780432657679,51.93767713806684,30.0,case2,DOM03,5.658249594135397
9,42,18.673799751179285,176.08851599053622,6,0.5,545,2024-09-28 14:45:00,2024-09-28 14:45:00,14.53044257995268,51.94336899875589,12.0,case2,DOM03,2.263299837654159
9,43,29.243553671608346,166.45460687785788,16,0.5,546,2024-09-28 14:45:00,2024-09-28 14:45:00,14.482273034389289,51.996217768358036,27.0,case2,DOM03,5.092424634721858
9,44,36.34485030767997,174.66584445319336,43,0.5,547,2024-09-28 14:45:00,2024-09-28 14:45:00,14.523329222265966,52.0317242515384,62.0,case2,DOM03,11.693715827879823
9,45,39.29306948341505,146.47154719234723,56,0.5,548,2024-09-28 14:45:00,2024-09-28 14:45:00,14.382357735961737,52.046465347417076,101.0,case2,DOM03,19.04944030025584
9,46,46.19730659045369,133.33875943407887,17,0.5,549,2024-09-28 14:45:00,2024-09-28 14:45:00,14.316693797170394,52.08098653295227,38.0,case2,DOM03,7.167116152571503
9,49,54.7974152505182,175.97655551658758,12,0.5,550,2024-09-28 14:45:00,2024-09-28 14:45:00,14.529882777582937,52.12398707625259,22.0,case2,DOM03,4.149383035699291
9,51,65.09009421311357,11.089628860840133,8,0.5,551,2024-09-28 14:45:00,2024-09-28 14:45:00,13.705448144304201,52.17545047106557,22.0,case2,DOM03,4.149383035699291
9,52,67.71286023484686,6.902050118608202,8,0.5,552,2024-09-28 14:45:00,2024-09-28 14:45:00,13.684510250593041,52.18856430117423,17.0,case2,DOM03,3.206341436676725
9,56,80.03563380894703,134.4642421727512,22,0.5,553,2024-09-28 14:45:00,2024-09-28 14:45:00,14.322321210863755,52.25017816904474,83.0,case2,DOM03,15.6544905437746
9,57,79.984281177574,65.0780581254544,8,0.5,554,2024-09-28 14:45:00,2024-09-28 14:45:00,13.975390290627272,52.24992140588787,25.0,case2,DOM03,4.715207995112831
9,59,82.20959666032893,6.0676772793230604,6,0.5,555,2024-09-28 14:45:00,2024-09-28 14:45:00,13.680338386396615,52.261047983301644,33.0,case2,DOM03,6.224074553548936
9,64,97.93573684157572,120.93494774575879,5,0.5,556,2024-09-28 14:45:00,2024-09-28 14:45:00,14.254674738728795,52.33967868420788,54.0,case2,DOM03,10.184849269443715
9,67,102.26570446893626,122.12247708871897,9,0.5,557,2024-09-28 14:45:00,2024-09-28 14:45:00,14.260612385443595,52.36132852234468,20.0,case2,DOM03,3.772166396090265
9,69,103.68219975369239,1.4751314638237283,8,0.5,558,2024-09-28 14:45:00,2024-09-28 14:45:00,13.657375657319118,52.36841099876846,7.0,case2,DOM03,1.3202582386315926
9,70,116.40134438019352,80.86587522778255,50,0.5,559,2024-09-28 14:45:00,2024-09-28 14:45:00,14.054329376138913,52.43200672190097,42.0,case2,DOM03,7.921549431789557
9,71,111.57616592974533,96.33682464996836,11,0.5,560,2024-09-28 14:45:00,2024-09-28 14:45:00,14.131684123249842,52.407880829648725,32.0,case2,DOM03,6.035466233744424
9,78,129.49116827931442,86.83841860852615,37,0.5,561,2024-09-28 14:45:00,2024-09-28 14:45:00,14.084192093042631,52.49745584139657,86.0,case2,DOM03,16.22031550318814
9,79,124.97873168052206,136.6549156157161,13,0.5,562,2024-09-28 14:45:00,2024-09-28 14:45:00,14.333274578078582,52.474893658402614,21.0,case2,DOM03,3.9607747158947784
9,80,129.61756812015284,145.4047541315773,39,0.5,563,2024-09-28 14:45:00,2024-09-28 14:45:00,14.377023770657887,52.49808784060076,137.0,case2,DOM03,25.839339813218313
9,86,138.03109865931557,171.3390169647382,10,0.5,564,2024-09-28 14:45:00,2024-09-28 14:45:00,14.506695084823692,52.540155493296574,26.0,case2,DOM03,4.903816314917345
9,87,139.4069967252527,28.56799935282366,16,0.5,565,2024-09-28 14:45:00,2024-09-28 14:45:00,13.792839996764119,52.54703498362626,46.0,case2,DOM03,8.67598271100761
9,91,9.888489317642305,122.87487718234928,25,0.7,566,2024-09-28 14:45:00,2024-09-28 14:45:00,14.264374385911747,51.89944244658821,306.0,case2,DOM03,57.714145860181056
9,92,17.00517868213223,98.8285082457137,121,0.7,567,2024-09-28 14:45:00,2024-09-28 14:45:00,14.144142541228568,51.93502589341066,357.0,case2,DOM03,67.33317017021123
9,95,25.707402583499857,86.85964048011758,29,0.7,568,2024-09-28 14:45:00,2024-09-28 14:45:00,14.08429820240059,51.9785370129175,518.0,case2,DOM03,97.69910965873787
9,97,33.185260732654505,123.64611500370395,163,0.7,569,2024-09-28 14:45:00,2024-09-28 14:45:00,14.268230575018519,52.01592630366327,928.0,case2,DOM03,175.0285207785883
9,98,26.23935564108547,95.79854684726114,7,0.7,570,2024-09-28 14:45:00,2024-09-28 14:45:00,14.128992734236306,51.98119677820542,109.0,case2,DOM03,20.558306858691942
9,100,30.72668483965276,94.91983547141419,15,0.7,571,2024-09-28 14:45:00,2024-09-28 14:45:00,14.124599177357071,52.00363342419826,92.0,case2,DOM03,17.35196542201522
9,104,35.19310678192464,110.49984636398892,19,0.7,572,2024-09-28 14:45:00,2024-09-28 14:45:00,14.202499231819944,52.02596553390962,137.0,case2,DOM03,25.839339813218313
9,109,41.630244994168095,107.91630606274643,9,0.7,573,2024-09-28 14:45:00,2024-09-28 14:45:00,14.189581530313731,52.05815122497084,113.0,case2,DOM03,21.312740137909998
9,113,51.89886026602088,141.25543760229684,40,0.7,574,2024-09-28 14:45:00,2024-09-28 14:45:00,14.356277188011484,52.1094943013301,372.0,case2,DOM03,70.16229496727892
9,114,57.453340261998356,164.44987628985524,80,0.7,575,2024-09-28 14:45:00,2024-09-28 14:45:00,14.472249381449277,52.13726670130999,1030.0,case2,DOM03,194.26656939864864
9,115,55.46477109369682,96.366649514878,7,0.7,576,2024-09-28 14:45:00,2024-09-28 14:45:00,14.13183324757439,52.12732385546848,885.0,case2,DOM03,166.91836302699423
9,116,56.98195355120543,30.902252857333178,7,0.7,577,2024-09-28 14:45:00,2024-09-28 14:45:00,13.804511264286665,52.13490976775603,98.0,case2,DOM03,18.4836153408423
9,120,67.55321700924237,36.05059332175075,116,0.7,578,2024-09-28 14:45:00,2024-09-28 14:45:00,13.830252966608754,52.18776608504621,395.0,case2,DOM03,74.50028632278273
9,122,80.24682595103732,25.95467372468846,117,0.7,579,2024-09-28 14:45:00,2024-09-28 14:45:00,13.779773368623442,52.25123412975519,491.0,case2,DOM03,92.606685024016
9,123,77.11458852375286,38.00454296702919,17,0.7,580,2024-09-28 14:45:00,2024-09-28 14:45:00,13.840022714835145,52.23557294261877,170.0,case2,DOM03,32.06341436676725
9,127,90.08750965423901,50.62023986020955,91,0.7,581,2024-09-28 14:45:00,2024-09-28 14:45:00,13.903101199301048,52.30043754827119,377.0,case2,DOM03,71.10533656630149
9,128,87.84258345067278,6.457190091906242,10,0.7,582,2024-09-28 14:45:00,2024-09-28 14:45:00,13.682285950459532,52.289212917253366,92.0,case2,DOM03,17.35196542201522
9,129,100.60101966468869,71.46420453277369,59,0.7,583,2024-09-28 14:45:00,2024-09-28 14:45:00,14.007321022663868,52.35300509832344,221.0,case2,DOM03,41.682438676797425
9,130,102.72150867603509,55.17525492811021,36,0.7,584,2024-09-28 14:45:00,2024-09-28 14:45:00,13.925876274640551,52.363607543380176,434.0,case2,DOM03,81.85601079515874
9,131,115.02716446603213,17.98479590569046,101,0.7,585,2024-09-28 14:45:00,2024-09-28 14:45:00,13.739923979528452,52.425135822330155,737.0,case2,DOM03,139.00433169592625
9,134,115.91242096313673,157.87709297598545,70,0.7,586,2024-09-28 14:45:00,2024-09-28 14:45:00,14.439385464879926,52.42956210481568,859.0,case2,DOM03,162.01454671207688
9,138,124.36669390332418,6.481265634040181,51,0.7,587,2024-09-28 14:45:00,2024-09-28 14:45:00,13.6824063281702,52.47183346951662,323.0,case2,DOM03,60.92048729685778
9,141,123.58649545823255,60.396000650389865,7,0.7,588,2024-09-28 14:45:00,2024-09-28 14:45:00,13.951980003251949,52.467932477291164,128.0,case2,DOM03,24.141864934977697
9,143,124.43679287768039,51.515696123601344,5,0.7,589,2024-09-28 14:45:00,2024-09-28 14:45:00,13.907578480618007,52.4721839643884,95.0,case2,DOM03,17.91779038142876
9,144,125.75043887267883,103.7314099205563,38,0.7,590,2024-09-28 14:45:00,2024-09-28 14:45:00,14.168657049602782,52.478752194363395,670.0,case2,DOM03,126.36757426902388
9,145,125.57193090701729,161.16972813501022,8,0.7,591,2024-09-28 14:45:00,2024-09-28 14:45:00,14.455848640675052,52.47785965453509,78.0,case2,DOM03,14.711448944752034
9,146,132.36148674155748,74.4836198167241,66,0.7,592,2024-09-28 14:45:00,2024-09-28 14:45:00,14.02241809908362,52.51180743370779,353.0,case2,DOM03,66.57873689099318
9,149,134.36869063047763,31.049110667520743,5,0.7,593,2024-09-28 14:45:00,2024-09-28 14:45:00,13.805245553337603,52.52184345315239,198.0,case2,DOM03,37.34444732129362
9,150,134.28130182098957,56.46125668490765,5,0.7,594,2024-09-28 14:45:00,2024-09-28 14:45:00,13.932306283424538,52.52140650910495,88.0,case2,DOM03,16.597532142797164
10,3,4.483008781676414,17.74934728649702,175,0.3,595,2024-09-28 14:50:00,2024-09-28 14:50:00,13.738746736432486,51.87241504390838,0.0,case2,DOM03,0.0
10,9,5.748470771688707,171.24637956752989,25,0.3,596,2024-09-28 14:50:00,2024-09-28 14:50:00,14.50623189783765,51.87874235385844,0.0,case2,DOM03,0.0
10,15,67.55809245229766,82.76321855634436,5,0.3,597,2024-09-28 14:50:00,2024-09-28 14:50:00,14.063816092781721,52.18779046226149,0.0,case2,DOM03,0.0
10,19,82.07877534440505,92.48689951784503,91,0.3,598,2024-09-28 14:50:00,2024-09-28 14:50:00,14.112434497589225,52.26039387672202,38.0,case2,DOM03,7.167116152571503
10,22,103.85552165308579,141.70923628419789,7,0.3,599,2024-09-28 14:50:00,2024-09-28 14:50:00,14.358546181420989,52.36927760826543,0.0,case2,DOM03,0.0
10,24,115.23915597726094,0.32321877449749165,7,0.3,600,2024-09-28 14:50:00,2024-09-28 14:50:00,13.651616093872487,52.4261957798863,4.0,case2,DOM03,0.754433279218053
10,25,115.38272744943379,139.32936093439133,7,0.3,601,2024-09-28 14:50:00,2024-09-28 14:50:00,14.346646804671957,52.42691363724717,0.0,case2,DOM03,0.0
10,26,128.63534938376188,141.94707121019476,39,0.3,602,2024-09-28 14:50:00,2024-09-28 14:50:00,14.359735356050974,52.493176746918806,0.0,case2,DOM03,0.0
10,28,138.3814937296127,138.58134499714868,8,0.3,603,2024-09-28 14:50:00,2024-09-28 14:50:00,14.342906724985744,52.54190746864806,0.0,case2,DOM03,0.0
10,30,0.012943422226740312,45.06794528593858,5,0.5,604,2024-09-28 14:50:00,2024-09-28 14:50:00,13.875339726429694,51.85006471711114,31.0,case2,DOM03,5.846857913939911
10,33,1.0932080713521715,141.44175277377923,8,0.5,605,2024-09-28 14:50:00,2024-09-28 14:50:00,14.357208763868897,51.85546604035676,24.0,case2,DOM03,4.526599675308318
10,35,4.467935067567716,115.53216028829033,14,0.5,606,2024-09-28 14:50:00,2024-09-28 14:50:00,14.227660801441452,51.872339675337834,23.0,case2,DOM03,4.337991355503805
10,37,4.557904035384476,157.3384650986693,11,0.5,607,2024-09-28 14:50:00,2024-09-28 14:50:00,14.436692325493347,51.87278952017692,22.0,case2,DOM03,4.149383035699291
10,40,6.741186713729835,48.86351933502894,6,0.5,608,2024-09-28 14:50:00,2024-09-28 14:50:00,13.894317596675144,51.88370593356865,13.0,case2,DOM03,2.4519081574586723
10,43,12.395759384868107,175.0756698734447,6,0.5,609,2024-09-28 14:50:00,2024-09-28 14:50:00,14.525378349367223,51.91197879692434,9.0,case2,DOM03,1.6974748782406193
10,48,29.15536210207845,1.2388598902622965,23,0.5,610,2024-09-28 14:50:00,2024-09-28 14:50:00,13.656194299451311,51.99577681051039,44.0,case2,DOM03,8.298766071398582
10,49,27.66792938594127,175.2723515360951,24,0.5,611,2024-09-28 14:50:00,2024-09-28 14:50:00,14.526361757680476,51.98833964692971,29.0,case2,DOM03,5.469641274330884
10,50,33.39924031075127,169.67626730897675,19,0.5,612,2024-09-28 14:50:00,2024-09-28 14:50:00,14.498381336544883,52.01699620155376,35.0,case2,DOM03,6.601291193157963
10,51,33.88320058380033,178.95978896128346,11,0.5,613,2024-09-28 14:50:00,2024-09-28 14:50:00,14.544798944806418,52.019416002919,20.0,case2,DOM03,3.772166396090265
10,57,49.68774762090745,34.93057633431568,11,0.5,614,2024-09-28 14:50:00,2024-09-28 14:50:00,13.824652881671577,52.09843873810454,35.0,case2,DOM03,6.601291193157963
10,59,59.071535108623905,29.928262664018416,26,0.5,615,2024-09-28 14:50:00,2024-09-28 14:50:00,13.799641313320093,52.145357675543124,32.0,case2,DOM03,6.035466233744424
10,62,65.57356921432059,16.146381907251577,12,0.5,616,2024-09-28 14:50:00,2024-09-28 14:50:00,13.730731909536258,52.1778678460716,64.0,case2,DOM03,12.070932467488849
10,66,77.45305177723354,73.85577425718878,43,0.5,617,2024-09-28 14:50:00,2024-09-28 14:50:00,14.019278871285943,52.23726525888617,71.0,case2,DOM03,13.39119070612044
10,69,91.91116166080852,173.41307210793858,35,0.5,618,2024-09-28 14:50:00,2024-09-28 14:50:00,14.517065360539693,52.30955580830405,107.0,case2,DOM03,20.18109021908292
10,78,99.48558403499862,131.81653161286889,9,0.5,619,2024-09-28 14:50:00,2024-09-28 14:50:00,14.309082658064344,52.347427920174994,65.0,case2,DOM03,12.259540787293362
10,81,103.02621862219206,13.714160665693463,17,0.5,620,2024-09-28 14:50:00,2024-09-28 14:50:00,13.718570803328468,52.36513109311096,53.0,case2,DOM03,9.996240949639201
10,82,106.82517272854992,76.41125837742297,5,0.5,621,2024-09-28 14:50:00,2024-09-28 14:50:00,14.032056291887114,52.38412586364275,25.0,case2,DOM03,4.715207995112831
10,83,115.64967068101045,73.76500477999912,35,0.5,622,2024-09-28 14:50:00,2024-09-28 14:50:00,14.018825023899995,52.42824835340505,104.0,case2,DOM03,19.61526525966938
10,84,115.72215488765993,90.43497159231084,47,0.5,623,2024-09-28 14:50:00,2024-09-28 14:50:00,14.102174857961554,52.4286107744383,79.0,case2,DOM03,14.900057264556546
10,90,129.62428809329947,156.2352911432842,69,0.5,624,2024-09-28 14:50:00,2024-09-28 14:50:00,14.431176455716422,52.4981214404665,122.0,case2,DOM03,23.010215016150617
10,93,128.95368814662234,127.28468312579,17,0.5,625,2024-09-28 14:50:00,2024-09-28 14:50:00,14.286423415628951,52.49476844073311,37.0,case2,DOM03,6.97850783276699
10,96,130.80573564969404,177.70065377955143,13,0.5,626,2024-09-28 14:50:00,2024-09-28 14:50:00,14.538503268897758,52.504028678248474,46.0,case2,DOM03,8.67598271100761
10,97,136.8303224532317,120.38457663710706,11,0.5,627,2024-09-28 14:50:00,2024-09-28 14:50:00,14.251922883185536,52.53415161226616,41.0,case2,DOM03,7.732941111985043
10,99,0.8774713511121817,105.67684715618716,23,0.7,628,2024-09-28 14:50:00,2024-09-28 14:50:00,14.178384235780936,51.85438735675556,155.0,case2,DOM03,29.234289569699552
10,100,7.184409461548174,132.38364012389846,25,0.7,629,2024-09-28 14:50:00,2024-09-28 14:50:00,14.311918200619493,51.88592204730774,248.0,case2,DOM03,46.77486331151929
10,101,14.271240396882447,109.22561706744972,73,0.7,630,2024-09-28 14:50:00,2024-09-28 14:50:00,14.196128085337248,51.921356201984416,379.0,case2,DOM03,71.48255320591052
10,104,26.477646835721288,100.50968483397276,95,0.7,631,2024-09-28 14:50:00,2024-09-28 14:50:00,14.152548424169863,51.98238823417861,758.0,case2,DOM03,142.96510641182104
10,106,20.26359155053477,164.4437936544241,5,0.7,632,2024-09-28 14:50:00,2024-09-28 14:50:00,14.47221896827212,51.95131795775268,129.0,case2,DOM03,24.330473254782206
10,107,28.670681418770243,135.56499410202042,133,0.7,633,2024-09-28 14:50:00,2024-09-28 14:50:00,14.327824970510102,51.99335340709385,434.0,case2,DOM03,81.85601079515874
10,108,24.798070839039166,125.19524698635244,15,0.7,634,2024-09-28 14:50:00,2024-09-28 14:50:00,14.275976234931763,51.973990354195195,124.0,case2,DOM03,23.387431655759645
10,115,36.492020042544006,153.55874875004685,18,0.7,635,2024-09-28 14:50:00,2024-09-28 14:50:00,14.417793743750234,52.03246010021272,86.0,case2,DOM03,16.22031550318814
10,116,37.76199095883847,124.50724813964283,29,0.7,636,2024-09-28 14:50:00,2024-09-28 14:50:00,14.272536240698214,52.03880995479419,293.0,case2,DOM03,55.26223770272238
10,118,43.29099914833236,123.64297242267928,7,0.7,637,2024-09-28 14:50:00,2024-09-28 14:50:00,14.268214862113396,52.06645499574166,214.0,case2,DOM03,40.36218043816584
10,120,48.069327532517995,101.4620247016011,8,0.7,638,2024-09-28 14:50:00,2024-09-28 14:50:00,14.157310123508005,52.09034663766259,186.0,case2,DOM03,35.08114748363946
10,121,49.83638235846051,147.71457827276654,48,0.7,639,2024-09-28 14:50:00,2024-09-28 14:50:00,14.388572891363832,52.0991819117923,440.0,case2,DOM03,82.98766071398583
10,122,52.56765551685506,175.38944642474692,45,0.7,640,2024-09-28 14:50:00,2024-09-28 14:50:00,14.526947232123735,52.112838277584274,206.0,case2,DOM03,38.853313879729725
10,124,52.80275201831601,40.77596346028683,5,0.7,641,2024-09-28 14:50:00,2024-09-28 14:50:00,13.853879817301435,52.11401376009158,90.0,case2,DOM03,16.97474878240619
10,125,55.108708197412064,107.72534896795254,8,0.7,642,2024-09-28 14:50:00,2024-09-28 14:50:00,14.188626744839762,52.12554354098706,201.0,case2,DOM03,37.91027228070717
10,128,57.39006972905633,166.83784062828627,6,0.7,643,2024-09-28 14:50:00,2024-09-28 14:50:00,14.484189203141431,52.13695034864528,662.0,case2,DOM03,124.85870771058777
10,130,60.64293338180666,176.66193352629446,9,0.7,644,2024-09-28 14:50:00,2024-09-28 14:50:00,14.533309667631473,52.15321466690904,62.0,case2,DOM03,11.693715827879823
10,131,67.92833565256025,47.2814096029266,152,0.7,645,2024-09-28 14:50:00,2024-09-28 14:50:00,13.886407048014632,52.1896416782628,528.0,case2,DOM03,99.58519285678298
10,132,62.798575401959916,171.68542406825495,5,0.7,646,2024-09-28 14:50:00,2024-09-28 14:50:00,14.508427120341274,52.1639928770098,57.0,case2,DOM03,10.750674228857255
10,137,70.30238550564503,126.79241992832151,6,0.7,647,2024-09-28 14:50:00,2024-09-28 14:50:00,14.283962099641608,52.20151192752822,742.0,case2,DOM03,139.94737329494882
10,142,78.9644796299562,35.33688541788097,97,0.7,648,2024-09-28 14:50:00,2024-09-28 14:50:00,13.826684427089404,52.24482239814978,391.0,case2,DOM03,73.74585304356468
10,145,85.74915142960313,65.39347798969241,5,0.7,649,2024-09-28 14:50:00,2024-09-28 14:50:00,13.976967389948461,52.278745757148016,696.0,case2,DOM03,131.2713905839412
10,146,94.2849108273458,61.846743986541355,78,0.7,650,2024-09-28 14:50:00,2024-09-28 14:50:00,13.959233719932708,52.32142455413673,1.0,case2,DOM03,0.18860831980451326
10,148,97.77767657005134,80.36645810282774,68,0.7,651,2024-09-28 14:50:00,2024-09-28 14:50:00,14.051832290514138,52.33888838285026,242.0,case2,DOM03,45.64321339269221
10,149,105.78054427161439,175.20629352471934,8,0.7,652,2024-09-28 14:50:00,2024-09-28 14:50:00,14.526031467623596,52.378902721358074,135.0,case2,DOM03,25.462123173609285
10,151,116.71513816170437,23.766907391602757,168,0.7,653,2024-09-28 14:50:00,2024-09-28 14:50:00,13.768834536958014,52.433575690808524,1537.0,case2,DOM03,289.8909875395368
10,152,114.25500491844089,167.28028508042232,79,0.7,654,2024-09-28 14:50:00,2024-09-28 14:50:00,14.48640142540211,52.421275024592205,268.0,case2,DOM03,50.547029707609546
10,154,123.24101448222993,112.62170451715954,32,0.7,655,2024-09-28 14:50:00,2024-09-28 14:50:00,14.213108522585799,52.46620507241115,608.0,case2,DOM03,114.67385844114405
10,159,130.53926058048575,3.3327696139447367,67,0.7,656,2024-09-28 14:50:00,2024-09-28 14:50:00,13.666663848069724,52.50269630290243,190.0,case2,DOM03,35.83558076285752
10,160,128.8275089072314,81.57745838883855,17,0.7,657,2024-09-28 14:50:00,2024-09-28 14:50:00,14.057887291944192,52.49413754453616,434.0,case2,DOM03,81.85601079515874
10,162,132.49896322575466,41.382615922129666,7,0.7,658,2024-09-28 14:50:00,2024-09-28 14:50:00,13.85691307961065,52.51249481612877,127.0,case2,DOM03,23.953256615173185
10,163,133.86554602884982,81.04859252898949,19,0.7,659,2024-09-28 14:50:00,2024-09-28 14:50:00,14.055242962644947,52.519327730144255,454.0,case2,DOM03,85.62817719124901
10,167,136.30509940453376,7.863020673978093,5,0.7,660,2024-09-28 14:50:00,2024-09-28 14:50:00,13.68931510336989,52.53152549702267,159.0,case2,DOM03,29.988722848917607
11,3,3.360525509713551,23.841418497231498,219,0.3,661,2024-09-28 14:55:00,2024-09-28 14:55:00,13.769207092486157,51.866802627548566,5.0,case2,DOM03,0.9430415990225662
11,7,1.0805795697259255,179.28716797555822,11,0.3,662,2024-09-28 14:55:00,2024-09-28 14:55:00,14.546435839877791,51.85540289784863,0.0,case2,DOM03,0.0
11,8,2.164844000400473,157.18609324699426,5,0.3,663,2024-09-28 14:55:00,2024-09-28 14:55:00,14.435930466234971,51.860824220002,2.0,case2,DOM03,0.3772166396090265
11,11,28.485519746484616,17.370202738726725,6,0.3,664,2024-09-28 14:55:00,2024-09-28 14:55:00,13.736851013693633,51.99242759873242,0.0,case2,DOM03,0.0
11,13,49.035226377726715,34.39761970379197,6,0.3,665,2024-09-28 14:55:00,2024-09-28 14:55:00,13.82198809851896,52.095176131888635,1.0,case2,DOM03,0.18860831980451326
11,14,60.016737130460946,88.95015223798892,7,0.3,666,2024-09-28 14:55:00,2024-09-28 14:55:00,14.094750761189944,52.150083685652305,0.0,case2,DOM03,0.0
11,19,87.79667567796409,179.82197368154567,8,0.3,667,2024-09-28 14:55:00,2024-09-28 14:55:00,14.54910986840773,52.28898337838982,0.0,case2,DOM03,0.0
11,20,108.0634399761444,159.45933393455005,5,0.3,668,2024-09-28 14:55:00,2024-09-28 14:55:00,14.44729666967275,52.39031719988072,0.0,case2,DOM03,0.0
11,23,0.12423980155185338,55.962183470301326,7,0.5,669,2024-09-28 14:55:00,2024-09-28 14:55:00,13.929810917351507,51.85062119900776,17.0,case2,DOM03,3.206341436676725
11,24,0.8466320866686019,62.62848874791608,8,0.5,670,2024-09-28 14:55:00,2024-09-28 14:55:00,13.963142443739581,51.85423316043334,34.0,case2,DOM03,6.41268287335345
11,26,1.7419495749965683,166.28707768850293,13,0.5,671,2024-09-28 14:55:00,2024-09-28 14:55:00,14.481435388442515,51.85870974787498,20.0,case2,DOM03,3.772166396090265
11,30,13.50523619773283,14.679736579224919,5,0.5,672,2024-09-28 14:55:00,2024-09-28 14:55:00,13.723398682896125,51.917526180988666,69.0,case2,DOM03,13.013974066511413
11,33,15.33883147076666,1.8001063579010401,5,0.5,673,2024-09-28 14:55:00,2024-09-28 14:55:00,13.659000531789506,51.92669415735383,52.0,case2,DOM03,9.80763262983469
11,37,27.307587001361735,8.24014272448977,43,0.5,674,2024-09-28 14:55:00,2024-09-28 14:55:00,13.691200713622449,51.98653793500681,67.0,case2,DOM03,12.636757426902387
11,38,31.338831893429486,177.73119215877432,17,0.5,675,2024-09-28 14:55:00,2024-09-28 14:55:00,14.538655960793871,52.00669415946715,23.0,case2,DOM03,4.337991355503805
11,39,41.22868529831795,3.8733212184471837,91,0.5,676,2024-09-28 14:55:00,2024-09-28 14:55:00,13.669366606092236,52.05614342649159,131.0,case2,DOM03,24.707689894391233
11,41,44.84356269844003,175.2371839751949,58,0.5,677,2024-09-28 14:55:00,2024-09-28 14:55:00,14.526185919875974,52.074217813492204,93.0,case2,DOM03,17.54057374181973
11,42,46.51795949129362,43.163949920527955,11,0.5,678,2024-09-28 14:55:00,2024-09-28 14:55:00,13.86581974960264,52.08258979745647,26.0,case2,DOM03,4.903816314917345
11,45,59.78703416857883,22.304203918263713,34,0.5,679,2024-09-28 14:55:00,2024-09-28 14:55:00,13.761521019591319,52.1489351708429,135.0,case2,DOM03,25.462123173609285
11,46,57.94315670121487,39.401085289854066,18,0.5,680,2024-09-28 14:55:00,2024-09-28 14:55:00,13.84700542644927,52.13971578350608,29.0,case2,DOM03,5.469641274330884
11,49,75.03857070687869,84.31702459826431,60,0.5,681,2024-09-28 14:55:00,2024-09-28 14:55:00,14.071585122991321,52.225192853534395,90.0,case2,DOM03,16.97474878240619
11,50,88.9133911847353,142.40508567119196,22,0.5,682,2024-09-28 14:55:00,2024-09-28 14:55:00,14.36202542835596,52.29456695592368,66.0,case2,DOM03,12.448149107097873
11,57,99.5698106719265,19.265778781298753,7,0.5,683,2024-09-28 14:55:00,2024-09-28 14:55:00,13.746328893906494,52.34784905335963,31.0,case2,DOM03,5.846857913939911
11,61,108.43377711702611,116.88030033900178,6,0.5,684,2024-09-28 14:55:00,2024-09-28 14:55:00,14.23440150169501,52.392168885585136,16.0,case2,DOM03,3.017733116872212
11,62,110.03709052676241,5.347955067076504,5,0.5,685,2024-09-28 14:55:00,2024-09-28 14:55:00,13.676739775335383,52.400185452633814,38.0,case2,DOM03,7.167116152571503
11,64,110.62597942745897,86.79028780771928,12,0.5,686,2024-09-28 14:55:00,2024-09-28 14:55:00,14.083951439038596,52.4031298971373,78.0,case2,DOM03,14.711448944752034
11,68,113.74682006109605,81.23143992835323,5,0.5,687,2024-09-28 14:55:00,2024-09-28 14:55:00,14.056157199641767,52.41873410030548,39.0,case2,DOM03,7.355724472376017
11,69,115.4789149977803,8.787950974214175,22,0.5,688,2024-09-28 14:55:00,2024-09-28 14:55:00,13.69393975487107,52.4273945749889,45.0,case2,DOM03,8.487374391203096
11,70,120.02677875983223,0.5449601957120341,7,0.5,689,2024-09-28 14:55:00,2024-09-28 14:55:00,13.65272480097856,52.45013389379916,18.0,case2,DOM03,3.3949497564812385
11,72,127.57557558309239,165.54096975854011,67,0.5,690,2024-09-28 14:55:00,2024-09-28 14:55:00,14.477704848792701,52.487877877915466,118.0,case2,DOM03,22.255781736932565
11,73,127.30471047435672,70.92383037056167,6,0.5,691,2024-09-28 14:55:00,2024-09-28 14:55:00,14.00461915185281,52.486523552371786,17.0,case2,DOM03,3.206341436676725
11,74,132.39329954988258,67.16945855784985,14,0.5,692,2024-09-28 14:55:00,2024-09-28 14:55:00,13.985847292789249,52.51196649774941,34.0,case2,DOM03,6.41268287335345
11,75,136.69442751888474,132.2304068307024,18,0.5,693,2024-09-28 14:55:00,2024-09-28 14:55:00,14.311152034153512,52.53347213759442,50.0,case2,DOM03,9.430415990225661
11,76,136.9048933983878,104.05228772531854,8,0.5,694,2024-09-28 14:55:00,2024-09-28 14:55:00,14.170261438626593,52.53452446699194,47.0,case2,DOM03,8.864591030812122
11,77,139.24398616779354,33.56279027481101,9,0.5,695,2024-09-28 14:55:00,2024-09-28 14:55:00,13.817813951374054,52.546219930838966,32.0,case2,DOM03,6.035466233744424
11,79,0.8421297840058743,113.43655520517304,9,0.7,696,2024-09-28 14:55:00,2024-09-28 14:55:00,14.217182776025865,51.854210648920024,91.0,case2,DOM03,17.163357102210703
11,80,5.244158611952003,141.46141284939472,27,0.7,697,2024-09-28 14:55:00,2024-09-28 14:55:00,14.357307064246974,51.87622079305976,125.0,case2,DOM03,23.576039975564157
11,81,12.417814223445829,119.37857767568667,67,0.7,698,2024-09-28 14:55:00,2024-09-28 14:55:00,14.246892888378433,51.91208907111723,434.0,case2,DOM03,81.85601079515874
11,82,10.73894334926459,158.7255848417975,9,0.7,699,2024-09-28 14:55:00,2024-09-28 14:55:00,14.443627924208988,51.90369471674632,134.0,case2,DOM03,25.273514853804773
11,84,14.309799643438692,173.16772862723897,5,0.7,700,2024-09-28 14:55:00,2024-09-28 14:55:00,14.515838643136195,51.92154899821719,39.0,case2,DOM03,7.355724472376017
11,87,18.375561661888305,173.3140005397562,5,0.7,701,2024-09-28 14:55:00,2024-09-28 14:55:00,14.516570002698781,51.94187780830944,51.0,case2,DOM03,9.619024310030175
11,89,25.454994077996826,144.39914925084005,167,0.7,702,2024-09-28 14:55:00,2024-09-28 14:55:00,14.3719957462542,51.977274970389985,637.0,case2,DOM03,120.14349971547493
11,90,24.15376206610926,104.82525474736389,24,0.7,703,2024-09-28 14:55:00,2024-09-28 14:55:00,14.17412627373682,51.97076881033055,451.0,case2,DOM03,85.06235223183548
11,91,22.251893974174056,112.2505654770181,12,0.7,704,2024-09-28 14:55:00,2024-09-28 14:55:00,14.21125282738509,51.961259469870875,154.0,case2,DOM03,29.04568124989504
11,92,22.178392818512183,159.53434766879786,5,0.7,705,2024-09-28 14:55:00,2024-09-28 14:55:00,14.447671738343988,51.96089196409256,45.0,case2,DOM03,8.487374391203096
11,93,29.020674037383248,112.06825023837118,22,0.7,706,2024-09-28 14:55:00,2024-09-28 14:55:00,14.210341251191856,51.99510337018691,196.0,case2,DOM03,36.9672306816846
11,97,34.181013520996416,162.25858111255653,23,0.7,707,2024-09-28 14:55:00,2024-09-28 14:55:00,14.461292905562782,52.020905067604986,96.0,case2,DOM03,18.10639870123327
11,99,37.23143394399378,131.48046977456622,13,0.7,708,2024-09-28 14:55:00,2024-09-28 14:55:00,14.30740234887283,52.036157169719964,167.0,case2,DOM03,31.49758940735371
11,100,42.4007299270073,159.73631782332603,6,0.7,709,2024-09-28 14:55:00,2024-09-28 14:55:00,14.44868158911663,52.06200364963504,92.0,case2,DOM03,17.35196542201522
11,101,46.25156877805262,154.62304412974342,27,0.7,710,2024-09-28 14:55:00,2024-09-28 14:55:00,14.423115220648718,52.08125784389026,598.0,case2,DOM03,112.78777524309892
11,107,50.87420425029103,137.1494086718802,5,0.7,711,2024-09-28 14:55:00,2024-09-28 14:55:00,14.335747043359401,52.10437102125145,831.0,case2,DOM03,156.7335137575505
11,112,53.62272752913799,116.1348486197473,7,0.7,712,2024-09-28 14:55:00,2024-09-28 14:55:00,14.230674243098736,52.11811363764569,414.0,case2,DOM03,78.0838443990685
11,116,66.39495585032215,56.06446929763396,134,0.7,713,2024-09-28 14:55:00,2024-09-28 14:55:00,13.93032234648817,52.18197477925161,595.0,case2,DOM03,112.22195028368539
11,117,65.11036609579395,165.9709203533285,12,0.7,714,2024-09-28 14:55:00,2024-09-28 14:55:00,14.479854601766643,52.175551830478966,476.0,case2,DOM03,89.77756022694831
11,120,70.75678855541133,38.981742568423066,6,0.7,715,2024-09-28 14:55:00,2024-09-28 14:55:00,13.844908712842116,52.20378394277706,46.0,case2,DOM03,8.67598271100761
11,121,72.10356697708937,66.8763706307497,17,0.7,716,2024-09-28 14:55:00,2024-09-28 14:55:00,13.984381853153748,52.21051783488545,117.0,case2,DOM03,22.06717341712805
11,123,77.51550989664159,43.527174157674274,87,0.7,717,2024-09-28 14:55:00,2024-09-28 14:55:00,13.867635870788371,52.237577549483206,473.0,case2,DOM03,89.21173526753476
11,125,81.42692782299193,13.93702789645998,5,0.7,718,2024-09-28 14:55:00,2024-09-28 14:55:00,13.7196851394823,52.25713463911496,159.0,case2,DOM03,29.988722848917607
11,127,84.43250918823384,2.4912424826158692,12,0.7,719,2024-09-28 14:55:00,2024-09-28 14:55:00,13.66245621241308,52.27216254594117,511.0,case2,DOM03,96.37885142010626
11,128,90.79068015376188,70.16666827303818,6,0.7,720,2024-09-28 14:55:00,2024-09-28 14:55:00,14.00083334136519,52.30395340076881,314.0,case2,DOM03,59.22301241861716
11,129,94.82292906114407,88.5078337811145,83,0.7,721,2024-09-28 14:55:00,2024-09-28 14:55:00,14.092539168905573,52.32411464530572,332.0,case2,DOM03,62.6179621750984
11,130,97.61713496486117,73.23282366112785,21,0.7,722,2024-09-28 14:55:00,2024-09-28 14:55:00,14.016164118305639,52.338085674824306,285.0,case2,DOM03,53.75337114428628
11,132,111.74465219032749,34.15413085105718,116,0.7,723,2024-09-28 14:55:00,2024-09-28 14:55:00,13.820770654255286,52.40872326095163,520.0,case2,DOM03,98.0763262983469
11,133,112.50980562545098,176.7833653283492,96,0.7,724,2024-09-28 14:55:00,2024-09-28 14:55:00,14.533916826641747,52.41254902812725,214.0,case2,DOM03,40.36218043816584
11,134,116.46854916883878,46.59128496584557,7,0.7,725,2024-09-28 14:55:00,2024-09-28 14:55:00,13.882956424829228,52.432342745844196,756.0,case2,DOM03,142.587889772212
11,137,120.92275872866126,121.94199877089994,34,0.7,726,2024-09-28 14:55:00,2024-09-28 14:55:00,14.2597099938545,52.454613793643304,642.0,case2,DOM03,121.0865413144975
11,141,125.54233766806688,27.553685848222273,16,0.7,727,2024-09-28 14:55:00,2024-09-28 14:55:00,13.787768429241112,52.477711688340335,151.0,case2,DOM03,28.4798562904815
11,142,128.92472718399094,13.88834435829158,42,0.7,728,2024-09-28 14:55:00,2024-09-28 14:55:00,13.719441721791458,52.49462363591995,471.0,case2,DOM03,88.83451862792573
11,143,129.33945976535588,51.443224625753835,7,0.7,729,2024-09-28 14:55:00,2024-09-28 14:55:00,13.90721612312877,52.49669729882678,211.0,case2,DOM03,39.79635547875229
11,147,138.23995036290296,85.23664026153652,15,0.7,730,2024-09-28 14:55:00,2024-09-28 14:55:00,14.076183201307682,52.54119975181452,587.0,case2,DOM03,110.71308372524928
12,3,1.5330130633235182,1.0541096445831972,11,0.3,731,2024-09-28 15:00:00,2024-09-28 15:00:00,13.655270548222916,51.85766506531662,0.0,case2,DOM03,0.0
12,7,23.94819446691464,29.26501435254476,56,0.3,732,2024-09-28 15:00:00,2024-09-28 15:00:00,13.796325071762723,51.96974097233457,0.0,case2,DOM03,0.0
12,8,41.69906322363835,30.06516128851281,9,0.3,733,2024-09-28 15:00:00,2024-09-28 15:00:00,13.800325806442565,52.05849531611819,0.0,case2,DOM03,0.0
12,9,59.774432329889066,98.15246897982946,10,0.3,734,2024-09-28 15:00:00,2024-09-28 15:00:00,14.140762344899148,52.14887216164944,0.0,case2,DOM03,0.0
12,14,103.04498015713311,178.7810773489931,29,0.3,735,2024-09-28 15:00:00,2024-09-28 15:00:00,14.543905386744965,52.36522490078567,9.0,case2,DOM03,1.6974748782406193
12,15,107.72457051868497,1.039504865604097,12,0.3,736,2024-09-28 15:00:00,2024-09-28 15:00:00,13.65519752432802,52.38862285259342,0.0,case2,DOM03,0.0
12,18,0.26637154796873613,69.08568143666538,16,0.5,737,2024-09-28 15:00:00,2024-09-28 15:00:00,13.995428407183326,51.851331857739844,54.0,case2,DOM03,10.184849269443715
12,22,0.260000056838689,179.3200539209696,5,0.5,738,2024-09-28 15:00:00,2024-09-28 15:00:00,14.546600269604848,51.85130000028419,14.0,case2,DOM03,2.6405164772631853
12,24,10.90936740148303,27.489998593332395,7,0.5,739,2024-09-28 15:00:00,2024-09-28 15:00:00,13.787449992966662,51.904546837007416,155.0,case2,DOM03,29.234289569699552
12,26,12.703221981741148,13.670661387830922,56,0.5,740,2024-09-28 15:00:00,2024-09-28 15:00:00,13.718353306939155,51.913516109908706,1.0,case2,DOM03,0.18860831980451326
12,27,12.556206651763471,179.27736292607688,10,0.5,741,2024-09-28 15:00:00,2024-09-28 15:00:00,14.546386814630385,51.91278103325882,13.0,case2,DOM03,2.4519081574586723
12,29,25.613470362268597,16.55890004733342,43,0.5,742,2024-09-28 15:00:00,2024-09-28 15:00:00,13.732794500236666,51.97806735181134,57.0,case2,DOM03,10.750674228857255
12,33,44.65455356695952,179.46367018900906,13,0.5,743,2024-09-28 15:00:00,2024-09-28 15:00:00,14.547318350945046,52.0732727678348,18.0,case2,DOM03,3.3949497564812385
12,34,43.678374698540495,51.60045851394385,11,0.5,744,2024-09-28 15:00:00,2024-09-28 15:00:00,13.90800229256972,52.0683918734927,33.0,case2,DOM03,6.224074553548936
12,37,51.70687915979041,0.9742298096338664,12,0.5,745,2024-09-28 15:00:00,2024-09-28 15:00:00,13.65487114904817,52.10853439579895,27.0,case2,DOM03,5.092424634721858
12,40,52.35294069815662,22.11199087663948,6,0.5,746,2024-09-28 15:00:00,2024-09-28 15:00:00,13.760559954383197,52.111764703490785,126.0,case2,DOM03,23.76464829536867
12,41,55.387439709202766,23.940952225424606,10,0.5,747,2024-09-28 15:00:00,2024-09-28 15:00:00,13.769704761127123,52.12693719854602,1.0,case2,DOM03,0.18860831980451326
12,43,55.66365977351834,29.482770879129532,8,0.5,748,2024-09-28 15:00:00,2024-09-28 15:00:00,13.797413854395648,52.12831829886759,47.0,case2,DOM03,8.864591030812122
12,46,59.59402557371007,12.863064111343387,9,0.5,749,2024-09-28 15:00:00,2024-09-28 15:00:00,13.714315320556716,52.147970127868554,31.0,case2,DOM03,5.846857913939911
12,49,71.21774290130348,92.74233735044015,44,0.5,750,2024-09-28 15:00:00,2024-09-28 15:00:00,14.1137116867522,52.206088714506514,60.0,case2,DOM03,11.316499188270795
12,50,76.45839209927054,96.7516650158298,27,0.5,751,2024-09-28 15:00:00,2024-09-28 15:00:00,14.13375832507915,52.23229196049635,37.0,case2,DOM03,6.97850783276699
12,51,84.9323553733434,28.958857169039838,13,0.5,752,2024-09-28 15:00:00,2024-09-28 15:00:00,13.7947942858452,52.274661776866715,20.0,case2,DOM03,3.772166396090265
12,54,89.54972134112894,138.86198745723993,82,0.5,753,2024-09-28 15:00:00,2024-09-28 15:00:00,14.3443099372862,52.297748606705646,174.0,case2,DOM03,32.8178476459853
12,59,105.48962685504449,66.2296475418555,7,0.5,754,2024-09-28 15:00:00,2024-09-28 15:00:00,13.981148237709277,52.37744813427523,35.0,case2,DOM03,6.601291193157963
12,60,106.16013625803585,127.76653836775479,11,0.5,755,2024-09-28 15:00:00,2024-09-28 15:00:00,14.288832691838774,52.38080068129018,28.0,case2,DOM03,5.281032954526371
12,65,127.10373303044874,175.52180649859653,45,0.5,756,2024-09-28 15:00:00,2024-09-28 15:00:00,14.527609032492983,52.48551866515224,91.0,case2,DOM03,17.163357102210703
12,67,134.4004024677889,142.7043420717596,44,0.5,757,2024-09-28 15:00:00,2024-09-28 15:00:00,14.363521710358798,52.522002012338945,108.0,case2,DOM03,20.36969853888743
12,70,138.63265044872327,124.88771879505158,12,0.5,758,2024-09-28 15:00:00,2024-09-28 15:00:00,14.274438593975258,52.543163252243616,29.0,case2,DOM03,5.469641274330884
12,72,1.262931353073275,121.61306362084274,9,0.7,759,2024-09-28 15:00:00,2024-09-28 15:00:00,14.258065318104213,51.85631465676536,118.0,case2,DOM03,22.255781736932565
12,73,2.3666737313697714,148.69638225491278,11,0.7,760,2024-09-28 15:00:00,2024-09-28 15:00:00,14.393481911274563,51.861833368656846,127.0,case2,DOM03,23.953256615173185
12,74,9.995270857851967,130.653522242341,38,0.7,761,2024-09-28 15:00:00,2024-09-28 15:00:00,14.303267611211705,51.89997635428926,360.0,case2,DOM03,67.89899512962477
12,75,9.130579709479209,168.05192557682327,13,0.7,762,2024-09-28 15:00:00,2024-09-28 15:00:00,14.490259627884116,51.8956528985474,128.0,case2,DOM03,24.141864934977697
12,78,22.628223035106533,155.9107698559418,169,0.7,763,2024-09-28 15:00:00,2024-09-28 15:00:00,14.429553849279708,51.96314111517553,681.0,case2,DOM03,128.44226578687352
12,79,23.57353465534459,115.72188720739415,27,0.7,764,2024-09-28 15:00:00,2024-09-28 15:00:00,14.22860943603697,51.96786767327672,480.0,case2,DOM03,90.53199350616636
12,84,31.038206304430766,171.08827511890806,32,0.7,765,2024-09-28 15:00:00,2024-09-28 15:00:00,14.505441375594541,52.00519103152216,129.0,case2,DOM03,24.330473254782206
12,90,33.318211757434106,115.38112619877732,11,0.7,766,2024-09-28 15:00:00,2024-09-28 15:00:00,14.226905630993887,52.01659105878717,262.0,case2,DOM03,49.41537978878247
12,95,35.7304083148901,136.4615543591434,6,0.7,767,2024-09-28 15:00:00,2024-09-28 15:00:00,14.332307771795717,52.02865204157445,198.0,case2,DOM03,37.34444732129362
12,96,41.146596493820276,135.68474437394326,5,0.7,768,2024-09-28 15:00:00,2024-09-28 15:00:00,14.328423721869717,52.0557329824691,743.0,case2,DOM03,140.13598161475335
12,97,41.63522004656804,10.549461444616785,8,0.7,769,2024-09-28 15:00:00,2024-09-28 15:00:00,13.702747307223083,52.05817610023284,338.0,case2,DOM03,63.74961209392548
12,99,43.673965045692285,162.56227528230244,11,0.7,770,2024-09-28 15:00:00,2024-09-28 15:00:00,14.462811376411512,52.06836982522846,748.0,case2,DOM03,141.0790232137759
12,101,48.91843292062114,58.19028772787673,5,0.7,771,2024-09-28 15:00:00,2024-09-28 15:00:00,13.940951438639383,52.09459216460311,168.0,case2,DOM03,31.686197727158227
12,112,59.393578243427356,141.9824622402452,5,0.7,772,2024-09-28 15:00:00,2024-09-28 15:00:00,14.359912311201226,52.14696789121714,785.0,case2,DOM03,148.0575310465429
12,113,65.19720409021623,66.9530504821523,134,0.7,773,2024-09-28 15:00:00,2024-09-28 15:00:00,13.98476525241076,52.17598602045108,706.0,case2,DOM03,133.15747378198637
12,115,74.95083172616089,48.79477388047382,47,0.7,774,2024-09-28 15:00:00,2024-09-28 15:00:00,13.89397386940237,52.22475415863081,141.0,case2,DOM03,26.593773092436365
12,117,74.0769200048655,66.39031071834465,20,0.7,775,2024-09-28 15:00:00,2024-09-28 15:00:00,13.981951553591724,52.220384600024325,106.0,case2,DOM03,19.992481899278403
12,120,77.69882538255516,61.049467659517454,8,0.7,776,2024-09-28 15:00:00,2024-09-28 15:00:00,13.955247338297587,52.23849412691278,416.0,case2,DOM03,78.46106103867751
12,121,79.16952355896846,24.203927880480848,6,0.7,777,2024-09-28 15:00:00,2024-09-28 15:00:00,13.771019639402404,52.24584761779484,859.0,case2,DOM03,162.01454671207688
12,124,92.71402464612775,98.15220427421875,74,0.7,778,2024-09-28 15:00:00,2024-09-28 15:00:00,14.140761021371095,52.31357012323064,406.0,case2,DOM03,76.57497784063239
12,126,94.88203642754586,78.98770321548673,15,0.7,779,2024-09-28 15:00:00,2024-09-28 15:00:00,14.044938516077433,52.32441018213773,209.0,case2,DOM03,39.419138839143265
12,127,95.37871854066533,85.22302615145895,9,0.7,780,2024-09-28 15:00:00,2024-09-28 15:00:00,14.076115130757294,52.32689359270333,244.0,case2,DOM03,46.020430032301235
12,128,110.9485556862671,44.119421634188136,127,0.7,781,2024-09-28 15:00:00,2024-09-28 15:00:00,13.87059710817094,52.404742778431334,1400.0,case2,DOM03,264.05164772631855
12,132,119.2130206100247,131.61427946295944,16,0.7,782,2024-09-28 15:00:00,2024-09-28 15:00:00,14.308071397314798,52.446065103050124,516.0,case2,DOM03,97.32189301912882
12,133,120.2998261930061,28.933380071348502,5,0.7,783,2024-09-28 15:00:00,2024-09-28 15:00:00,13.794666900356743,52.45149913096503,156.0,case2,DOM03,29.422897889504068
12,134,122.4862271697016,35.37946589053842,14,0.7,784,2024-09-28 15:00:00,2024-09-28 15:00:00,13.826897329452692,52.46243113584851,863.0,case2,DOM03,162.7689799912949
12,136,128.9253257257406,62.187062228863965,10,0.7,785,2024-09-28 15:00:00,2024-09-28 15:00:00,13.96093531114432,52.4946266286287,224.0,case2,DOM03,42.248263636210964
12,137,137.07365920705186,94.452665121306,24,0.7,786,2024-09-28 15:00:00,2024-09-28 15:00:00,14.12226332560653,52.53536829603526,534.0,case2,DOM03,100.71684277561008
13,3,0.9202196477648013,4.8467578822933755,36,0.3,787,2024-09-28 15:05:00,2024-09-28 15:05:00,13.674233789411467,51.854601098238824,0.0,case2,DOM03,0.0
13,5,1.990769281453266,55.961005745182455,78,0.3,788,2024-09-28 15:05:00,2024-09-28 15:05:00,13.929805028725912,51.859953846407265,0.0,case2,DOM03,0.0
13,7,1.229373974750869,104.2901359290654,5,0.3,789,2024-09-28 15:05:00,2024-09-28 15:05:00,14.171450679645327,51.856146869873754,0.0,case2,DOM03,0.0
13,9,68.03143376505558,122.85020820499712,8,0.3,790,2024-09-28 15:05:00,2024-09-28 15:05:00,14.264251041024986,52.19015716882527,0.0,case2,DOM03,0.0
13,11,75.79419781339661,120.11874964593844,19,0.3,791,2024-09-28 15:05:00,2024-09-28 15:05:00,14.250593748229692,52.22897098906698,0.0,case2,DOM03,0.0
13,13,106.48486347636192,170.1769193277348,14,0.3,792,2024-09-28 15:05:00,2024-09-28 15:05:00,14.500884596638674,52.38242431738181,2.0,case2,DOM03,0.3772166396090265
13,14,119.34486124678314,178.04994144082602,40,0.3,793,2024-09-28 15:05:00,2024-09-28 15:05:00,14.540249707204131,52.44672430623392,0.0,case2,DOM03,0.0
13,18,138.9553251352048,172.21646410968194,17,0.3,794,2024-09-28 15:05:00,2024-09-28 15:05:00,14.51108232054841,52.54477662567603,0.0,case2,DOM03,0.0
13,21,1.4325046003729618,79.57090852865498,25,0.5,795,2024-09-28 15:05:00,2024-09-28 15:05:00,14.047854542643275,51.85716252300186,52.0,case2,DOM03,9.80763262983469
13,23,3.5526157423334697,159.82254253721823,88,0.5,796,2024-09-28 15:05:00,2024-09-28 15:05:00,14.449112712686091,51.86776307871167,117.0,case2,DOM03,22.06717341712805
13,25,10.509597072491854,20.906988551544913,77,0.5,797,2024-09-28 15:05:00,2024-09-28 15:05:00,13.754534942757726,51.90254798536246,152.0,case2,DOM03,28.668464610286012
13,31,23.884256183062934,25.478878381301538,52,0.5,798,2024-09-28 15:05:00,2024-09-28 15:05:00,13.777394391906508,51.96942128091531,78.0,case2,DOM03,14.711448944752034
13,32,24.6969241327404,36.28091640911183,11,0.5,799,2024-09-28 15:05:00,2024-09-28 15:05:00,13.83140458204556,51.973484620663704,18.0,case2,DOM03,3.3949497564812385
13,34,41.01860759515245,61.15004465430833,9,0.5,800,2024-09-28 15:05:00,2024-09-28 15:05:00,13.955750223271542,52.05509303797576,13.0,case2,DOM03,2.4519081574586723
13,37,51.24048930257701,35.49405511024019,14,0.5,801,2024-09-28 15:05:00,2024-09-28 15:05:00,13.827470275551201,52.10620244651288,82.0,case2,DOM03,15.465882223970086
13,39,54.94829457983217,24.214451580701553,9,0.5,802,2024-09-28 15:05:00,2024-09-28 15:05:00,13.771072257903507,52.12474147289916,73.0,case2,DOM03,13.768407345729466
13,42,74.21708303648799,106.8277943687431,27,0.5,803,2024-09-28 15:05:00,2024-09-28 15:05:00,14.184138971843716,52.221085415182436,39.0,case2,DOM03,7.355724472376017
13,45,86.98228288329308,146.0385495814541,62,0.5,804,2024-09-28 15:05:00,2024-09-28 15:05:00,14.380192747907271,52.28491141441646,139.0,case2,DOM03,26.21655645282734
13,48,91.7204908320896,158.50003480285272,7,0.5,805,2024-09-28 15:05:00,2024-09-28 15:05:00,14.442500174014263,52.30860245416045,20.0,case2,DOM03,3.772166396090265
13,49,97.29397647875554,149.3621893639088,93,0.5,806,2024-09-28 15:05:00,2024-09-28 15:05:00,14.396810946819544,52.33646988239378,171.0,case2,DOM03,32.25202268657176
13,52,102.09527135568841,143.942554997619,7,0.5,807,2024-09-28 15:05:00,2024-09-28 15:05:00,14.369712774988095,52.36047635677844,24.0,case2,DOM03,4.526599675308318
13,53,104.25336566098886,137.52047452296532,8,0.5,808,2024-09-28 15:05:00,2024-09-28 15:05:00,14.337602372614827,52.37126682830494,20.0,case2,DOM03,3.772166396090265
13,54,107.59857098855885,0.5579184954851575,9,0.5,809,2024-09-28 15:05:00,2024-09-28 15:05:00,13.652789592477426,52.387992854942794,42.0,case2,DOM03,7.921549431789557
13,55,110.63735684857676,26.65912293821758,27,0.5,810,2024-09-28 15:05:00,2024-09-28 15:05:00,13.783295614691088,52.403186784242884,83.0,case2,DOM03,15.6544905437746
13,56,109.27225835369917,80.35923023558787,8,0.5,811,2024-09-28 15:05:00,2024-09-28 15:05:00,14.051796151177939,52.3963612917685,35.0,case2,DOM03,6.601291193157963
13,57,108.19555739315146,142.97686014655557,5,0.5,812,2024-09-28 15:05:00,2024-09-28 15:05:00,14.364884300732777,52.390977786965756,11.0,case2,DOM03,2.0746915178496455
13,58,119.33238087052054,145.7298906628416,215,0.5,813,2024-09-28 15:05:00,2024-09-28 15:05:00,14.378649453314209,52.4466619043526,399.0,case2,DOM03,75.25471960200079
13,59,111.89669879928489,6.482286051780609,10,0.5,814,2024-09-28 15:05:00,2024-09-28 15:05:00,13.682411430258902,52.40948349399642,38.0,case2,DOM03,7.167116152571503
13,60,114.73475321077117,129.8441949628235,8,0.5,815,2024-09-28 15:05:00,2024-09-28 15:05:00,14.299220974814117,52.42367376605385,38.0,case2,DOM03,7.167116152571503
13,63,121.7238417458544,1.7993233370575785,28,0.5,816,2024-09-28 15:05:00,2024-09-28 15:05:00,13.658996616685288,52.458619208729274,77.0,case2,DOM03,14.52284062494752
13,67,138.74050978919362,1.51011761468873,22,0.5,817,2024-09-28 15:05:00,2024-09-28 15:05:00,13.657550588073443,52.543702548945966,37.0,case2,DOM03,6.97850783276699
13,69,135.73355205215194,135.14219250981174,5,0.5,818,2024-09-28 15:05:00,2024-09-28 15:05:00,14.325710962549058,52.52866776026076,22.0,case2,DOM03,4.149383035699291
13,70,137.81170813226487,154.26313720326215,12,0.5,819,2024-09-28 15:05:00,2024-09-28 15:05:00,14.42131568601631,52.53905854066132,23.0,case2,DOM03,4.337991355503805
13,72,0.23293796368192443,141.23059255441947,6,0.7,820,2024-09-28 15:05:00,2024-09-28 15:05:00,14.356152962772098,51.85116468981841,28.0,case2,DOM03,5.281032954526371
13,74,1.749747922533987,127.78959122886316,8,0.7,821,2024-09-28 15:05:00,2024-09-28 15:05:00,14.288947956144316,51.85874873961267,74.0,case2,DOM03,13.95701566553398
13,75,5.998769531855198,141.91636672281737,16,0.7,822,2024-09-28 15:05:00,2024-09-28 15:05:00,14.359581833614087,51.87999384765928,307.0,case2,DOM03,57.90275417998557
13,76,7.255042865721421,176.9824682055793,12,0.7,823,2024-09-28 15:05:00,2024-09-28 15:05:00,14.534912341027896,51.886275214328606,99.0,case2,DOM03,18.67222366064681
13,80,21.040282954932238,164.24266199606248,226,0.7,824,2024-09-28 15:05:00,2024-09-28 15:05:00,14.471213309980312,51.955201414774656,639.0,case2,DOM03,120.52071635508396
13,81,21.815311094249044,127.29582272508866,9,0.7,825,2024-09-28 15:05:00,2024-09-28 15:05:00,14.286479113625443,51.95907655547125,648.0,case2,DOM03,122.21819123332459
13,83,28.643545477235836,1.4745415591094344,21,0.7,826,2024-09-28 15:05:00,2024-09-28 15:05:00,13.657372707795547,51.99321772738618,174.0,case2,DOM03,32.8178476459853
13,84,30.06914317666052,178.3481961934116,34,0.7,827,2024-09-28 15:05:00,2024-09-28 15:05:00,14.54174098096706,52.000345715883306,135.0,case2,DOM03,25.462123173609285
13,86,34.31617462183588,144.75572500877024,38,0.7,828,2024-09-28 15:05:00,2024-09-28 15:05:00,14.373778625043851,52.02158087310918,1900.0,case2,DOM03,358.3558076285751
13,89,36.39230116158373,11.59398555636838,12,0.7,829,2024-09-28 15:05:00,2024-09-28 15:05:00,13.707969927781843,52.03196150580792,451.0,case2,DOM03,85.06235223183548
13,90,40.05006338956045,20.007916992232385,8,0.7,830,2024-09-28 15:05:00,2024-09-28 15:05:00,13.750039584961161,52.050250316947796,129.0,case2,DOM03,24.330473254782206
13,95,53.144640551011626,176.61689599961886,6,0.7,831,2024-09-28 15:05:00,2024-09-28 15:05:00,14.533084479998093,52.115723202755056,311.0,case2,DOM03,58.65718745920361
13,96,64.00929926265086,77.07548783875677,147,0.7,832,2024-09-28 15:05:00,2024-09-28 15:05:00,14.035377439193784,52.170046496313255,919.0,case2,DOM03,173.33104590034768
13,97,65.37950314505369,65.71602388970075,5,0.7,833,2024-09-28 15:05:00,2024-09-28 15:05:00,13.978580119448504,52.176897515725265,79.0,case2,DOM03,14.900057264556546
13,99,72.14465533554015,57.846181333869815,44,0.7,834,2024-09-28 15:05:00,2024-09-28 15:05:00,13.93923090666935,52.210723276677705,284.0,case2,DOM03,53.56476282448176
13,100,69.37733727782908,101.3038472229013,17,0.7,835,2024-09-28 15:05:00,2024-09-28 15:05:00,14.156519236114507,52.19688668638915,70.0,case2,DOM03,13.202582386315926
13,101,75.62887808715686,9.14100916363286,5,0.7,836,2024-09-28 15:05:00,2024-09-28 15:05:00,13.695705045818164,52.22814439043578,736.0,case2,DOM03,138.81572337612175
13,102,76.82056746241472,34.508340859658375,12,0.7,837,2024-09-28 15:05:00,2024-09-28 15:05:00,13.822541704298292,52.23410283731207,298.0,case2,DOM03,56.205279301744945
13,104,82.07866063465654,58.51779584928451,9,0.7,838,2024-09-28 15:05:00,2024-09-28 15:05:00,13.942588979246423,52.26039330317328,327.0,case2,DOM03,61.67492057607583
13,105,89.41605059398323,108.133227726198,86,0.7,839,2024-09-28 15:05:00,2024-09-28 15:05:00,14.19066613863099,52.29708025296991,577.0,case2,DOM03,108.82700052720413
13,107,93.26366256139855,87.21393090674376,16,0.7,840,2024-09-28 15:05:00,2024-09-28 15:05:00,14.08606965453372,52.31631831280699,170.0,case2,DOM03,32.06341436676725
13,108,100.41518557657143,57.57905871085455,15,0.7,841,2024-09-28 15:05:00,2024-09-28 15:05:00,13.937895293554273,52.35207592788286,208.0,case2,DOM03,39.23053051933876
13,109,111.21629794310435,55.69649515044024,105,0.7,842,2024-09-28 15:05:00,2024-09-28 15:05:00,13.928482475752201,52.406081489715525,1433.0,case2,DOM03,270.27572227986747
13,113,121.69415914369122,45.71618375016232,17,0.7,843,2024-09-28 15:05:00,2024-09-28 15:05:00,13.878580918750812,52.458470795718455,1001.0,case2,DOM03,188.79692812431776
13,116,135.72607838987082,104.19179946871255,19,0.7,844,2024-09-28 15:05:00,2024-09-28 15:05:00,14.170958997343563,52.528630391949356,515.0,case2,DOM03,97.13328469932432
14,4,1.8162274674733565,64.88837590265659,74,0.3,845,2024-09-28 15:10:00,2024-09-28 15:10:00,13.974441879513282,51.85908113733736,0.0,case2,DOM03,0.0
14,6,0.35900478248105744,104.3956558083089,8,0.3,846,2024-09-28 15:10:00,2024-09-28 15:10:00,14.171978279041545,51.8517950239124,1.0,case2,DOM03,0.18860831980451326
14,8,38.3731989734079,69.17545647427114,17,0.3,847,2024-09-28 15:10:00,2024-09-28 15:10:00,13.995877282371355,52.04186599486704,9.0,case2,DOM03,1.6974748782406193
14,10,64.80279586049808,132.05414027144226,16,0.3,848,2024-09-28 15:10:00,2024-09-28 15:10:00,14.310270701357211,52.17401397930249,0.0,case2,DOM03,0.0
14,13,0.6331318427829855,89.73783139390123,14,0.5,849,2024-09-28 15:10:00,2024-09-28 15:10:00,14.098689156969506,51.853165659213914,50.0,case2,DOM03,9.430415990225661
14,15,6.92802185558913,0.7479626954282756,13,0.5,850,2024-09-28 15:10:00,2024-09-28 15:10:00,13.653739813477141,51.884640109277946,33.0,case2,DOM03,6.224074553548936
14,16,7.648113240245827,28.129155735060113,80,0.5,851,2024-09-28 15:10:00,2024-09-28 15:10:00,13.790645778675302,51.888240566201226,130.0,case2,DOM03,24.519081574586725
14,20,21.898605978118976,34.16923626283234,78,0.5,852,2024-09-28 15:10:00,2024-09-28 15:10:00,13.820846181314161,51.959493029890595,116.0,case2,DOM03,21.878565097323538
14,23,22.717184236103204,45.70278837568604,13,0.5,853,2024-09-28 15:10:00,2024-09-28 15:10:00,13.878513941878431,51.96358592118052,19.0,case2,DOM03,3.5835580762857515
14,26,35.5034193436089,174.70477479431347,5,0.5,854,2024-09-28 15:10:00,2024-09-28 15:10:00,14.523523873971568,52.02751709671804,22.0,case2,DOM03,4.149383035699291
14,31,42.1075171447979,176.48666063636819,30,0.5,855,2024-09-28 15:10:00,2024-09-28 15:10:00,14.53243330318184,52.06053758572399,62.0,case2,DOM03,11.693715827879823
14,34,47.81976998292405,40.52120314278744,6,0.5,856,2024-09-28 15:10:00,2024-09-28 15:10:00,13.852606015713937,52.08909884991462,117.0,case2,DOM03,22.06717341712805
14,41,58.65450580294805,41.066940364605806,6,0.5,857,2024-09-28 15:10:00,2024-09-28 15:10:00,13.855334701823029,52.143272529014745,61.0,case2,DOM03,11.505107508075309
14,47,84.05849477075922,151.69805416325775,44,0.5,858,2024-09-28 15:10:00,2024-09-28 15:10:00,14.408490270816289,52.2702924738538,77.0,case2,DOM03,14.52284062494752
14,49,84.4876136480492,139.5677897236003,9,0.5,859,2024-09-28 15:10:00,2024-09-28 15:10:00,14.347838948618001,52.27243806824025,16.0,case2,DOM03,3.017733116872212
14,51,93.50800349046706,159.01972563176207,53,0.5,860,2024-09-28 15:10:00,2024-09-28 15:10:00,14.44509862815881,52.31754001745234,91.0,case2,DOM03,17.163357102210703
14,52,93.51563392912364,63.45216185292844,6,0.5,861,2024-09-28 15:10:00,2024-09-28 15:10:00,13.967260809264642,52.317578169645614,21.0,case2,DOM03,3.9607747158947784
14,53,97.29770613623239,51.10841084774753,26,0.5,862,2024-09-28 15:10:00,2024-09-28 15:10:00,13.905542054238737,52.336488530681166,58.0,case2,DOM03,10.939282548661769
14,54,96.45148059985591,96.65689490428572,27,0.5,863,2024-09-28 15:10:00,2024-09-28 15:10:00,14.133284474521428,52.33225740299928,136.0,case2,DOM03,25.6507314934138
14,55,96.18404719770714,167.19059170404287,6,0.5,864,2024-09-28 15:10:00,2024-09-28 15:10:00,14.485952958520214,52.330920235988536,22.0,case2,DOM03,4.149383035699291
14,60,101.24160687595466,151.6641643158512,12,0.5,865,2024-09-28 15:10:00,2024-09-28 15:10:00,14.408320821579256,52.35620803437977,53.0,case2,DOM03,9.996240949639201
14,61,108.27950353297945,2.187723038211837,65,0.5,866,2024-09-28 15:10:00,2024-09-28 15:10:00,13.660938615191059,52.3913975176649,134.0,case2,DOM03,25.273514853804773
14,62,104.0141805340934,37.29205555771892,7,0.5,867,2024-09-28 15:10:00,2024-09-28 15:10:00,13.836460277788595,52.37007090267046,53.0,case2,DOM03,9.996240949639201
14,63,104.03486226421532,17.718468212732134,9,0.5,868,2024-09-28 15:10:00,2024-09-28 15:10:00,13.738592341063661,52.37017431132107,33.0,case2,DOM03,6.224074553548936
14,66,109.13673716841362,91.23849266077835,5,0.5,869,2024-09-28 15:10:00,2024-09-28 15:10:00,14.106192463303891,52.39568368584207,18.0,case2,DOM03,3.3949497564812385
14,69,110.04002480586901,151.88863915672042,20,0.5,870,2024-09-28 15:10:00,2024-09-28 15:10:00,14.409443195783602,52.40020012402935,25.0,case2,DOM03,4.715207995112831
14,73,120.85569796176824,157.38120455374278,155,0.5,871,2024-09-28 15:10:00,2024-09-28 15:10:00,14.436906022768714,52.45427848980884,310.0,case2,DOM03,58.468579139399104
14,75,120.14427003335544,11.719950234461544,25,0.5,872,2024-09-28 15:10:00,2024-09-28 15:10:00,13.708599751172308,52.45072135016678,60.0,case2,DOM03,11.316499188270795
14,76,123.0081764713426,6.433339492079203,18,0.5,873,2024-09-28 15:10:00,2024-09-28 15:10:00,13.682166697460396,52.46504088235672,78.0,case2,DOM03,14.711448944752034
14,80,129.26107957801221,84.68679798451538,31,0.5,874,2024-09-28 15:10:00,2024-09-28 15:10:00,14.073433989922577,52.49630539789006,84.0,case2,DOM03,15.843098863579113
14,81,134.91521591936353,4.518543864644257,143,0.5,875,2024-09-28 15:10:00,2024-09-28 15:10:00,13.672592719323221,52.52457607959682,194.0,case2,DOM03,36.590014042075566
14,89,139.84890695314056,83.66184351146806,11,0.5,876,2024-09-28 15:10:00,2024-09-28 15:10:00,14.06830921755734,52.5492445347657,51.0,case2,DOM03,9.619024310030175
14,90,139.72132862387193,129.6526483090833,6,0.5,877,2024-09-28 15:10:00,2024-09-28 15:10:00,14.298263241545417,52.548606643119356,38.0,case2,DOM03,7.167116152571503
14,94,3.485087366005182,151.03240249876998,11,0.7,878,2024-09-28 15:10:00,2024-09-28 15:10:00,14.405162012493848,51.867425436830025,362.0,case2,DOM03,68.2762117692338
14,96,15.94486878578467,158.97733736341974,36,0.7,879,2024-09-28 15:10:00,2024-09-28 15:10:00,14.4448866868171,51.929724343928925,113.0,case2,DOM03,21.312740137909998
14,97,20.57159247784608,174.35907013332195,138,0.7,880,2024-09-28 15:10:00,2024-09-28 15:10:00,14.52179535066661,51.95285796238923,539.0,case2,DOM03,101.65988437463264
14,98,16.361490833243238,165.82752195665384,9,0.7,881,2024-09-28 15:10:00,2024-09-28 15:10:00,14.479137609783269,51.93180745416622,87.0,case2,DOM03,16.40892382299265
14,101,30.129198508322137,5.915874957993892,126,0.7,882,2024-09-28 15:10:00,2024-09-28 15:10:00,13.67957937478997,52.000645992541614,1089.0,case2,DOM03,205.39446026711494
14,102,28.532576737524995,20.8274849362803,6,0.7,883,2024-09-28 15:10:00,2024-09-28 15:10:00,13.754137424681403,51.99266288368762,41.0,case2,DOM03,7.732941111985043
14,103,31.41524605583227,153.79488696860884,18,0.7,884,2024-09-28 15:10:00,2024-09-28 15:10:00,14.418974434843044,52.00707623027916,2332.0,case2,DOM03,439.8346017841249
14,105,34.97017430542226,20.23025553333565,13,0.7,885,2024-09-28 15:10:00,2024-09-28 15:10:00,13.751151277666679,52.02485087152711,65.0,case2,DOM03,12.259540787293362
14,110,62.02732502880278,85.41314144006529,152,0.7,886,2024-09-28 15:10:00,2024-09-28 15:10:00,14.077065707200326,52.16013662514401,827.0,case2,DOM03,155.97908047833246
14,111,67.39598218341546,111.31104114381321,29,0.7,887,2024-09-28 15:10:00,2024-09-28 15:10:00,14.206555205719066,52.186979910917074,117.0,case2,DOM03,22.06717341712805
14,112,68.81358758290266,66.201095087126,14,0.7,888,2024-09-28 15:10:00,2024-09-28 15:10:00,13.98100547543563,52.19406793791451,225.0,case2,DOM03,42.43687195601548
14,114,74.37941746195234,44.157935943872026,18,0.7,889,2024-09-28 15:10:00,2024-09-28 15:10:00,13.87078967971936,52.22189708730976,994.0,case2,DOM03,187.47666988568616
14,118,82.00472390307243,68.645751986043,15,0.7,890,2024-09-28 15:10:00,2024-09-28 15:10:00,13.993228759930215,52.26002361951536,493.0,case2,DOM03,92.98390166362503
14,119,85.3747781031839,116.04283838525429,68,0.7,891,2024-09-28 15:10:00,2024-09-28 15:10:00,14.230214191926272,52.27687389051592,831.0,case2,DOM03,156.7335137575505
14,121,91.20911343295931,96.28873147718271,5,0.7,892,2024-09-28 15:10:00,2024-09-28 15:10:00,14.131443657385914,52.306045567164794,98.0,case2,DOM03,18.4836153408423
14,124,110.80780624592246,66.7791203259566,122,0.7,893,2024-09-28 15:10:00,2024-09-28 15:10:00,13.983895601629783,52.404039031229615,2289.0,case2,DOM03,431.72444403253087
14,126,118.982725542518,113.67966256618872,6,0.7,894,2024-09-28 15:10:00,2024-09-28 15:10:00,14.218398312830944,52.44491362771259,831.0,case2,DOM03,156.7335137575505
15,4,1.8700986267852457,73.37039132918738,77,0.3,895,2024-09-28 15:15:00,2024-09-28 15:15:00,14.016851956645937,51.859350493133924,0.0,case2,DOM03,0.0
15,5,2.1783729977328954,99.7269667502347,125,0.3,896,2024-09-28 15:15:00,2024-09-28 15:15:00,14.148634833751174,51.860891864988666,29.0,case2,DOM03,5.469641274330884
15,9,61.87253829341175,142.96063281118865,18,0.3,897,2024-09-28 15:15:00,2024-09-28 15:15:00,14.364803164055944,52.15936269146706,0.0,case2,DOM03,0.0
15,14,113.24468368213024,2.6523698030183085,13,0.3,898,2024-09-28 15:15:00,2024-09-28 15:15:00,13.663261849015091,52.41622341841065,0.0,case2,DOM03,0.0
15,16,1.9474193291617503,0.34020956028313576,10,0.5,899,2024-09-28 15:15:00,2024-09-28 15:15:00,13.651701047801415,51.85973709664581,11.0,case2,DOM03,2.0746915178496455
15,17,3.8214227226064263,9.96761930713745,28,0.5,900,2024-09-28 15:15:00,2024-09-28 15:15:00,13.699838096535686,51.86910711361303,62.0,case2,DOM03,11.693715827879823
15,20,1.2663770513544168,173.3737310875774,8,0.5,901,2024-09-28 15:15:00,2024-09-28 15:15:00,14.516868655437888,51.85633188525677,34.0,case2,DOM03,6.41268287335345
15,22,3.9336325842667628,44.04221565425526,13,0.5,902,2024-09-28 15:15:00,2024-09-28 15:15:00,13.870211078271275,51.86966816292133,50.0,case2,DOM03,9.430415990225661
15,23,5.668095103412626,33.264131735849936,34,0.5,903,2024-09-28 15:15:00,2024-09-28 15:15:00,13.816320658679249,51.878340475517064,50.0,case2,DOM03,9.430415990225661
15,24,14.556245886639536,1.8789745176690864,95,0.5,904,2024-09-28 15:15:00,2024-09-28 15:15:00,13.659394872588345,51.9227812294332,1.0,case2,DOM03,0.18860831980451326
15,29,20.43663460659311,54.544021253439745,8,0.5,905,2024-09-28 15:15:00,2024-09-28 15:15:00,13.9227201062672,51.952183173032964,16.0,case2,DOM03,3.017733116872212
15,31,33.69348003647038,133.96176104993248,9,0.5,906,2024-09-28 15:15:00,2024-09-28 15:15:00,14.319808805249663,52.01846740018235,14.0,case2,DOM03,2.6405164772631853
15,33,41.06870649408966,43.87974167139163,5,0.5,907,2024-09-28 15:15:00,2024-09-28 15:15:00,13.869398708356957,52.055343532470445,121.0,case2,DOM03,22.821606696346105
15,37,45.666033590437564,47.7539329419151,17,0.5,908,2024-09-28 15:15:00,2024-09-28 15:15:00,13.888769664709576,52.07833016795219,80.0,case2,DOM03,15.08866558436106
15,38,56.48592176834416,167.56335829158672,447,0.5,909,2024-09-28 15:15:00,2024-09-28 15:15:00,14.487816791457934,52.13242960884172,548.0,case2,DOM03,103.35735925287325
15,41,53.18164007202123,145.66088704531384,6,0.5,910,2024-09-28 15:15:00,2024-09-28 15:15:00,14.37830443522657,52.11590820036011,24.0,case2,DOM03,4.526599675308318
15,42,60.5795190730854,41.39024841755967,15,0.5,911,2024-09-28 15:15:00,2024-09-28 15:15:00,13.8569512420878,52.152897595365424,126.0,case2,DOM03,23.76464829536867
15,49,74.61451728414445,44.08810756380031,440,0.5,912,2024-09-28 15:15:00,2024-09-28 15:15:00,13.870440537819,52.22307258642072,705.0,case2,DOM03,132.96886546218184
15,53,82.14735477424435,159.8929213430499,27,0.5,913,2024-09-28 15:15:00,2024-09-28 15:15:00,14.44946460671525,52.26073677387122,42.0,case2,DOM03,7.921549431789557
15,54,81.0,169.87611732617287,5,0.5,914,2024-09-28 15:15:00,2024-09-28 15:15:00,14.499380586630865,52.255,45.0,case2,DOM03,8.487374391203096
15,55,84.4613996400308,0.8256624955677111,5,0.5,915,2024-09-28 15:15:00,2024-09-28 15:15:00,13.654128312477837,52.27230699820016,21.0,case2,DOM03,3.9607747158947784
15,57,87.48968169058323,2.060729569501973,5,0.5,916,2024-09-28 15:15:00,2024-09-28 15:15:00,13.66030364784751,52.28744840845292,26.0,case2,DOM03,4.903816314917345
15,59,90.27977758764519,169.87254277008253,11,0.5,917,2024-09-28 15:15:00,2024-09-28 15:15:00,14.499362713850413,52.30139888793823,26.0,case2,DOM03,4.903816314917345
15,60,91.30077975912218,42.362808613137766,15,0.5,918,2024-09-28 15:15:00,2024-09-28 15:15:00,13.861814043065689,52.30650389879561,63.0,case2,DOM03,11.882324147684335
15,62,93.57176798690685,164.22598208211872,8,0.5,919,2024-09-28 15:15:00,2024-09-28 15:15:00,14.471129910410594,52.31785883993453,24.0,case2,DOM03,4.526599675308318
15,65,104.51604467272695,5.581630682149516,167,0.5,920,2024-09-28 15:15:00,2024-09-28 15:15:00,13.677908153410748,52.372580223363634,240.0,case2,DOM03,45.26599675308318
15,66,98.18275061483486,40.83231249195676,13,0.5,921,2024-09-28 15:15:00,2024-09-28 15:15:00,13.854161562459785,52.340913753074176,43.0,case2,DOM03,8.11015775159407
15,67,98.82610701216403,160.07239850174088,19,0.5,922,2024-09-28 15:15:00,2024-09-28 15:15:00,14.450361992508704,52.34413053506082,34.0,case2,DOM03,6.41268287335345
15,68,99.98624152501415,26.710879856575392,19,0.5,923,2024-09-28 15:15:00,2024-09-28 15:15:00,13.783554399282878,52.34993120762507,47.0,case2,DOM03,8.864591030812122
15,69,105.85060373635805,29.75956889590537,9,0.5,924,2024-09-28 15:15:00,2024-09-28 15:15:00,13.798797844479527,52.379253018681794,18.0,case2,DOM03,3.3949497564812385
15,70,107.67486901365858,162.09793921570042,39,0.5,925,2024-09-28 15:15:00,2024-09-28 15:15:00,14.460489696078502,52.38837434506829,60.0,case2,DOM03,11.316499188270795
15,73,112.0251006020496,152.08062068705985,6,0.5,926,2024-09-28 15:15:00,2024-09-28 15:15:00,14.4104031034353,52.41012550301024,25.0,case2,DOM03,4.715207995112831
15,74,113.11336670631194,159.0797928206778,13,0.5,927,2024-09-28 15:15:00,2024-09-28 15:15:00,14.44539896410339,52.41556683353156,41.0,case2,DOM03,7.732941111985043
15,77,114.06917929866044,52.346254956913995,6,0.5,928,2024-09-28 15:15:00,2024-09-28 15:15:00,13.91173127478457,52.4203458964933,15.0,case2,DOM03,2.8291247970676987
15,78,118.21138632856156,20.377808459897075,13,0.5,929,2024-09-28 15:15:00,2024-09-28 15:15:00,13.751889042299485,52.441056931642805,36.0,case2,DOM03,6.789899512962477
15,79,118.79877560750582,36.037284000722565,44,0.5,930,2024-09-28 15:15:00,2024-09-28 15:15:00,13.830186420003614,52.44399387803753,110.0,case2,DOM03,20.746915178496458
15,80,122.12140555613296,168.67946965372826,97,0.5,931,2024-09-28 15:15:00,2024-09-28 15:15:00,14.49339734826864,52.46060702778067,231.0,case2,DOM03,43.56852187484256
15,81,133.40417394546256,8.845972335486966,389,0.5,932,2024-09-28 15:15:00,2024-09-28 15:15:00,13.694229861677435,52.51702086972731,511.0,case2,DOM03,96.37885142010626
15,83,131.78610973612524,43.78302917087432,150,0.5,933,2024-09-28 15:15:00,2024-09-28 15:15:00,13.868915145854372,52.508930548680624,338.0,case2,DOM03,63.74961209392548
15,85,130.452316954203,97.1311586446994,21,0.5,934,2024-09-28 15:15:00,2024-09-28 15:15:00,14.135655793223497,52.50226158477101,77.0,case2,DOM03,14.52284062494752
15,87,129.81486341710965,72.6652337722918,5,0.5,935,2024-09-28 15:15:00,2024-09-28 15:15:00,14.01332616886146,52.49907431708555,44.0,case2,DOM03,8.298766071398582
15,90,138.81790756024833,95.83362197844109,35,0.5,936,2024-09-28 15:15:00,2024-09-28 15:15:00,14.129168109892206,52.54408953780124,120.0,case2,DOM03,22.63299837654159
15,91,139.10044493761185,177.16977334467347,15,0.5,937,2024-09-28 15:15:00,2024-09-28 15:15:00,14.535848866723368,52.54550222468806,40.0,case2,DOM03,7.54433279218053
15,94,0.5721676166246729,159.480879343102,10,0.7,938,2024-09-28 15:15:00,2024-09-28 15:15:00,14.447404396715509,51.852860838083124,49.0,case2,DOM03,9.24180767042115
15,95,17.859870132016937,174.99970981931895,94,0.7,939,2024-09-28 15:15:00,2024-09-28 15:15:00,14.524998549096596,51.939299350660086,1952.0,case2,DOM03,368.1634402584099
15,98,26.271055987291007,17.335107800209332,128,0.7,940,2024-09-28 15:15:00,2024-09-28 15:15:00,13.736675539001046,51.98135527993645,1159.0,case2,DOM03,218.59704265343086
15,100,27.415822647616128,29.703943655655177,8,0.7,941,2024-09-28 15:15:00,2024-09-28 15:15:00,13.798519718278277,51.98707911323808,30.0,case2,DOM03,5.658249594135397
15,101,35.406839712588614,5.665630510302143,70,0.7,942,2024-09-28 15:15:00,2024-09-28 15:15:00,13.678328152551511,52.027034198562944,644.0,case2,DOM03,121.46375795410653
15,102,33.99141360999162,29.565047311931643,14,0.7,943,2024-09-28 15:15:00,2024-09-28 15:15:00,13.797825236559659,52.01995706804996,55.0,case2,DOM03,10.373457589248229
15,104,60.32072395888752,94.06841029103772,133,0.7,944,2024-09-28 15:15:00,2024-09-28 15:15:00,14.120342051455188,52.151603619794436,1520.0,case2,DOM03,286.68464610286014
15,105,64.71896450436559,121.25807442717084,27,0.7,945,2024-09-28 15:15:00,2024-09-28 15:15:00,14.256290372135854,52.17359482252183,113.0,case2,DOM03,21.312740137909998
15,108,78.58576620997447,134.2512192804662,5,0.7,946,2024-09-28 15:15:00,2024-09-28 15:15:00,14.321256096402331,52.24292883104987,87.0,case2,DOM03,16.40892382299265
15,109,81.22951994884913,129.21003781393065,26,0.7,947,2024-09-28 15:15:00,2024-09-28 15:15:00,14.296050189069653,52.256147599744246,141.0,case2,DOM03,26.593773092436365
15,110,84.90018303034033,120.33423359397023,35,0.7,948,2024-09-28 15:15:00,2024-09-28 15:15:00,14.251671167969851,52.2745009151517,856.0,case2,DOM03,161.44872175266335
15,112,98.08125308942402,73.8819480146571,6,0.7,949,2024-09-28 15:15:00,2024-09-28 15:15:00,14.019409740073286,52.34040626544712,211.0,case2,DOM03,39.79635547875229
15,113,108.13032481077644,71.65804982066923,74,0.7,950,2024-09-28 15:15:00,2024-09-28 15:15:00,14.008290249103347,52.39065162405388,985.0,case2,DOM03,185.77919500744554
15,115,105.44595741177156,85.55115577828899,6,0.7,951,2024-09-28 15:15:00,2024-09-28 15:15:00,14.077755778891445,52.37722978705886,296.0,case2,DOM03,55.82806266213592
15,119,115.04642919008569,92.4316218557081,8,0.7,952,2024-09-28 15:15:00,2024-09-28 15:15:00,14.11215810927854,52.425232145950424,141.0,case2,DOM03,26.593773092436365
15,121,117.38786378984464,101.45599280701705,8,0.7,953,2024-09-28 15:15:00,2024-09-28 15:15:00,14.157279964035085,52.43693931894922,241.0,case2,DOM03,45.45460507288769
15,122,116.99040029399355,124.36582188890856,6,0.7,954,2024-09-28 15:15:00,2024-09-28 15:15:00,14.271829109444543,52.43495200146997,1050.0,case2,DOM03,198.03873579473893
16,4,1.2391813911481617,79.15158061193513,20,0.3,955,2024-09-28 15:20:00,2024-09-28 15:20:00,14.045757903059675,51.85619590695574,0.0,case2,DOM03,0.0
16,5,0.2770896247856593,86.92412395980071,8,0.3,956,2024-09-28 15:20:00,2024-09-28 15:20:00,14.084620619799004,51.85138544812393,0.0,case2,DOM03,0.0
16,6,1.9800007169376292,106.15723976737537,59,0.3,957,2024-09-28 15:20:00,2024-09-28 15:20:00,14.180786198836877,51.859900003584684,3.0,case2,DOM03,0.5658249594135397
16,8,3.675767604008573,115.14433802399708,11,0.3,958,2024-09-28 15:20:00,2024-09-28 15:20:00,14.225721690119984,51.86837883802004,0.0,case2,DOM03,0.0
16,10,27.545770242289567,92.33614997123532,10,0.3,959,2024-09-28 15:20:00,2024-09-28 15:20:00,14.111680749856177,51.98772885121145,0.0,case2,DOM03,0.0
16,12,33.173297162127824,104.84665333085934,48,0.3,960,2024-09-28 15:20:00,2024-09-28 15:20:00,14.174233266654298,52.01586648581064,0.0,case2,DOM03,0.0
16,15,2.2380281854065225,19.51493034894965,22,0.5,961,2024-09-28 15:20:00,2024-09-28 15:20:00,13.747574651744747,51.861190140927036,44.0,case2,DOM03,8.298766071398582
16,18,3.6118188986180852,42.79228706074361,40,0.5,962,2024-09-28 15:20:00,2024-09-28 15:20:00,13.863961435303718,51.86805909449309,46.0,case2,DOM03,8.67598271100761
16,24,16.766894446068708,51.959014902789384,61,0.5,963,2024-09-28 15:20:00,2024-09-28 15:20:00,13.909795074513948,51.933834472230345,101.0,case2,DOM03,19.04944030025584
16,28,39.3078100193373,98.8698270907077,16,0.5,964,2024-09-28 15:20:00,2024-09-28 15:20:00,14.144349135453538,52.04653905009668,25.0,case2,DOM03,4.715207995112831
16,31,56.19848258605355,173.35956893602912,172,0.5,965,2024-09-28 15:20:00,2024-09-28 15:20:00,14.516797844680147,52.13099241293027,1.0,case2,DOM03,0.18860831980451326
16,35,73.07553767976323,53.332970376600926,349,0.5,966,2024-09-28 15:20:00,2024-09-28 15:20:00,13.916664851883006,52.21537768839882,705.0,case2,DOM03,132.96886546218184
16,36,61.0496273364852,64.75784783378552,13,0.5,967,2024-09-28 15:20:00,2024-09-28 15:20:00,13.973789239168928,52.155248136682424,72.0,case2,DOM03,13.579799025924954
16,42,76.9125142062808,86.36844679750163,43,0.5,968,2024-09-28 15:20:00,2024-09-28 15:20:00,14.081842233987508,52.234562571031404,100.0,case2,DOM03,18.860831980451323
16,44,78.24567301797299,76.72000992833898,13,0.5,969,2024-09-28 15:20:00,2024-09-28 15:20:00,14.033600049641695,52.24122836508987,63.0,case2,DOM03,11.882324147684335
16,46,78.5185294209492,177.74339087004802,10,0.5,970,2024-09-28 15:20:00,2024-09-28 15:20:00,14.53871695435024,52.24259264710474,18.0,case2,DOM03,3.3949497564812385
16,47,79.11526084282436,153.73616474887834,14,0.5,971,2024-09-28 15:20:00,2024-09-28 15:20:00,14.418680823744392,52.24557630421412,19.0,case2,DOM03,3.5835580762857515
16,48,79.46561498340486,168.7062082102289,32,0.5,972,2024-09-28 15:20:00,2024-09-28 15:20:00,14.493531041051144,52.24732807491702,51.0,case2,DOM03,9.619024310030175
16,51,85.90861395314876,0.8366092801391283,11,0.5,973,2024-09-28 15:20:00,2024-09-28 15:20:00,13.654183046400695,52.279543069765744,30.0,case2,DOM03,5.658249594135397
16,54,92.59763295920813,153.60553043108914,16,0.5,974,2024-09-28 15:20:00,2024-09-28 15:20:00,14.418027652155446,52.31298816479604,37.0,case2,DOM03,6.97850783276699
16,55,92.34025569773239,175.55499228961241,13,0.5,975,2024-09-28 15:20:00,2024-09-28 15:20:00,14.527774961448062,52.31170127848866,76.0,case2,DOM03,14.334232305143006
16,57,93.06402467419825,68.58321561618413,14,0.5,976,2024-09-28 15:20:00,2024-09-28 15:20:00,13.99291607808092,52.31532012337099,40.0,case2,DOM03,7.54433279218053
16,58,97.34466916009592,11.207103719070778,86,0.5,977,2024-09-28 15:20:00,2024-09-28 15:20:00,13.706035518595353,52.33672334580048,208.0,case2,DOM03,39.23053051933876
16,59,94.12409048210061,167.5894520171495,5,0.5,978,2024-09-28 15:20:00,2024-09-28 15:20:00,14.487947260085747,52.3206204524105,18.0,case2,DOM03,3.3949497564812385
16,60,95.75560701918872,35.799968036239925,23,0.5,979,2024-09-28 15:20:00,2024-09-28 15:20:00,13.828999840181199,52.328778035095944,67.0,case2,DOM03,12.636757426902387
16,64,105.01033817232607,11.70807716549868,63,0.5,980,2024-09-28 15:20:00,2024-09-28 15:20:00,13.708540385827494,52.37505169086163,106.0,case2,DOM03,19.992481899278403
16,67,104.98870958357638,150.91476429316293,9,0.5,981,2024-09-28 15:20:00,2024-09-28 15:20:00,14.404573821465814,52.37494354791788,27.0,case2,DOM03,5.092424634721858
16,68,105.23072672707235,171.92445239330524,36,0.5,982,2024-09-28 15:20:00,2024-09-28 15:20:00,14.509622261966527,52.37615363363536,47.0,case2,DOM03,8.864591030812122
16,72,111.51187733663916,168.81484513750692,5,0.5,983,2024-09-28 15:20:00,2024-09-28 15:20:00,14.494074225687534,52.4075593866832,53.0,case2,DOM03,9.996240949639201
16,76,119.54096782158996,176.2682238096146,55,0.5,984,2024-09-28 15:20:00,2024-09-28 15:20:00,14.531341119048072,52.44770483910795,118.0,case2,DOM03,22.255781736932565
16,77,120.447540480094,4.662803172596287,59,0.5,985,2024-09-28 15:20:00,2024-09-28 15:20:00,13.673314015862982,52.452237702400474,99.0,case2,DOM03,18.67222366064681
16,78,133.729241640599,13.74293666837748,527,0.5,986,2024-09-28 15:20:00,2024-09-28 15:20:00,13.718714683341888,52.518646208202995,675.0,case2,DOM03,127.31061586804645
16,83,136.96717532968236,108.53561257764062,105,0.5,987,2024-09-28 15:20:00,2024-09-28 15:20:00,14.192678062888204,52.53483587664841,253.0,case2,DOM03,47.71790491054185
16,85,0.9161744111115433,3.8719046040447127,25,0.7,988,2024-09-28 15:20:00,2024-09-28 15:20:00,13.669359523020225,51.85458087205556,68.0,case2,DOM03,12.8253657467069
16,86,13.718480940157985,175.7946432786755,35,0.7,989,2024-09-28 15:20:00,2024-09-28 15:20:00,14.528973216393377,51.91859240470079,1726.0,case2,DOM03,325.5379599825898
16,87,18.514585446868086,2.310129540737037,40,0.7,990,2024-09-28 15:20:00,2024-09-28 15:20:00,13.661550647703686,51.94257292723434,298.0,case2,DOM03,56.205279301744945
16,89,23.77296230506094,27.40188197316938,118,0.7,991,2024-09-28 15:20:00,2024-09-28 15:20:00,13.787009409865847,51.96886481152531,390.0,case2,DOM03,73.55724472376018
16,90,26.56011105117038,17.264592278756567,6,0.7,992,2024-09-28 15:20:00,2024-09-28 15:20:00,13.736322961393782,51.98280055525585,48.0,case2,DOM03,9.053199350616635
16,97,31.011291128216293,2.301766159914958,6,0.7,993,2024-09-28 15:20:00,2024-09-28 15:20:00,13.661508830799574,52.00505645564108,125.0,case2,DOM03,23.576039975564157
16,98,33.69621525470903,14.73376756516134,57,0.7,994,2024-09-28 15:20:00,2024-09-28 15:20:00,13.723668837825807,52.018481076273545,1665.0,case2,DOM03,314.0328524745145
16,99,32.89538937290679,39.14107077311637,6,0.7,995,2024-09-28 15:20:00,2024-09-28 15:20:00,13.845705353865583,52.014476946864534,101.0,case2,DOM03,19.04944030025584
16,100,58.46512934660672,102.55544982825286,119,0.7,996,2024-09-28 15:20:00,2024-09-28 15:20:00,14.162777249141264,52.142325646733035,1313.0,case2,DOM03,247.64272390332587
16,101,61.483272488370694,129.3424435888962,17,0.7,997,2024-09-28 15:20:00,2024-09-28 15:20:00,14.296712217944481,52.15741636244185,141.0,case2,DOM03,26.593773092436365
16,103,78.13923569310798,138.45776756073224,69,0.7,998,2024-09-28 15:20:00,2024-09-28 15:20:00,14.342288837803661,52.24069617846554,1.0,case2,DOM03,0.18860831980451326
16,104,84.5187501720647,128.57091493371442,16,0.7,999,2024-09-28 15:20:00,2024-09-28 15:20:00,14.292854574668572,52.272593750860324,1044.0,case2,DOM03,196.90708587591183
16,106,103.44167330036123,90.88946636357628,5,0.7,1000,2024-09-28 15:20:00,2024-09-28 15:20:00,14.104447331817882,52.367208366501806,225.0,case2,DOM03,42.43687195601548
16,107,106.41809896414668,84.54241252372856,35,0.7,1001,2024-09-28 15:20:00,2024-09-28 15:20:00,14.072712062618642,52.38209049482074,563.0,case2,DOM03,106.18648404994096
16,108,108.44144661125036,74.5569012165381,10,0.7,1002,2024-09-28 15:20:00,2024-09-28 15:20:00,14.02278450608269,52.392207233056254,1093.0,case2,DOM03,206.14889354633297
16,109,113.62345912409522,91.04320614992533,8,0.7,1003,2024-09-28 15:20:00,2024-09-28 15:20:00,14.105216030749627,52.418117295620476,1705.0,case2,DOM03,321.5771852666951
17,4,0.32879133320424686,62.18148482622247,10,0.3,1004,2024-09-28 15:25:00,2024-09-28 15:25:00,13.960907424131113,51.851643956666024,1.0,case2,DOM03,0.18860831980451326
17,5,0.6498238838500683,96.39348890608814,12,0.3,1005,2024-09-28 15:25:00,2024-09-28 15:25:00,14.13196744453044,51.853249119419246,0.0,case2,DOM03,0.0
17,13,29.70017762217877,114.50260694263994,45,0.3,1006,2024-09-28 15:25:00,2024-09-28 15:25:00,14.2225130347132,51.99850088811089,3.0,case2,DOM03,0.5658249594135397
17,17,86.49842578695726,0.6301148774647011,23,0.3,1007,2024-09-28 15:25:00,2024-09-28 15:25:00,13.653150574387324,52.282492128934784,0.0,case2,DOM03,0.0
17,20,0.780785288964598,28.883602819048313,15,0.5,1008,2024-09-28 15:25:00,2024-09-28 15:25:00,13.79441801409524,51.85390392644482,47.0,case2,DOM03,8.864591030812122
17,21,1.1302878235445084,52.732572681698755,20,0.5,1009,2024-09-28 15:25:00,2024-09-28 15:25:00,13.913662863408495,51.85565143911772,39.0,case2,DOM03,7.355724472376017
17,22,24.976946107472642,172.54937550499213,595,0.5,1010,2024-09-28 15:25:00,2024-09-28 15:25:00,14.512746877524961,51.97488473053736,1.0,case2,DOM03,0.18860831980451326
17,26,8.725971029313726,168.39572775149244,5,0.5,1011,2024-09-28 15:25:00,2024-09-28 15:25:00,14.491978638757463,51.89362985514657,969.0,case2,DOM03,182.76146189057332
17,27,10.872378152184968,67.29848381693301,9,0.5,1012,2024-09-28 15:25:00,2024-09-28 15:25:00,13.986492419084664,51.904361890760924,15.0,case2,DOM03,2.8291247970676987
17,29,14.876376930563278,59.11591810016817,24,0.5,1013,2024-09-28 15:25:00,2024-09-28 15:25:00,13.945579590500842,51.92438188465282,34.0,case2,DOM03,6.41268287335345
17,30,18.24185137782383,0.7992247823887798,15,0.5,1014,2024-09-28 15:25:00,2024-09-28 15:25:00,13.653996123911943,51.94120925688912,40.0,case2,DOM03,7.54433279218053
17,32,37.352323903759434,109.02285335828057,8,0.5,1015,2024-09-28 15:25:00,2024-09-28 15:25:00,14.195114266791403,52.03676161951879,20.0,case2,DOM03,3.772166396090265
17,41,51.51992912655629,134.73164069007174,16,0.5,1016,2024-09-28 15:25:00,2024-09-28 15:25:00,14.323658203450359,52.10759964563278,34.0,case2,DOM03,6.41268287335345
17,42,52.24422417121739,179.34247338518395,7,0.5,1017,2024-09-28 15:25:00,2024-09-28 15:25:00,14.54671236692592,52.11122112085609,14.0,case2,DOM03,2.6405164772631853
17,43,53.55264298449599,127.20047129817925,14,0.5,1018,2024-09-28 15:25:00,2024-09-28 15:25:00,14.286002356490897,52.117763214922476,29.0,case2,DOM03,5.469641274330884
17,45,57.52318345464826,139.19626438377574,69,0.5,1019,2024-09-28 15:25:00,2024-09-28 15:25:00,14.34598132191888,52.13761591727324,95.0,case2,DOM03,17.91779038142876
17,47,59.67953806377673,63.19042125672939,23,0.5,1020,2024-09-28 15:25:00,2024-09-28 15:25:00,13.965952106283646,52.14839769031888,63.0,case2,DOM03,11.882324147684335
17,48,56.65300682800916,175.7863091003995,7,0.5,1021,2024-09-28 15:25:00,2024-09-28 15:25:00,14.528931545501997,52.133265034140045,29.0,case2,DOM03,5.469641274330884
17,53,71.92341395407041,65.41705169195968,353,0.5,1022,2024-09-28 15:25:00,2024-09-28 15:25:00,13.977085258459798,52.20961706977035,610.0,case2,DOM03,115.05107508075308
17,56,61.89924864142419,178.77440505369677,11,0.5,1023,2024-09-28 15:25:00,2024-09-28 15:25:00,14.543872025268485,52.159496243207116,28.0,case2,DOM03,5.281032954526371
17,59,72.73058944479499,48.5084602249412,10,0.5,1024,2024-09-28 15:25:00,2024-09-28 15:25:00,13.892542301124706,52.21365294722398,19.0,case2,DOM03,3.5835580762857515
17,61,76.82837068526857,162.03460110079556,12,0.5,1025,2024-09-28 15:25:00,2024-09-28 15:25:00,14.460173005503979,52.234141853426344,22.0,case2,DOM03,4.149383035699291
17,62,75.99717634997883,176.60452641783237,20,0.5,1026,2024-09-28 15:25:00,2024-09-28 15:25:00,14.533022632089162,52.22998588174989,39.0,case2,DOM03,7.355724472376017
17,67,87.45838470550079,92.33905639367944,110,0.5,1027,2024-09-28 15:25:00,2024-09-28 15:25:00,14.111695281968396,52.287291923527505,336.0,case2,DOM03,63.372395454316454
17,72,90.55741738441444,21.09115941530378,46,0.5,1028,2024-09-28 15:25:00,2024-09-28 15:25:00,13.75545579707652,52.30278708692207,123.0,case2,DOM03,23.19882333595513
17,73,88.03549585253832,80.69736518199461,6,0.5,1029,2024-09-28 15:25:00,2024-09-28 15:25:00,14.053486825909973,52.29017747926269,40.0,case2,DOM03,7.54433279218053
17,74,89.88824660477235,164.7111539948268,9,0.5,1030,2024-09-28 15:25:00,2024-09-28 15:25:00,14.473555769974134,52.299441233023856,38.0,case2,DOM03,7.167116152571503
17,75,91.16565017981596,45.65990533832216,43,0.5,1031,2024-09-28 15:25:00,2024-09-28 15:25:00,13.878299526691611,52.30582825089908,257.0,case2,DOM03,48.4723381897599
17,78,94.69810755736772,9.873166399982646,6,0.5,1032,2024-09-28 15:25:00,2024-09-28 15:25:00,13.699365831999913,52.32349053778684,19.0,case2,DOM03,3.5835580762857515
17,79,97.62991809389935,18.257210443332102,12,0.5,1033,2024-09-28 15:25:00,2024-09-28 15:25:00,13.74128605221666,52.3381495904695,22.0,case2,DOM03,4.149383035699291
17,81,97.47437445278501,49.80710928217202,8,0.5,1034,2024-09-28 15:25:00,2024-09-28 15:25:00,13.899035546410861,52.33737187226393,15.0,case2,DOM03,2.8291247970676987
17,85,101.63082416017193,84.59475032231977,9,0.5,1035,2024-09-28 15:25:00,2024-09-28 15:25:00,14.072973751611599,52.35815412080086,25.0,case2,DOM03,4.715207995112831
17,86,103.48932260489181,179.7671007575583,9,0.5,1036,2024-09-28 15:25:00,2024-09-28 15:25:00,14.548835503787792,52.367446613024455,16.0,case2,DOM03,3.017733116872212
17,87,102.89103367845873,16.75035689498887,12,0.5,1037,2024-09-28 15:25:00,2024-09-28 15:25:00,13.733751784474943,52.3644551683923,29.0,case2,DOM03,5.469641274330884
17,89,103.83832114635106,24.1131132995792,14,0.5,1038,2024-09-28 15:25:00,2024-09-28 15:25:00,13.770565566497895,52.36919160573176,1.0,case2,DOM03,0.18860831980451326
17,91,117.15015271123757,8.353890981701642,129,0.5,1039,2024-09-28 15:25:00,2024-09-28 15:25:00,13.691769454908508,52.435750763556186,230.0,case2,DOM03,43.37991355503805
17,95,118.57787468973618,56.950233723239364,19,0.5,1040,2024-09-28 15:25:00,2024-09-28 15:25:00,13.934751168616197,52.44288937344868,52.0,case2,DOM03,9.80763262983469
17,96,132.75647525793684,24.7702016714219,613,0.5,1041,2024-09-28 15:25:00,2024-09-28 15:25:00,13.77385100835711,52.51378237628968,742.0,case2,DOM03,139.94737329494882
17,97,119.30294302243819,179.4012207293804,8,0.5,1042,2024-09-28 15:25:00,2024-09-28 15:25:00,14.547006103646902,52.446514715112194,53.0,case2,DOM03,9.996240949639201
17,98,130.4208156394151,64.54896045773269,186,0.5,1043,2024-09-28 15:25:00,2024-09-28 15:25:00,13.972744802288663,52.50210407819708,360.0,case2,DOM03,67.89899512962477
17,99,131.5465628689607,86.1824308393855,201,0.5,1044,2024-09-28 15:25:00,2024-09-28 15:25:00,14.080912154196927,52.507732814344806,369.0,case2,DOM03,69.59647000786538
17,104,136.5360610669722,73.9769395941291,25,0.5,1045,2024-09-28 15:25:00,2024-09-28 15:25:00,14.019884697970646,52.53268030533486,82.0,case2,DOM03,15.465882223970086
17,106,139.33271208663282,1.996361159439097,16,0.5,1046,2024-09-28 15:25:00,2024-09-28 15:25:00,13.659981805797196,52.54666356043317,22.0,case2,DOM03,4.149383035699291
17,108,0.0,15.161954021878445,5,0.7,1047,2024-09-28 15:25:00,2024-09-28 15:25:00,13.725809770109391,51.85,93.0,case2,DOM03,17.54057374181973
17,109,6.727457406245966,1.4019982800875408,12,0.7,1048,2024-09-28 15:25:00,2024-09-28 15:25:00,13.657009991400438,51.88363728703123,49.0,case2,DOM03,9.24180767042115
17,110,13.006055454678627,14.593071742233517,5,0.7,1049,2024-09-28 15:25:00,2024-09-28 15:25:00,13.722965358711168,51.915030277273395,170.0,case2,DOM03,32.06341436676725
17,112,21.335124485269436,36.63725717825763,141,0.7,1050,2024-09-28 15:25:00,2024-09-28 15:25:00,13.833186285891289,51.956675622426346,632.0,case2,DOM03,119.20045811645237
17,113,18.670238303388103,10.465361545474341,29,0.7,1051,2024-09-28 15:25:00,2024-09-28 15:25:00,13.70232680772737,51.94335119151694,84.0,case2,DOM03,15.843098863579113
17,114,30.750367775298354,24.288153050577673,29,0.7,1052,2024-09-28 15:25:00,2024-09-28 15:25:00,13.771440765252889,52.0037518388765,2087.0,case2,DOM03,393.62556343201913
17,116,56.471299957186176,112.54835817850528,78,0.7,1053,2024-09-28 15:25:00,2024-09-28 15:25:00,14.212741790892526,52.13235649978593,843.0,case2,DOM03,158.99681359520466
17,117,59.715917810630685,104.40628640140946,17,0.7,1054,2024-09-28 15:25:00,2024-09-28 15:25:00,14.172031432007048,52.148579589053156,387.0,case2,DOM03,72.99141976434663
17,118,73.96081155491663,155.301038650143,28,0.7,1055,2024-09-28 15:25:00,2024-09-28 15:25:00,14.426505193250716,52.21980405777458,84.0,case2,DOM03,15.843098863579113
17,119,77.13203374687835,140.8974539069618,59,0.7,1056,2024-09-28 15:25:00,2024-09-28 15:25:00,14.35448726953481,52.23566016873439,351.0,case2,DOM03,66.20152025138415
17,120,83.23688582234973,136.60369512695732,12,0.7,1057,2024-09-28 15:25:00,2024-09-28 15:25:00,14.333018475634788,52.26618442911175,595.0,case2,DOM03,112.22195028368539
17,122,105.97831916239105,95.18891182031138,22,0.7,1058,2024-09-28 15:25:00,2024-09-28 15:25:00,14.125944559101557,52.379891595811955,722.0,case2,DOM03,136.1752068988586
17,125,116.28230084714882,118.56376987507633,6,0.7,1059,2024-09-28 15:25:00,2024-09-28 15:25:00,14.24281884937538,52.43141150423575,2304.0,case2,DOM03,434.55356882959853
18,4,1.0650341618136623,80.7454099222419,20,0.3,1060,2024-09-28 15:30:00,2024-09-28 15:30:00,14.05372704961121,51.85532517080907,0.0,case2,DOM03,0.0
18,9,24.945502711847737,122.52485896679121,55,0.3,1061,2024-09-28 15:30:00,2024-09-28 15:30:00,14.262624294833957,51.97472751355924,8.0,case2,DOM03,1.508866558436106
18,10,33.185905230757136,132.79348912848556,6,0.3,1062,2024-09-28 15:30:00,2024-09-28 15:30:00,14.313967445642428,52.01592952615378,0.0,case2,DOM03,0.0
18,13,2.4378230435013206,179.08329474842913,15,0.5,1063,2024-09-28 15:30:00,2024-09-28 15:30:00,14.545416473742145,51.862189115217504,84.0,case2,DOM03,15.843098863579113
18,17,19.911113005191297,4.484116556244229,194,0.5,1064,2024-09-28 15:30:00,2024-09-28 15:30:00,13.672420582781221,51.94955556502596,229.0,case2,DOM03,43.19130523523353
18,20,13.226594514669094,67.39696933935457,16,0.5,1065,2024-09-28 15:30:00,2024-09-28 15:30:00,13.986984846696773,51.916132972573344,25.0,case2,DOM03,4.715207995112831
18,21,27.831983591890367,173.70109746774045,123,0.5,1066,2024-09-28 15:30:00,2024-09-28 15:30:00,14.518505487338702,51.989159917959455,223.0,case2,DOM03,42.05965531640645
18,22,26.23658708927038,17.930175456006484,34,0.5,1067,2024-09-28 15:30:00,2024-09-28 15:30:00,13.739650877280033,51.98118293544635,62.0,case2,DOM03,11.693715827879823
18,23,32.73218993143772,59.83997570264393,5,0.5,1068,2024-09-28 15:30:00,2024-09-28 15:30:00,13.94919987851322,52.01366094965719,34.0,case2,DOM03,6.41268287335345
18,24,37.196640154395354,177.7988386371573,31,0.5,1069,2024-09-28 15:30:00,2024-09-28 15:30:00,14.538994193185788,52.03598320077197,79.0,case2,DOM03,14.900057264556546
18,25,35.303834605841956,119.47019453200849,5,0.5,1070,2024-09-28 15:30:00,2024-09-28 15:30:00,14.247350972660042,52.02651917302921,10.0,case2,DOM03,1.8860831980451325
18,28,41.42915639939936,19.806346654221603,29,0.5,1071,2024-09-28 15:30:00,2024-09-28 15:30:00,13.749031733271108,52.057145781997,80.0,case2,DOM03,15.08866558436106
18,30,44.09741054415558,97.65379663572054,5,0.5,1072,2024-09-28 15:30:00,2024-09-28 15:30:00,14.138268983178603,52.07048705272078,23.0,case2,DOM03,4.337991355503805
18,32,50.468508789445025,62.307093888607184,30,0.5,1073,2024-09-28 15:30:00,2024-09-28 15:30:00,13.961535469443037,52.10234254394722,146.0,case2,DOM03,27.536814691458932
18,34,50.630314615996504,89.10266057797789,5,0.5,1074,2024-09-28 15:30:00,2024-09-28 15:30:00,14.09551330288989,52.103151573079984,65.0,case2,DOM03,12.259540787293362
18,36,69.36330837108184,75.02124977090513,520,0.5,1075,2024-09-28 15:30:00,2024-09-28 15:30:00,14.025106248854526,52.19681654185541,864.0,case2,DOM03,162.95758831109944
18,40,59.820049611945265,75.95271343532069,10,0.5,1076,2024-09-28 15:30:00,2024-09-28 15:30:00,14.029763567176603,52.149100248059725,44.0,case2,DOM03,8.298766071398582
18,41,61.80415285650618,145.99305289780915,13,0.5,1077,2024-09-28 15:30:00,2024-09-28 15:30:00,14.379965264489046,52.15902076428253,43.0,case2,DOM03,8.11015775159407
18,46,75.64590879544505,18.788356199595928,89,0.5,1078,2024-09-28 15:30:00,2024-09-28 15:30:00,13.743941780997979,52.22822954397722,170.0,case2,DOM03,32.06341436676725
18,48,72.34383618559451,105.35224820576516,10,0.5,1079,2024-09-28 15:30:00,2024-09-28 15:30:00,14.176761241028826,52.21171918092797,59.0,case2,DOM03,11.127890868466283
18,50,79.56209579163985,105.64440136384084,23,0.5,1080,2024-09-28 15:30:00,2024-09-28 15:30:00,14.178222006819205,52.2478104789582,281.0,case2,DOM03,52.99893786506822
18,51,82.54996623952003,91.02230591303571,19,0.5,1081,2024-09-28 15:30:00,2024-09-28 15:30:00,14.105111529565178,52.2627498311976,58.0,case2,DOM03,10.939282548661769
18,52,83.76625145280809,176.82475856422565,13,0.5,1082,2024-09-28 15:30:00,2024-09-28 15:30:00,14.534123792821129,52.26883125726404,72.0,case2,DOM03,13.579799025924954
18,54,85.85376866841798,28.519202945278735,45,0.5,1083,2024-09-28 15:30:00,2024-09-28 15:30:00,13.792596014726394,52.27926884334209,104.0,case2,DOM03,19.61526525966938
18,57,85.98875620335315,140.2764251030625,9,0.5,1084,2024-09-28 15:30:00,2024-09-28 15:30:00,14.351382125515313,52.27994378101677,191.0,case2,DOM03,36.02418908266203
18,60,89.0407272218767,42.45442105698589,9,0.5,1085,2024-09-28 15:30:00,2024-09-28 15:30:00,13.86227210528493,52.295203636109385,54.0,case2,DOM03,10.184849269443715
18,62,87.69953234926382,55.01564782503219,7,0.5,1086,2024-09-28 15:30:00,2024-09-28 15:30:00,13.925078239125162,52.28849766174632,151.0,case2,DOM03,28.4798562904815
18,63,90.21637015845667,72.65594544152304,39,0.5,1087,2024-09-28 15:30:00,2024-09-28 15:30:00,14.013279727207616,52.30108185079228,91.0,case2,DOM03,17.163357102210703
18,72,101.39947208178542,92.11941074812292,10,0.5,1088,2024-09-28 15:30:00,2024-09-28 15:30:00,14.110597053740614,52.356997360408926,31.0,case2,DOM03,5.846857913939911
18,73,101.25689760936362,163.7367276426613,15,0.5,1089,2024-09-28 15:30:00,2024-09-28 15:30:00,14.468683638213307,52.35628448804682,55.0,case2,DOM03,10.373457589248229
18,74,101.30111603896806,45.737133545513764,5,0.5,1090,2024-09-28 15:30:00,2024-09-28 15:30:00,13.87868566772757,52.356505580194835,64.0,case2,DOM03,12.070932467488849
18,75,101.48206393099917,25.8299218122379,7,0.5,1091,2024-09-28 15:30:00,2024-09-28 15:30:00,13.77914960906119,52.357410319654996,24.0,case2,DOM03,4.526599675308318
18,77,101.53025477590047,171.99656584679366,7,0.5,1092,2024-09-28 15:30:00,2024-09-28 15:30:00,14.509982829233968,52.3576512738795,29.0,case2,DOM03,5.469641274330884
18,80,109.67873743724617,136.69080458520938,5,0.5,1093,2024-09-28 15:30:00,2024-09-28 15:30:00,14.333454022926048,52.39839368718623,47.0,case2,DOM03,8.864591030812122
18,82,115.16729563107107,31.96210192669985,15,0.5,1094,2024-09-28 15:30:00,2024-09-28 15:30:00,13.8098105096335,52.425836478155354,49.0,case2,DOM03,9.24180767042115
18,84,117.5132320819362,49.83379721960449,5,0.5,1095,2024-09-28 15:30:00,2024-09-28 15:30:00,13.899168986098022,52.43756616040968,32.0,case2,DOM03,6.035466233744424
18,85,121.8575111516134,91.49701248657038,22,0.5,1096,2024-09-28 15:30:00,2024-09-28 15:30:00,14.107485062432852,52.45928755575807,62.0,case2,DOM03,11.693715827879823
18,86,132.25746123948232,36.352835617929784,625,0.5,1097,2024-09-28 15:30:00,2024-09-28 15:30:00,13.83176417808965,52.51128730619741,746.0,case2,DOM03,140.70180657416688
18,87,129.37654439946934,2.1734920087641023,73,0.5,1098,2024-09-28 15:30:00,2024-09-28 15:30:00,13.660867460043821,52.496882721997345,110.0,case2,DOM03,20.746915178496458
18,88,126.0510234986107,76.03125214713458,25,0.5,1099,2024-09-28 15:30:00,2024-09-28 15:30:00,14.030156260735673,52.48025511749305,244.0,case2,DOM03,46.020430032301235
18,89,123.7600665562788,99.3915900301477,20,0.5,1100,2024-09-28 15:30:00,2024-09-28 15:30:00,14.146957950150739,52.46880033278139,100.0,case2,DOM03,18.860831980451323
18,92,132.926172012414,68.95801900291099,88,0.5,1101,2024-09-28 15:30:00,2024-09-28 15:30:00,13.994790095014555,52.51463086006207,284.0,case2,DOM03,53.56476282448176
18,94,133.23092621114083,85.76840150043748,47,0.5,1102,2024-09-28 15:30:00,2024-09-28 15:30:00,14.078842007502187,52.516154631055706,1.0,case2,DOM03,0.18860831980451326
18,95,132.41423095838914,100.19957272930614,16,0.5,1103,2024-09-28 15:30:00,2024-09-28 15:30:00,14.15099786364653,52.51207115479195,72.0,case2,DOM03,13.579799025924954
18,97,138.70344341890794,99.08343103206998,40,0.5,1104,2024-09-28 15:30:00,2024-09-28 15:30:00,14.145417155160349,52.54351721709454,78.0,case2,DOM03,14.711448944752034
18,98,139.17620958659296,6.028457390382046,32,0.5,1105,2024-09-28 15:30:00,2024-09-28 15:30:00,13.68014228695191,52.545881047932966,54.0,case2,DOM03,10.184849269443715
18,100,5.251817314322408,10.052675961744646,13,0.7,1106,2024-09-28 15:30:00,2024-09-28 15:30:00,13.700263379808723,51.876259086571615,177.0,case2,DOM03,33.38367260539884
18,101,16.188029073751473,19.978061606119635,27,0.7,1107,2024-09-28 15:30:00,2024-09-28 15:30:00,13.749890308030599,51.93094014536876,221.0,case2,DOM03,41.682438676797425
18,103,19.599715941457642,45.83275978381043,180,0.7,1108,2024-09-28 15:30:00,2024-09-28 15:30:00,13.879163798919052,51.94799857970729,544.0,case2,DOM03,102.6029259736552
18,107,28.076755073553098,37.3071835069258,5,0.7,1109,2024-09-28 15:30:00,2024-09-28 15:30:00,13.83653591753463,51.99038377536777,2417.0,case2,DOM03,455.8663089675085
18,108,55.3796650082201,120.40493663843418,35,0.7,1110,2024-09-28 15:30:00,2024-09-28 15:30:00,14.252024683192172,52.126898325041104,1242.0,case2,DOM03,234.25153319720545
18,114,71.92306014734825,166.00795924797,29,0.7,1111,2024-09-28 15:30:00,2024-09-28 15:30:00,14.48003979623985,52.20961530073674,139.0,case2,DOM03,26.21655645282734
18,115,75.42794671342662,149.05941462277138,75,0.7,1112,2024-09-28 15:30:00,2024-09-28 15:30:00,14.395297073113857,52.227139733567135,733.0,case2,DOM03,138.2498984167082
18,122,140.0,146.74535055716015,5,0.7,1113,2024-09-28 15:30:00,2024-09-28 15:30:00,14.383726752785801,52.55,2852.0,case2,DOM03,537.9109280824717
19,4,0.08143850165929077,84.64809798568642,6,0.3,1114,2024-09-28 15:35:00,2024-09-28 15:35:00,14.073240489928432,51.8504071925083,0.0,case2,DOM03,0.0
19,5,0.38915481070218977,135.33166380403296,5,0.3,1115,2024-09-28 15:35:00,2024-09-28 15:35:00,14.326658319020165,51.85194577405351,0.0,case2,DOM03,0.0
19,9,20.584504368193155,130.40253366889598,38,0.3,1116,2024-09-28 15:35:00,2024-09-28 15:35:00,14.30201266834448,51.95292252184097,0.0,case2,DOM03,0.0
19,10,28.731167444900656,109.92967498138472,26,0.3,1117,2024-09-28 15:35:00,2024-09-28 15:35:00,14.199648374906923,51.9936558372245,0.0,case2,DOM03,0.0
19,12,2.886028194512016,23.52336199525223,127,0.5,1118,2024-09-28 15:35:00,2024-09-28 15:35:00,13.76761680997626,51.86443014097256,185.0,case2,DOM03,34.892539163834954
19,15,13.008646405653879,33.07833050585567,219,0.5,1119,2024-09-28 15:35:00,2024-09-28 15:35:00,13.815391652529279,51.91504323202827,342.0,case2,DOM03,64.50404537314353
19,18,19.976220110493735,13.152446111145856,219,0.5,1120,2024-09-28 15:35:00,2024-09-28 15:35:00,13.715762230555729,51.949881100552474,294.0,case2,DOM03,55.450846022526896
19,21,25.124904779584313,177.94391165647636,27,0.5,1121,2024-09-28 15:35:00,2024-09-28 15:35:00,14.539719558282382,51.97562452389792,62.0,case2,DOM03,11.693715827879823
19,22,27.144358399969903,38.077146883665954,18,0.5,1122,2024-09-28 15:35:00,2024-09-28 15:35:00,13.84038573441833,51.98572179199985,28.0,case2,DOM03,5.281032954526371
19,26,53.098717668784374,130.13774694206666,895,0.5,1123,2024-09-28 15:35:00,2024-09-28 15:35:00,14.300688734710334,52.115493588343924,1346.0,case2,DOM03,253.86679845687482
19,27,33.818637383458,179.63477122472963,8,0.5,1124,2024-09-28 15:35:00,2024-09-28 15:35:00,14.548173856123649,52.019093186917296,19.0,case2,DOM03,3.5835580762857515
19,29,34.99539904558351,74.75775137211448,19,0.5,1125,2024-09-28 15:35:00,2024-09-28 15:35:00,14.023788756860572,52.02497699522792,78.0,case2,DOM03,14.711448944752034
19,31,38.8624348022351,64.22696451604443,8,0.5,1126,2024-09-28 15:35:00,2024-09-28 15:35:00,13.971134822580222,52.044312174011175,53.0,case2,DOM03,9.996240949639201
19,32,42.4802940907505,108.10418718758118,10,0.5,1127,2024-09-28 15:35:00,2024-09-28 15:35:00,14.190520935937906,52.06240147045375,36.0,case2,DOM03,6.789899512962477
19,34,51.20359462624982,67.82015312082798,92,0.5,1128,2024-09-28 15:35:00,2024-09-28 15:35:00,13.98910076560414,52.106017973131245,342.0,case2,DOM03,64.50404537314353
19,38,68.54114002164862,86.62112323939606,479,0.5,1129,2024-09-28 15:35:00,2024-09-28 15:35:00,14.083105616196981,52.19270570010824,0.0,case2,DOM03,0.0
19,47,70.30920724802439,34.68387862757346,6,0.5,1130,2024-09-28 15:35:00,2024-09-28 15:35:00,13.823419393137867,52.201546036240124,33.0,case2,DOM03,6.224074553548936
19,50,77.80855597097381,27.885296480751606,40,0.5,1131,2024-09-28 15:35:00,2024-09-28 15:35:00,13.789426482403758,52.23904277985487,95.0,case2,DOM03,17.91779038142876
19,57,82.14074790561254,37.59594545849282,11,0.5,1132,2024-09-28 15:35:00,2024-09-28 15:35:00,13.837979727292465,52.26070373952806,64.0,case2,DOM03,12.070932467488849
19,58,82.4317950130872,62.85744885137363,9,0.5,1133,2024-09-28 15:35:00,2024-09-28 15:35:00,13.964287244256868,52.26215897506543,74.0,case2,DOM03,13.95701566553398
19,59,85.263055054145,106.06662357146949,19,0.5,1134,2024-09-28 15:35:00,2024-09-28 15:35:00,14.180333117857348,52.276315275270726,54.0,case2,DOM03,10.184849269443715
19,63,87.417452610163,80.88092064812514,24,0.5,1135,2024-09-28 15:35:00,2024-09-28 15:35:00,14.054404603240625,52.287087263050815,144.0,case2,DOM03,27.15959805184991
19,64,87.81168443819004,93.23718778628837,9,0.5,1136,2024-09-28 15:35:00,2024-09-28 15:35:00,14.116185938931443,52.28905842219095,1106.0,case2,DOM03,208.60080170379166
19,65,91.65101606673407,142.08033423554605,16,0.5,1137,2024-09-28 15:35:00,2024-09-28 15:35:00,14.36040167117773,52.30825508033367,78.0,case2,DOM03,14.711448944752034
19,68,100.59416912440868,159.70413768062548,50,0.5,1138,2024-09-28 15:35:00,2024-09-28 15:35:00,14.448520688403127,52.35297084562204,112.0,case2,DOM03,21.124131818105482
19,70,100.54213397077238,55.78099654866247,6,0.5,1139,2024-09-28 15:35:00,2024-09-28 15:35:00,13.928904982743312,52.35271066985386,73.0,case2,DOM03,13.768407345729466
19,74,113.7310070995406,41.49167711179769,8,0.5,1140,2024-09-28 15:35:00,2024-09-28 15:35:00,13.857458385558989,52.41865503549771,52.0,case2,DOM03,9.80763262983469
19,75,116.32105877524286,98.73929782275819,11,0.5,1141,2024-09-28 15:35:00,2024-09-28 15:35:00,14.143696489113792,52.43160529387622,64.0,case2,DOM03,12.070932467488849
19,76,116.64393832367631,61.68902964398444,7,0.5,1142,2024-09-28 15:35:00,2024-09-28 15:35:00,13.958445148219923,52.43321969161838,25.0,case2,DOM03,4.715207995112831
19,78,130.97132484984144,47.02620858126343,634,0.5,1143,2024-09-28 15:35:00,2024-09-28 15:35:00,13.885131042906316,52.50485662424921,787.0,case2,DOM03,148.43474768615192
19,80,123.80503970946599,109.40416344618497,21,0.5,1144,2024-09-28 15:35:00,2024-09-28 15:35:00,14.197020817230925,52.46902519854733,156.0,case2,DOM03,29.422897889504068
19,83,127.19029409179727,86.51093555938876,7,0.5,1145,2024-09-28 15:35:00,2024-09-28 15:35:00,14.082554677796944,52.485951470458986,45.0,case2,DOM03,8.487374391203096
19,85,133.60798005949746,80.00575716395659,57,0.5,1146,2024-09-28 15:35:00,2024-09-28 15:35:00,14.050028785819784,52.51803990029749,147.0,case2,DOM03,27.725423011263448
19,86,132.0713248578107,131.45531825703227,27,0.5,1147,2024-09-28 15:35:00,2024-09-28 15:35:00,14.307276591285161,52.51035662428905,89.0,case2,DOM03,16.78614046260168
19,87,135.88188484812872,97.63200982161975,51,0.5,1148,2024-09-28 15:35:00,2024-09-28 15:35:00,14.1381600491081,52.52940942424065,112.0,case2,DOM03,21.124131818105482
19,91,138.88798338612625,113.19852061728112,56,0.5,1149,2024-09-28 15:35:00,2024-09-28 15:35:00,14.215992603086406,52.544439916930635,126.0,case2,DOM03,23.76464829536867
19,93,139.65102177741463,20.239701920262824,16,0.5,1150,2024-09-28 15:35:00,2024-09-28 15:35:00,13.751198509601315,52.54825510888707,33.0,case2,DOM03,6.224074553548936
19,97,18.108151247719967,55.655316005058744,221,0.7,1151,2024-09-28 15:35:00,2024-09-28 15:35:00,13.928276580025294,51.9405407562386,1300.0,case2,DOM03,245.1908157458672
19,108,54.30000289099702,1.984564140898935,6,0.7,1152,2024-09-28 15:35:00,2024-09-28 15:35:00,13.659922820704494,52.12150001445498,1176.0,case2,DOM03,221.80338409010758
19,112,67.29056511511395,0.7766080656433216,12,0.7,1153,2024-09-28 15:35:00,2024-09-28 15:35:00,13.653883040328216,52.18645282557557,355.0,case2,DOM03,66.9559535306022
19,114,69.13915271828279,176.56713306156627,21,0.7,1154,2024-09-28 15:35:00,2024-09-28 15:35:00,14.53283566530783,52.19569576359142,97.0,case2,DOM03,18.295007021037783
19,115,73.45176835818586,159.90098207752843,78,0.7,1155,2024-09-28 15:35:00,2024-09-28 15:35:00,14.449504910387642,52.21725884179093,766.0,case2,DOM03,144.47397297025714
19,117,114.10761205083206,0.43784306037862664,5,0.7,1156,2024-09-28 15:35:00,2024-09-28 15:35:00,13.652189215301894,52.42053806025416,1317.0,case2,DOM03,248.39715718254394
19,118,138.80426777610018,158.59573422514947,14,0.7,1157,2024-09-28 15:35:00,2024-09-28 15:35:00,14.442978671125747,52.544021338880505,2692.0,case2,DOM03,507.73359691374964
20,8,7.077028325580863,175.3861211182977,287,0.3,1158,2024-09-28 15:40:00,2024-09-28 15:40:00,14.526930605591488,51.8853851416279,0.0,case2,DOM03,0.0
20,9,14.979871594655561,136.21689769136714,7,0.3,1159,2024-09-28 15:40:00,2024-09-28 15:40:00,14.331084488456836,51.924899357973274,0.0,case2,DOM03,0.0
20,10,17.501901287013865,142.41351977535547,16,0.3,1160,2024-09-28 15:40:00,2024-09-28 15:40:00,14.362067598876777,51.93750950643507,0.0,case2,DOM03,0.0
20,12,35.860662961877566,172.3610143031296,5,0.3,1161,2024-09-28 15:40:00,2024-09-28 15:40:00,14.511805071515647,52.02930331480939,0.0,case2,DOM03,0.0
20,17,4.064357305390942,97.80313311997067,10,0.5,1162,2024-09-28 15:40:00,2024-09-28 15:40:00,14.139015665599853,51.87032178652695,41.0,case2,DOM03,7.732941111985043
20,18,20.082232788593984,22.587275857176902,229,0.5,1163,2024-09-28 15:40:00,2024-09-28 15:40:00,13.762936379285884,51.950411163942974,319.0,case2,DOM03,60.16605401763972
20,19,26.744270925821006,33.75101293273044,35,0.5,1164,2024-09-28 15:40:00,2024-09-28 15:40:00,13.818755064663652,51.983721354629104,70.0,case2,DOM03,13.202582386315926
20,23,51.64871485117417,137.59516062496488,749,0.5,1165,2024-09-28 15:40:00,2024-09-28 15:40:00,14.337975803124825,52.108243574255866,2.0,case2,DOM03,0.3772166396090265
20,24,32.37652680719504,0.9933133618094774,5,0.5,1166,2024-09-28 15:40:00,2024-09-28 15:40:00,13.654966566809048,52.01188263403598,18.0,case2,DOM03,3.3949497564812385
20,26,39.645808055895344,118.5607659436147,23,0.5,1167,2024-09-28 15:40:00,2024-09-28 15:40:00,14.242803829718072,52.04822904027947,55.0,case2,DOM03,10.373457589248229
20,27,41.399341004780034,78.03985428926889,24,0.5,1168,2024-09-28 15:40:00,2024-09-28 15:40:00,14.040199271446346,52.0569967050239,1.0,case2,DOM03,0.18860831980451326
20,28,41.06055557494126,159.78727295878699,31,0.5,1169,2024-09-28 15:40:00,2024-09-28 15:40:00,14.448936364793935,52.05530277787471,1163.0,case2,DOM03,219.3514759326489
20,30,40.146405379332194,88.48368346028136,5,0.5,1170,2024-09-28 15:40:00,2024-09-28 15:40:00,14.092418417301406,52.05073202689666,152.0,case2,DOM03,28.668464610286012
20,31,41.73569703463803,105.54578359960992,14,0.5,1171,2024-09-28 15:40:00,2024-09-28 15:40:00,14.17772891799805,52.05867848517319,65.0,case2,DOM03,12.259540787293362
20,33,49.129864144795725,71.90746768082128,63,0.5,1172,2024-09-28 15:40:00,2024-09-28 15:40:00,14.009537338404106,52.09564932072398,251.0,case2,DOM03,47.34068827093282
20,34,44.709031675363896,92.92123463248436,13,0.5,1173,2024-09-28 15:40:00,2024-09-28 15:40:00,14.114606173162421,52.073545158376824,88.0,case2,DOM03,16.597532142797164
20,35,46.54071545297218,164.46324536167293,28,0.5,1174,2024-09-28 15:40:00,2024-09-28 15:40:00,14.472316226808365,52.08270357726486,78.0,case2,DOM03,14.711448944752034
20,38,49.779956701640785,89.53697315565643,8,0.5,1175,2024-09-28 15:40:00,2024-09-28 15:40:00,14.097684865778282,52.0988997835082,60.0,case2,DOM03,11.316499188270795
20,41,51.6040338047086,95.77661066730388,7,0.5,1176,2024-09-28 15:40:00,2024-09-28 15:40:00,14.12888305333652,52.10802016902354,84.0,case2,DOM03,15.843098863579113
20,43,65.39007566195616,96.66725735479702,399,0.5,1177,2024-09-28 15:40:00,2024-09-28 15:40:00,14.133336286773986,52.176950378309776,705.0,case2,DOM03,132.96886546218184
20,45,62.16071978579138,31.79740663012388,16,0.5,1178,2024-09-28 15:40:00,2024-09-28 15:40:00,13.80898703315062,52.16080359892895,83.0,case2,DOM03,15.6544905437746
20,51,71.12121672527353,123.08849373859516,7,0.5,1179,2024-09-28 15:40:00,2024-09-28 15:40:00,14.265442468692976,52.205606083626364,1.0,case2,DOM03,0.18860831980451326
20,52,73.30368728100105,130.5811613136847,31,0.5,1180,2024-09-28 15:40:00,2024-09-28 15:40:00,14.302905806568424,52.21651843640501,154.0,case2,DOM03,29.04568124989504
20,55,75.90244693439662,111.84611687334638,25,0.5,1181,2024-09-28 15:40:00,2024-09-28 15:40:00,14.209230584366733,52.22951223467198,119.0,case2,DOM03,22.444390056737078
20,56,76.49664330367405,0.38386629969279934,6,0.5,1182,2024-09-28 15:40:00,2024-09-28 15:40:00,13.651919331498464,52.23248321651837,1.0,case2,DOM03,0.18860831980451326
20,58,79.80249354476958,126.0677786243031,33,0.5,1183,2024-09-28 15:40:00,2024-09-28 15:40:00,14.280338893121515,52.249012467723844,78.0,case2,DOM03,14.711448944752034
20,59,82.35658076060103,116.19015364254214,25,0.5,1184,2024-09-28 15:40:00,2024-09-28 15:40:00,14.230950768212711,52.261782903803,220.0,case2,DOM03,41.493830356992916
20,61,98.64721842804703,125.52134591214326,266,0.5,1185,2024-09-28 15:40:00,2024-09-28 15:40:00,14.277606729560716,52.34323609214024,368.0,case2,DOM03,69.40786168806088
20,62,85.54521167536463,89.58972842856278,7,0.5,1186,2024-09-28 15:40:00,2024-09-28 15:40:00,14.097948642142814,52.27772605837682,90.0,case2,DOM03,16.97474878240619
20,63,86.59900975367623,40.12942269389511,6,0.5,1187,2024-09-28 15:40:00,2024-09-28 15:40:00,13.850647113469476,52.28299504876838,22.0,case2,DOM03,4.149383035699291
20,66,90.13021148001398,152.95046788958012,12,0.5,1188,2024-09-28 15:40:00,2024-09-28 15:40:00,14.414752339447901,52.30065105740007,44.0,case2,DOM03,8.298766071398582
20,68,94.2981476864413,150.76716579892937,9,0.5,1189,2024-09-28 15:40:00,2024-09-28 15:40:00,14.403835828994646,52.32149073843221,31.0,case2,DOM03,5.846857913939911
20,69,98.42604212382332,48.652668248146725,10,0.5,1190,2024-09-28 15:40:00,2024-09-28 15:40:00,13.893263341240733,52.34213021061912,49.0,case2,DOM03,9.24180767042115
20,70,99.04372928484275,68.62846719002681,18,0.5,1191,2024-09-28 15:40:00,2024-09-28 15:40:00,13.993142335950134,52.345218646424215,71.0,case2,DOM03,13.39119070612044
20,71,98.77985639059997,170.2870251464205,40,0.5,1192,2024-09-28 15:40:00,2024-09-28 15:40:00,14.501435125732103,52.343899281953,141.0,case2,DOM03,26.593773092436365
20,73,103.50326203204534,172.53662730442474,16,0.5,1193,2024-09-28 15:40:00,2024-09-28 15:40:00,14.512683136522124,52.36751631016023,54.0,case2,DOM03,10.184849269443715
20,75,115.0014948054539,72.78283957612479,15,0.5,1194,2024-09-28 15:40:00,2024-09-28 15:40:00,14.013914197880624,52.42500747402727,30.0,case2,DOM03,5.658249594135397
20,79,125.55932077560242,112.03297202294806,16,0.5,1195,2024-09-28 15:40:00,2024-09-28 15:40:00,14.210164860114741,52.47779660387801,38.0,case2,DOM03,7.167116152571503
20,80,123.93237790794892,132.32845243818323,9,0.5,1196,2024-09-28 15:40:00,2024-09-28 15:40:00,14.311642262190917,52.46966188953974,36.0,case2,DOM03,6.789899512962477
20,86,129.2455436707394,139.69969626014492,5,0.5,1197,2024-09-28 15:40:00,2024-09-28 15:40:00,14.348498481300725,52.496227718353694,16.0,case2,DOM03,3.017733116872212
20,88,133.25873494267694,90.7659562197431,23,0.5,1198,2024-09-28 15:40:00,2024-09-28 15:40:00,14.103829781098716,52.51629367471339,72.0,case2,DOM03,13.579799025924954
20,89,133.47392058408008,145.34539852690492,9,0.5,1199,2024-09-28 15:40:00,2024-09-28 15:40:00,14.376726992634525,52.517369602920404,74.0,case2,DOM03,13.95701566553398
20,91,138.1740509311698,110.18061272279266,42,0.5,1200,2024-09-28 15:40:00,2024-09-28 15:40:00,14.200903063613962,52.54087025465585,182.0,case2,DOM03,34.32671420442141
20,92,139.163726211962,125.81569449440514,55,0.5,1201,2024-09-28 15:40:00,2024-09-28 15:40:00,14.279078472472026,52.54581863105981,107.0,case2,DOM03,20.18109021908292
20,94,139.63404573882573,33.04636884915697,18,0.5,1202,2024-09-28 15:40:00,2024-09-28 15:40:00,13.815231844245785,52.548170228694126,42.0,case2,DOM03,7.921549431789557
20,95,139.84350273532888,146.94562801532246,8,0.5,1203,2024-09-28 15:40:00,2024-09-28 15:40:00,14.384728140076612,52.549217513676645,28.0,case2,DOM03,5.281032954526371
20,98,15.153071983187779,65.9417887953021,215,0.7,1204,2024-09-28 15:40:00,2024-09-28 15:40:00,13.979708943976512,51.925765359915935,2017.0,case2,DOM03,380.42298104570324
20,102,44.521296112188665,6.581412187536344,6,0.7,1205,2024-09-28 15:40:00,2024-09-28 15:40:00,13.682907060937682,52.07260648056094,1.0,case2,DOM03,0.18860831980451326
20,104,48.508699493935254,1.7708701502128685,8,0.7,1206,2024-09-28 15:40:00,2024-09-28 15:40:00,13.658854350751064,52.09254349746968,423.0,case2,DOM03,79.78131927730911
20,108,52.983967604891106,3.3504999552278902,6,0.7,1207,2024-09-28 15:40:00,2024-09-28 15:40:00,13.66675249977614,52.114919838024456,53.0,case2,DOM03,9.996240949639201
20,112,60.08874793805323,12.319854890495899,15,0.7,1208,2024-09-28 15:40:00,2024-09-28 15:40:00,13.71159927445248,52.15044373969027,4412.0,case2,DOM03,832.1399069775125
20,116,68.26785197649097,174.73180635449262,11,0.7,1209,2024-09-28 15:40:00,2024-09-28 15:40:00,14.523659031772464,52.191339259882454,68.0,case2,DOM03,12.8253657467069
20,118,72.94175283160341,166.00710311330482,56,0.7,1210,2024-09-28 15:40:00,2024-09-28 15:40:00,14.480035515566524,52.21470876415802,471.0,case2,DOM03,88.83451862792573
20,120,74.50310368214156,173.60696891629394,11,0.7,1211,2024-09-28 15:40:00,2024-09-28 15:40:00,14.51803484458147,52.22251551841071,63.0,case2,DOM03,11.882324147684335
20,122,135.26557402262586,169.7123571226153,14,0.7,1212,2024-09-28 15:40:00,2024-09-28 15:40:00,14.498561785613076,52.52632787011313,1485.0,case2,DOM03,280.08335490970217
20,123,138.79532679389416,178.23238624981636,16,0.7,1213,2024-09-28 15:40:00,2024-09-28 15:40:00,14.541161931249082,52.54397663396947,41.0,case2,DOM03,7.732941111985043
21,4,4.3151300501776655,165.16647996729657,295,0.3,1214,2024-09-28 15:45:00,2024-09-28 15:45:00,14.475832399836483,51.87157565025089,0.0,case2,DOM03,0.0
21,6,13.027673292430803,2.508972737218888,5,0.3,1215,2024-09-28 15:45:00,2024-09-28 15:45:00,13.662544863686096,51.91513836646215,0.0,case2,DOM03,0.0
21,9,0.0,58.742523771513554,5,0.5,1216,2024-09-28 15:45:00,2024-09-28 15:45:00,13.943712618857568,51.85,13.0,case2,DOM03,2.4519081574586723
21,10,1.3446738752352883,107.34302423696741,8,0.5,1217,2024-09-28 15:45:00,2024-09-28 15:45:00,14.186715121184838,51.856723369376176,18.0,case2,DOM03,3.3949497564812385
21,13,7.264947980374101,93.60071961627796,8,0.5,1218,2024-09-28 15:45:00,2024-09-28 15:45:00,14.118003598081389,51.886324739901866,26.0,case2,DOM03,4.903816314917345
21,14,27.463172932455798,43.26845745097745,28,0.5,1219,2024-09-28 15:45:00,2024-09-28 15:45:00,13.866342287254888,51.98731586466228,1.0,case2,DOM03,0.18860831980451326
21,15,28.248190346508277,93.68828042450701,7,0.5,1220,2024-09-28 15:45:00,2024-09-28 15:45:00,14.118441402122535,51.99124095173254,13.0,case2,DOM03,2.4519081574586723
21,16,40.41880716073496,146.77135475557665,253,0.5,1221,2024-09-28 15:45:00,2024-09-28 15:45:00,14.383856773777882,52.05209403580367,462.0,case2,DOM03,87.13704374968512
21,18,35.196193486610845,168.36372469398745,24,0.5,1222,2024-09-28 15:45:00,2024-09-28 15:45:00,14.491818623469937,52.02598096743305,77.0,case2,DOM03,14.52284062494752
21,19,36.2408370922679,128.11537576628155,20,0.5,1223,2024-09-28 15:45:00,2024-09-28 15:45:00,14.29057687883141,52.03120418546134,37.0,case2,DOM03,6.97850783276699
21,23,39.86977103812692,116.60078159706978,14,0.5,1224,2024-09-28 15:45:00,2024-09-28 15:45:00,14.23300390798535,52.04934885519063,61.0,case2,DOM03,11.505107508075309
21,24,42.70789263182838,175.99567974066525,14,0.5,1225,2024-09-28 15:45:00,2024-09-28 15:45:00,14.529978398703326,52.06353946315914,64.0,case2,DOM03,12.070932467488849
21,28,48.712354490983024,131.28407662125065,38,0.5,1226,2024-09-28 15:45:00,2024-09-28 15:45:00,14.306420383106254,52.09356177245491,79.0,case2,DOM03,14.900057264556546
21,33,55.56820022748263,105.23471623829873,40,0.5,1227,2024-09-28 15:45:00,2024-09-28 15:45:00,14.176173581191494,52.12784100113741,134.0,case2,DOM03,25.273514853804773
21,34,64.39365823242252,115.44333626701783,255,0.5,1228,2024-09-28 15:45:00,2024-09-28 15:45:00,14.22721668133509,52.17196829116211,489.0,case2,DOM03,92.22946838440699
21,38,64.41350859981664,58.018539216539,58,0.5,1229,2024-09-28 15:45:00,2024-09-28 15:45:00,13.940092696082694,52.17206754299908,1.0,case2,DOM03,0.18860831980451326
21,40,65.78485501442987,97.43014998802511,73,0.5,1230,2024-09-28 15:45:00,2024-09-28 15:45:00,14.137150749940126,52.17892427507215,174.0,case2,DOM03,32.8178476459853
21,41,64.7236968103908,74.43968727305446,9,0.5,1231,2024-09-28 15:45:00,2024-09-28 15:45:00,14.022198436365272,52.17361848405195,32.0,case2,DOM03,6.035466233744424
21,42,70.44335677231643,77.39579656633687,84,0.5,1232,2024-09-28 15:45:00,2024-09-28 15:45:00,14.036978982831684,52.20221678386158,604.0,case2,DOM03,113.919425161926
21,49,79.33461130491548,123.81897259334012,22,0.5,1233,2024-09-28 15:45:00,2024-09-28 15:45:00,14.2690948629667,52.24667305652458,71.0,case2,DOM03,13.39119070612044
21,51,84.11612278795982,28.469032276850843,234,0.5,1234,2024-09-28 15:45:00,2024-09-28 15:45:00,13.792345161384254,52.2705806139398,469.0,case2,DOM03,88.45730198831671
21,53,83.5021132403018,97.70734726580757,7,0.5,1235,2024-09-28 15:45:00,2024-09-28 15:45:00,14.138536736329039,52.26751056620151,87.0,case2,DOM03,16.40892382299265
21,54,87.32263075964161,138.35080098606795,72,0.5,1236,2024-09-28 15:45:00,2024-09-28 15:45:00,14.34175400493034,52.28661315379821,131.0,case2,DOM03,24.707689894391233
21,56,90.91404215085247,162.47520950735495,22,0.5,1237,2024-09-28 15:45:00,2024-09-28 15:45:00,14.462376047536775,52.304570210754264,129.0,case2,DOM03,24.330473254782206
21,57,119.18555284228712,41.433710609066146,1678,0.5,1238,2024-09-28 15:45:00,2024-09-28 15:45:00,13.85716855304533,52.44592776421143,1.0,case2,DOM03,0.18860831980451326
21,59,95.45898431380691,76.96653240951326,14,0.5,1239,2024-09-28 15:45:00,2024-09-28 15:45:00,14.034832662047567,52.327294921569035,68.0,case2,DOM03,12.8253657467069
21,60,96.68544469827627,176.72816179915463,10,0.5,1240,2024-09-28 15:45:00,2024-09-28 15:45:00,14.533640808995774,52.333427223491384,36.0,case2,DOM03,6.789899512962477
21,61,99.03015674327422,0.4465212469191777,9,0.5,1241,2024-09-28 15:45:00,2024-09-28 15:45:00,13.652232606234596,52.34515078371637,99.0,case2,DOM03,18.67222366064681
21,66,102.58980037474569,167.2120287343294,9,0.5,1242,2024-09-28 15:45:00,2024-09-28 15:45:00,14.486060143671647,52.36294900187373,100.0,case2,DOM03,18.860831980451323
21,67,107.58128587139028,140.66682810699078,17,0.5,1243,2024-09-28 15:45:00,2024-09-28 15:45:00,14.353334140534955,52.38790642935695,131.0,case2,DOM03,24.707689894391233
21,68,111.42373628930123,131.7398731630542,9,0.5,1244,2024-09-28 15:45:00,2024-09-28 15:45:00,14.308699365815272,52.407118681446505,64.0,case2,DOM03,12.070932467488849
21,69,113.35548699511456,82.72073522328493,9,0.5,1245,2024-09-28 15:45:00,2024-09-28 15:45:00,14.063603676116424,52.41677743497557,33.0,case2,DOM03,6.224074553548936
21,71,120.2935031200763,76.97927704567807,21,0.5,1246,2024-09-28 15:45:00,2024-09-28 15:45:00,14.034896385228391,52.451467515600385,2556.0,case2,DOM03,482.08286542033585
21,73,126.90264476881835,14.712510845140033,22,0.5,1247,2024-09-28 15:45:00,2024-09-28 15:45:00,13.7235625542257,52.48451322384409,63.0,case2,DOM03,11.882324147684335
21,78,127.3096262486522,154.3322658570273,14,0.5,1248,2024-09-28 15:45:00,2024-09-28 15:45:00,14.421661329285136,52.48654813124326,91.0,case2,DOM03,17.163357102210703
21,82,139.33145065407814,121.65770030661658,22,0.5,1249,2024-09-28 15:45:00,2024-09-28 15:45:00,14.258288501533084,52.54665725327039,57.0,case2,DOM03,10.750674228857255
21,84,138.71799019023092,156.58410478125535,21,0.5,1250,2024-09-28 15:45:00,2024-09-28 15:45:00,14.432920523906278,52.54358995095116,46.0,case2,DOM03,8.67598271100761
21,85,139.7852405761606,45.82212794012232,13,0.5,1251,2024-09-28 15:45:00,2024-09-28 15:45:00,13.879110639700611,52.5489262028808,36.0,case2,DOM03,6.789899512962477
21,87,139.71998246838652,137.65100363738992,27,0.5,1252,2024-09-28 15:45:00,2024-09-28 15:45:00,14.338255018186949,52.54859991234193,266.0,case2,DOM03,50.16981306800052
21,88,139.90438640251529,1.6190938410126106,7,0.5,1253,2024-09-28 15:45:00,2024-09-28 15:45:00,13.658095469205064,52.549521932012574,23.0,case2,DOM03,4.337991355503805
21,90,12.809014751581103,75.4414172819956,197,0.7,1254,2024-09-28 15:45:00,2024-09-28 15:45:00,14.027207086409978,51.914045073757904,2605.0,case2,DOM03,491.324673090757
21,91,42.20409616142749,3.8581615116986705,13,0.7,1255,2024-09-28 15:45:00,2024-09-28 15:45:00,13.669290807558493,52.06102048080714,228.0,case2,DOM03,43.00269691542902
21,93,42.258130182996126,14.02974455450357,9,0.7,1256,2024-09-28 15:45:00,2024-09-28 15:45:00,13.72014872277252,52.061290650914984,671.0,case2,DOM03,126.55618258882838
21,95,50.127829114058805,21.270863052781742,12,0.7,1257,2024-09-28 15:45:00,2024-09-28 15:45:00,13.75635431526391,52.1006391455703,1072.0,case2,DOM03,202.18811883043819
21,96,50.93739169073539,14.078186328963934,5,0.7,1258,2024-09-28 15:45:00,2024-09-28 15:45:00,13.72039093164482,52.10468695845368,211.0,case2,DOM03,39.79635547875229
21,100,71.78291712528711,174.74722471175713,49,0.7,1259,2024-09-28 15:45:00,2024-09-28 15:45:00,14.523736123558786,52.20891458562644,742.0,case2,DOM03,139.94737329494882
21,102,135.16083932449638,179.72441586160414,6,0.7,1260,2024-09-28 15:45:00,2024-09-28 15:45:00,14.548622079308021,52.52580419662248,1638.0,case2,DOM03,308.9404278397927
22,8,5.290155461511361,104.3781428109766,11,0.5,1261,2024-09-28 15:50:00,2024-09-28 15:50:00,14.171890714054884,51.87645077730756,46.0,case2,DOM03,8.67598271100761
22,10,8.32862046999925,43.589062037199895,18,0.5,1262,2024-09-28 15:50:00,2024-09-28 15:50:00,13.867945310185998,51.891643102349995,47.0,case2,DOM03,8.864591030812122
22,11,25.352470711497695,40.44775446557685,132,0.5,1263,2024-09-28 15:50:00,2024-09-28 15:50:00,13.852238772327885,51.97676235355749,335.0,case2,DOM03,63.18378713451194
22,13,36.274437560980495,156.66645921548627,200,0.5,1264,2024-09-28 15:50:00,2024-09-28 15:50:00,14.433332296077431,52.031372187804905,371.0,case2,DOM03,69.97368664747441
22,15,29.249332125801836,176.35977126388127,11,0.5,1265,2024-09-28 15:50:00,2024-09-28 15:50:00,14.531798856319407,51.996246660629005,68.0,case2,DOM03,12.8253657467069
22,17,34.73803235143848,37.48730457125579,79,0.5,1266,2024-09-28 15:50:00,2024-09-28 15:50:00,13.83743652285628,52.023690161757195,219.0,case2,DOM03,41.3052220371884
22,18,32.39984685252464,58.20172897209203,16,0.5,1267,2024-09-28 15:50:00,2024-09-28 15:50:00,13.94100864486046,52.011999234262625,124.0,case2,DOM03,23.387431655759645
22,19,33.18449046877419,136.53668986857565,6,0.5,1268,2024-09-28 15:50:00,2024-09-28 15:50:00,14.332683449342879,52.01592245234387,31.0,case2,DOM03,5.846857913939911
22,20,35.550283645364914,116.38404049005923,9,0.5,1269,2024-09-28 15:50:00,2024-09-28 15:50:00,14.231920202450297,52.02775141822683,30.0,case2,DOM03,5.658249594135397
22,22,46.95333314498225,50.6976034555484,41,0.5,1270,2024-09-28 15:50:00,2024-09-28 15:50:00,13.903488017277741,52.08476666572491,102.0,case2,DOM03,19.23804862006035
22,26,46.168353635030996,152.17004658334727,7,0.5,1271,2024-09-28 15:50:00,2024-09-28 15:50:00,14.410850232916737,52.080841768175155,49.0,case2,DOM03,9.24180767042115
22,29,47.858821951847574,140.42240408496983,10,0.5,1272,2024-09-28 15:50:00,2024-09-28 15:50:00,14.35211202042485,52.089294109759244,46.0,case2,DOM03,8.67598271100761
22,32,63.13442323044554,126.20256791381325,239,0.5,1273,2024-09-28 15:50:00,2024-09-28 15:50:00,14.281012839569065,52.16567211615223,1.0,case2,DOM03,0.18860831980451326
22,33,54.089737593934295,114.43343012586705,18,0.5,1274,2024-09-28 15:50:00,2024-09-28 15:50:00,14.222167150629335,52.12044868796967,113.0,case2,DOM03,21.312740137909998
22,38,62.34487982787386,145.27342281109676,65,0.5,1275,2024-09-28 15:50:00,2024-09-28 15:50:00,14.376367114055483,52.161724399139366,129.0,case2,DOM03,24.330473254782206
22,39,65.79879845743831,107.2459132967948,46,0.5,1276,2024-09-28 15:50:00,2024-09-28 15:50:00,14.186229566483973,52.17899399228719,152.0,case2,DOM03,28.668464610286012
22,40,63.79608965227972,66.40365328471701,5,0.5,1277,2024-09-28 15:50:00,2024-09-28 15:50:00,13.982018266423585,52.1689804482614,153.0,case2,DOM03,28.857072930090528
22,41,68.70676598408119,87.67642637599093,112,0.5,1278,2024-09-28 15:50:00,2024-09-28 15:50:00,14.088382131879955,52.193533829920405,393.0,case2,DOM03,74.1230696831737
22,42,65.96551542083192,154.50473698781346,6,0.5,1279,2024-09-28 15:50:00,2024-09-28 15:50:00,14.422523684939067,52.179827577104156,30.0,case2,DOM03,5.658249594135397
22,47,73.49586234503573,155.6500990205653,7,0.5,1280,2024-09-28 15:50:00,2024-09-28 15:50:00,14.428250495102827,52.21747931172518,47.0,case2,DOM03,8.864591030812122
22,49,104.58821861468506,162.2376157779855,695,0.5,1281,2024-09-28 15:50:00,2024-09-28 15:50:00,14.461188078889927,52.37294109307342,2094.0,case2,DOM03,394.94582167065073
22,50,102.07406886509627,38.53143750150611,1077,0.5,1282,2024-09-28 15:50:00,2024-09-28 15:50:00,13.84265718750753,52.36037034432548,1652.0,case2,DOM03,311.58094431705587
22,55,80.44964351922945,105.29001842246636,7,0.5,1283,2024-09-28 15:50:00,2024-09-28 15:50:00,14.176450092112333,52.25224821759615,53.0,case2,DOM03,9.996240949639201
22,57,84.69720707792986,157.96590337269993,5,0.5,1284,2024-09-28 15:50:00,2024-09-28 15:50:00,14.4398295168635,52.27348603538965,19.0,case2,DOM03,3.5835580762857515
22,61,88.77437728969457,171.082408048511,7,0.5,1285,2024-09-28 15:50:00,2024-09-28 15:50:00,14.505412040242556,52.29387188644847,58.0,case2,DOM03,10.939282548661769
22,63,93.83137611646573,5.180766678063595,60,0.5,1286,2024-09-28 15:50:00,2024-09-28 15:50:00,13.675903833390318,52.31915688058233,170.0,case2,DOM03,32.06341436676725
22,64,91.63537137014053,160.39637115453172,13,0.5,1287,2024-09-28 15:50:00,2024-09-28 15:50:00,14.451981855772658,52.30817685685071,34.0,case2,DOM03,6.41268287335345
22,72,111.29299486397865,92.29699751520513,13,0.5,1288,2024-09-28 15:50:00,2024-09-28 15:50:00,14.111484987576025,52.406464974319896,38.0,case2,DOM03,7.167116152571503
22,73,110.5183345277123,145.72621591561307,11,0.5,1289,2024-09-28 15:50:00,2024-09-28 15:50:00,14.378631079578065,52.402591672638565,51.0,case2,DOM03,9.619024310030175
22,76,128.4720332228987,74.57776324007975,511,0.5,1290,2024-09-28 15:50:00,2024-09-28 15:50:00,14.022888816200398,52.492360166114494,815.0,case2,DOM03,153.71578064067828
22,79,127.10289358144895,0.9145483724039525,26,0.5,1291,2024-09-28 15:50:00,2024-09-28 15:50:00,13.654572741862019,52.485514467907244,86.0,case2,DOM03,16.22031550318814
22,82,124.29850099064966,165.53564513886474,6,0.5,1292,2024-09-28 15:50:00,2024-09-28 15:50:00,14.477678225694325,52.47149250495325,31.0,case2,DOM03,5.846857913939911
22,83,132.73831716826817,40.48416415425204,204,0.5,1293,2024-09-28 15:50:00,2024-09-28 15:50:00,13.85242082077126,52.51369158584134,431.0,case2,DOM03,81.29018583574522
22,88,136.64850533051708,166.30606084670018,26,0.5,1294,2024-09-28 15:50:00,2024-09-28 15:50:00,14.481530304233502,52.533242526652586,59.0,case2,DOM03,11.127890868466283
22,89,139.64813224604714,11.531827195613525,32,0.5,1295,2024-09-28 15:50:00,2024-09-28 15:50:00,13.707659135978068,52.54824066123023,123.0,case2,DOM03,23.19882333595513
22,90,139.86479263437644,133.8215543739123,11,0.5,1296,2024-09-28 15:50:00,2024-09-28 15:50:00,14.319107771869561,52.54932396317188,69.0,case2,DOM03,13.013974066511413
22,92,139.8792789187536,146.5739046703379,12,0.5,1297,2024-09-28 15:50:00,2024-09-28 15:50:00,14.38286952335169,52.549396394593764,172.0,case2,DOM03,32.44063100637628
22,93,140.0,41.140747756430564,5,0.5,1298,2024-09-28 15:50:00,2024-09-28 15:50:00,13.855703738782154,52.55,12.0,case2,DOM03,2.263299837654159
22,95,10.25600477699146,85.35334055852967,182,0.7,1299,2024-09-28 15:50:00,2024-09-28 15:50:00,14.076766702792648,51.90128002388496,2631.0,case2,DOM03,496.22848940567434
22,97,42.51686510765123,21.829312799904734,6,0.7,1300,2024-09-28 15:50:00,2024-09-28 15:50:00,13.759146563999524,52.06258432553825,2292.0,case2,DOM03,432.29026899194434
22,104,71.03036020538552,178.0444526833182,20,0.7,1301,2024-09-28 15:50:00,2024-09-28 15:50:00,14.540222263416592,52.20515180102693,440.0,case2,DOM03,82.98766071398583
23,7,3.2369593061703963,113.4530242964201,25,0.5,1302,2024-09-28 15:55:00,2024-09-28 15:55:00,14.2172651214821,51.86618479653085,57.0,case2,DOM03,10.750674228857255
23,8,8.139193546215056,53.53071040823082,12,0.5,1303,2024-09-28 15:55:00,2024-09-28 15:55:00,13.917653552041154,51.89069596773108,67.0,case2,DOM03,12.636757426902387
23,9,11.693655946660751,1.1827594505054262,22,0.5,1304,2024-09-28 15:55:00,2024-09-28 15:55:00,13.655913797252527,51.9084682797333,55.0,case2,DOM03,10.373457589248229
23,11,30.711372661055034,1.5289754755011835,99,0.5,1305,2024-09-28 15:55:00,2024-09-28 15:55:00,13.657644877377505,52.00355686330528,186.0,case2,DOM03,35.08114748363946
23,13,21.820781464169478,7.534125760823009,11,0.5,1306,2024-09-28 15:55:00,2024-09-28 15:55:00,13.687670628804115,51.959103907320845,45.0,case2,DOM03,8.487374391203096
23,14,21.158361526534826,171.60081342493683,10,0.5,1307,2024-09-28 15:55:00,2024-09-28 15:55:00,14.508004067124684,51.95579180763267,39.0,case2,DOM03,7.355724472376017
23,16,32.54933819067161,165.99431410058608,150,0.5,1308,2024-09-28 15:55:00,2024-09-28 15:55:00,14.479971570502931,52.01274669095336,294.0,case2,DOM03,55.450846022526896
23,17,27.06227938018178,51.91257755393887,32,0.5,1309,2024-09-28 15:55:00,2024-09-28 15:55:00,13.909562887769695,51.98531139690091,266.0,case2,DOM03,50.16981306800052
23,18,25.368492747230857,19.779801233575448,5,0.5,1310,2024-09-28 15:55:00,2024-09-28 15:55:00,13.748899006167877,51.976842463736155,31.0,case2,DOM03,5.846857913939911
23,19,52.73653814208828,28.459207557753345,1631,0.5,1311,2024-09-28 15:55:00,2024-09-28 15:55:00,13.792296037788768,52.11368269071044,2638.0,case2,DOM03,497.54874764430593
23,20,28.75506318394166,41.366397546655655,6,0.5,1312,2024-09-28 15:55:00,2024-09-28 15:55:00,13.856831987733278,51.993775315919706,12.0,case2,DOM03,2.263299837654159
23,23,36.58101091319847,51.85375449250894,39,0.5,1313,2024-09-28 15:55:00,2024-09-28 15:55:00,13.909268772462545,52.032905054565994,124.0,case2,DOM03,23.387431655759645
23,24,35.45458004377331,65.15448795403104,12,0.5,1314,2024-09-28 15:55:00,2024-09-28 15:55:00,13.975772439770155,52.02727290021887,67.0,case2,DOM03,12.636757426902387
23,26,42.17252982500979,126.00327891492933,21,0.5,1315,2024-09-28 15:55:00,2024-09-28 15:55:00,14.280016394574647,52.06086264912505,62.0,case2,DOM03,11.693715827879823
23,27,41.48531458034917,136.59087402950996,13,0.5,1316,2024-09-28 15:55:00,2024-09-28 15:55:00,14.33295437014755,52.05742657290175,55.0,case2,DOM03,10.373457589248229
23,31,52.16042925129732,135.44072715394265,49,0.5,1317,2024-09-28 15:55:00,2024-09-28 15:55:00,14.327203635769713,52.11080214625649,155.0,case2,DOM03,29.234289569699552
23,32,52.82341021364038,84.68076782690797,39,0.5,1318,2024-09-28 15:55:00,2024-09-28 15:55:00,14.073403839134539,52.114117051068206,123.0,case2,DOM03,23.19882333595513
23,33,53.04309451659097,158.77239847854366,35,0.5,1319,2024-09-28 15:55:00,2024-09-28 15:55:00,14.44386199239272,52.11521547258295,137.0,case2,DOM03,25.839339813218313
23,34,59.34459461188071,176.01626288010843,43,0.5,1320,2024-09-28 15:55:00,2024-09-28 15:55:00,14.530081314400542,52.146722973059404,146.0,case2,DOM03,27.536814691458932
23,35,59.28408662893636,153.69199666270396,21,0.5,1321,2024-09-28 15:55:00,2024-09-28 15:55:00,14.41845998331352,52.146420433144684,62.0,case2,DOM03,11.693715827879823
23,36,58.898958398040364,134.15461444114,18,0.5,1322,2024-09-28 15:55:00,2024-09-28 15:55:00,14.3207730722057,52.144494791990205,55.0,case2,DOM03,10.373457589248229
23,37,59.42537134184529,162.5938130124551,9,0.5,1323,2024-09-28 15:55:00,2024-09-28 15:55:00,14.462969065062275,52.14712685670923,31.0,case2,DOM03,5.846857913939911
23,38,61.17848737337402,142.75487691720593,15,0.5,1324,2024-09-28 15:55:00,2024-09-28 15:55:00,14.36377438458603,52.15589243686687,38.0,case2,DOM03,7.167116152571503
23,39,68.27306584332906,135.26784507780272,107,0.5,1325,2024-09-28 15:55:00,2024-09-28 15:55:00,14.326339225389013,52.191365329216644,368.0,case2,DOM03,69.40786168806088
23,40,65.61535431364871,81.05210458036463,43,0.5,1326,2024-09-28 15:55:00,2024-09-28 15:55:00,14.055260522901824,52.17807677156824,211.0,case2,DOM03,39.79635547875229
23,41,70.40265803391834,109.96955888118791,183,0.5,1327,2024-09-28 15:55:00,2024-09-28 15:55:00,14.199847794405938,52.202013290169596,560.0,case2,DOM03,105.62065909052741
23,46,70.12541721746226,166.39719080647356,18,0.5,1328,2024-09-28 15:55:00,2024-09-28 15:55:00,14.481985954032368,52.200627086087316,59.0,case2,DOM03,11.127890868466283
23,48,70.36763821712339,129.13339145803582,6,0.5,1329,2024-09-28 15:55:00,2024-09-28 15:55:00,14.295666957290178,52.20183819108562,36.0,case2,DOM03,6.789899512962477
23,51,73.73200840596152,151.99990962827695,43,0.5,1330,2024-09-28 15:55:00,2024-09-28 15:55:00,14.409999548141386,52.21866004202981,167.0,case2,DOM03,31.49758940735371
23,53,75.37406507781265,38.877095676097454,60,0.5,1331,2024-09-28 15:55:00,2024-09-28 15:55:00,13.844385478380488,52.226870325389065,157.0,case2,DOM03,29.61150620930858
23,58,81.74390891133694,163.96787574576504,142,0.5,1332,2024-09-28 15:55:00,2024-09-28 15:55:00,14.469839378728826,52.25871954455668,389.0,case2,DOM03,73.36863640395565
23,60,82.56639033255509,59.83821851739503,118,0.5,1333,2024-09-28 15:55:00,2024-09-28 15:55:00,13.949191092586975,52.262831951662776,327.0,case2,DOM03,61.67492057607583
23,61,80.35345384438013,4.433075535327531,9,0.5,1334,2024-09-28 15:55:00,2024-09-28 15:55:00,13.672165377676638,52.2517672692219,35.0,case2,DOM03,6.601291193157963
23,63,111.34117332652576,58.47714438335739,1084,0.5,1335,2024-09-28 15:55:00,2024-09-28 15:55:00,13.942385721916787,52.40670586663263,2083.0,case2,DOM03,392.8711301528011
23,64,93.11959694946053,8.120654137345829,147,0.5,1336,2024-09-28 15:55:00,2024-09-28 15:55:00,13.69060327068673,52.3155979847473,6.0,case2,DOM03,1.1316499188270794
23,65,91.43180222050985,168.75140448491723,48,0.5,1337,2024-09-28 15:55:00,2024-09-28 15:55:00,14.493757022424585,52.30715901110255,1.0,case2,DOM03,0.18860831980451326
23,67,93.82044819433614,152.91056125646654,11,0.5,1338,2024-09-28 15:55:00,2024-09-28 15:55:00,14.414552806282334,52.31910224097168,74.0,case2,DOM03,13.95701566553398
23,70,98.16626624289475,157.95241089544174,37,0.5,1339,2024-09-28 15:55:00,2024-09-28 15:55:00,14.439762054477209,52.340831331214474,168.0,case2,DOM03,31.686197727158227
23,72,100.31819848256309,176.42609340685476,40,0.5,1340,2024-09-28 15:55:00,2024-09-28 15:55:00,14.532130467034273,52.35159099241282,95.0,case2,DOM03,17.91779038142876
23,74,108.23495723411166,102.07673373272222,12,0.5,1341,2024-09-28 15:55:00,2024-09-28 15:55:00,14.160383668663611,52.39117478617056,63.0,case2,DOM03,11.882324147684335
23,76,111.38087191007737,169.69022661615352,82,0.5,1342,2024-09-28 15:55:00,2024-09-28 15:55:00,14.498451133080767,52.40690435955039,213.0,case2,DOM03,40.17357211836132
23,77,111.47652216894444,156.92125427225022,7,0.5,1343,2024-09-28 15:55:00,2024-09-28 15:55:00,14.434606271361252,52.40738261084472,41.0,case2,DOM03,7.732941111985043
23,78,114.65143517829463,59.380048172039885,6,0.5,1344,2024-09-28 15:55:00,2024-09-28 15:55:00,13.946900240860199,52.42325717589147,33.0,case2,DOM03,6.224074553548936
23,82,121.6073759420552,49.34338274692891,10,0.5,1345,2024-09-28 15:55:00,2024-09-28 15:55:00,13.896716913734645,52.45803687971028,73.0,case2,DOM03,13.768407345729466
23,84,127.89239152072145,8.99119904611314,76,0.5,1346,2024-09-28 15:55:00,2024-09-28 15:55:00,13.694955995230567,52.48946195760361,221.0,case2,DOM03,41.682438676797425
23,87,132.63885052926997,53.00990094842657,166,0.5,1347,2024-09-28 15:55:00,2024-09-28 15:55:00,13.915049504742134,52.51319425264635,330.0,case2,DOM03,62.240745535489374
23,91,134.77798316603787,100.49597167508927,14,0.5,1348,2024-09-28 15:55:00,2024-09-28 15:55:00,14.152479858375447,52.52388991583019,179.0,case2,DOM03,33.760889245007874
23,92,133.85254489562416,176.46819951634083,18,0.5,1349,2024-09-28 15:55:00,2024-09-28 15:55:00,14.532340997581704,52.519262724478125,32.0,case2,DOM03,6.035466233744424
23,96,139.4360942833053,19.90253156860036,34,0.5,1350,2024-09-28 15:55:00,2024-09-28 15:55:00,13.749512657843002,52.547180471416524,196.0,case2,DOM03,36.9672306816846
23,98,139.23203902807123,179.42182810986208,9,0.5,1351,2024-09-28 15:55:00,2024-09-28 15:55:00,14.54710914054931,52.54616019514036,35.0,case2,DOM03,6.601291193157963
23,100,139.89274359496972,106.36958772205583,5,0.5,1352,2024-09-28 15:55:00,2024-09-28 15:55:00,14.181847938610279,52.549463717974845,58.0,case2,DOM03,10.939282548661769
23,101,139.96418177609297,144.92099985402945,5,0.5,1353,2024-09-28 15:55:00,2024-09-28 15:55:00,14.374604999270147,52.54982090888046,35.0,case2,DOM03,6.601291193157963
23,107,140.0,158.73634403755008,6,0.5,1354,2024-09-28 15:55:00,2024-09-28 15:55:00,14.443681720187751,52.55,176.0,case2,DOM03,33.19506428559433
23,109,6.710276261602393,95.04181926592057,176,0.7,1355,2024-09-28 15:55:00,2024-09-28 15:55:00,14.125209096329602,51.88355138130801,2788.0,case2,DOM03,525.8399956149829
24,5,42.78823682753613,24.227403027070476,2236,0.5,1356,2024-09-28 16:00:00,2024-09-28 16:00:00,13.771137015135352,52.06394118413768,3489.0,case2,DOM03,658.0544277979467
24,6,0.0,67.00708247642686,5,0.5,1357,2024-09-28 16:00:00,2024-09-28 16:00:00,13.985035412382134,51.85,24.0,case2,DOM03,4.526599675308318
24,8,7.314608378986264,63.277785433186864,17,0.5,1358,2024-09-28 16:00:00,2024-09-28 16:00:00,13.966388927165934,51.88657304189493,124.0,case2,DOM03,23.387431655759645
24,14,24.22695187733766,171.25553865399513,31,0.5,1359,2024-09-28 16:00:00,2024-09-28 16:00:00,14.506277693269976,51.971134759386686,140.0,case2,DOM03,26.405164772631853
24,17,26.923030343188806,62.56462926673415,8,0.5,1360,2024-09-28 16:00:00,2024-09-28 16:00:00,13.96282314633367,51.98461515171594,77.0,case2,DOM03,14.52284062494752
24,18,31.22682626418965,175.98164941977788,40,0.5,1361,2024-09-28 16:00:00,2024-09-28 16:00:00,14.52990824709889,52.00613413132095,79.0,case2,DOM03,14.900057264556546
24,19,33.5329525336035,59.34464895733707,29,0.5,1362,2024-09-28 16:00:00,2024-09-28 16:00:00,13.946723244786686,52.01766476266802,87.0,case2,DOM03,16.40892382299265
24,21,36.243270560734956,76.01504293421705,31,0.5,1363,2024-09-28 16:00:00,2024-09-28 16:00:00,14.030075214671085,52.031216352803675,138.0,case2,DOM03,26.027948133022825
24,22,38.72815641672043,134.05841032960186,66,0.5,1364,2024-09-28 16:00:00,2024-09-28 16:00:00,14.320292051648009,52.04364078208361,254.0,case2,DOM03,47.90651323034637
24,24,38.12046505198013,178.84103739422042,5,0.5,1365,2024-09-28 16:00:00,2024-09-28 16:00:00,14.544205186971102,52.0406023252599,23.0,case2,DOM03,4.337991355503805
24,25,39.34114157897417,68.06482870451708,14,0.5,1366,2024-09-28 16:00:00,2024-09-28 16:00:00,13.990324143522585,52.04670570789487,130.0,case2,DOM03,24.519081574586725
24,29,50.8026282032206,144.68133410750792,37,0.5,1367,2024-09-28 16:00:00,2024-09-28 16:00:00,14.37340667053754,52.104013141016104,279.0,case2,DOM03,52.6217212254592
24,30,51.47675346108752,167.79722302676083,12,0.5,1368,2024-09-28 16:00:00,2024-09-28 16:00:00,14.488986115133804,52.107383767305436,72.0,case2,DOM03,13.579799025924954
24,32,53.7649500943503,87.32212379579856,8,0.5,1369,2024-09-28 16:00:00,2024-09-28 16:00:00,14.086610618978993,52.11882475047175,44.0,case2,DOM03,8.298766071398582
24,35,58.01323113263573,163.42218706201822,16,0.5,1370,2024-09-28 16:00:00,2024-09-28 16:00:00,14.46711093531009,52.14006615566318,61.0,case2,DOM03,11.505107508075309
24,37,58.22474801716042,179.37893726675594,8,0.5,1371,2024-09-28 16:00:00,2024-09-28 16:00:00,14.54689468633378,52.1411237400858,89.0,case2,DOM03,16.78614046260168
24,38,59.6684607742015,154.6499981835155,6,0.5,1372,2024-09-28 16:00:00,2024-09-28 16:00:00,14.423249990917578,52.148342303871004,58.0,case2,DOM03,10.939282548661769
24,40,69.84293547063874,119.43494526601144,176,0.5,1373,2024-09-28 16:00:00,2024-09-28 16:00:00,14.247174726330057,52.1992146773532,1.0,case2,DOM03,0.18860831980451326
24,42,62.72911974372129,91.77082762355177,6,0.5,1374,2024-09-28 16:00:00,2024-09-28 16:00:00,14.108854138117758,52.1636455987186,51.0,case2,DOM03,9.619024310030175
24,43,68.54263104719925,145.02416381978466,58,0.5,1375,2024-09-28 16:00:00,2024-09-28 16:00:00,14.375120819098923,52.19271315523599,788.0,case2,DOM03,148.62335600595645
24,44,66.62106660721852,90.35992561754826,8,0.5,1376,2024-09-28 16:00:00,2024-09-28 16:00:00,14.101799628087742,52.183105333036096,99.0,case2,DOM03,18.67222366064681
24,47,72.88986351092778,177.5474956101458,56,0.5,1377,2024-09-28 16:00:00,2024-09-28 16:00:00,14.53773747805073,52.21444931755464,148.0,case2,DOM03,27.91403133106796
24,49,71.49489628356811,160.27369236469153,42,0.5,1378,2024-09-28 16:00:00,2024-09-28 16:00:00,14.451368461823456,52.20747448141784,92.0,case2,DOM03,17.35196542201522
24,54,100.99777276025027,59.07017238721979,789,0.5,1379,2024-09-28 16:00:00,2024-09-28 16:00:00,13.945350861936099,52.354988863801246,1814.0,case2,DOM03,342.13549212538703
24,55,77.25707373704212,48.73983125646694,8,0.5,1380,2024-09-28 16:00:00,2024-09-28 16:00:00,13.893699156282334,52.23628536868521,18.0,case2,DOM03,3.3949497564812385
24,58,83.45593204549925,171.78077640660345,106,0.5,1381,2024-09-28 16:00:00,2024-09-28 16:00:00,14.508903882033017,52.2672796602275,232.0,case2,DOM03,43.757130194647075
24,60,81.61060659040658,22.04284452590526,15,0.5,1382,2024-09-28 16:00:00,2024-09-28 16:00:00,13.760214222629527,52.258053032952034,49.0,case2,DOM03,9.24180767042115
24,63,85.13242739108404,1.2371793479627293,19,0.5,1383,2024-09-28 16:00:00,2024-09-28 16:00:00,13.656185896739814,52.27566213695542,106.0,case2,DOM03,19.992481899278403
24,65,96.57928122791724,10.595598107333911,326,0.5,1384,2024-09-28 16:00:00,2024-09-28 16:00:00,13.702977990536668,52.33289640613959,705.0,case2,DOM03,132.96886546218184
24,67,92.50092113134183,162.34794556398847,6,0.5,1385,2024-09-28 16:00:00,2024-09-28 16:00:00,14.461739727819943,52.312504605656706,151.0,case2,DOM03,28.4798562904815
24,72,107.49971216686502,175.65985000532396,11,0.5,1386,2024-09-28 16:00:00,2024-09-28 16:00:00,14.52829925002662,52.387498560834324,40.0,case2,DOM03,7.54433279218053
24,84,112.29033879525453,168.75689564869376,13,0.5,1387,2024-09-28 16:00:00,2024-09-28 16:00:00,14.493784478243468,52.41145169397627,51.0,case2,DOM03,9.619024310030175
24,87,113.00307486511993,177.4807534365485,8,0.5,1388,2024-09-28 16:00:00,2024-09-28 16:00:00,14.537403767182743,52.4150153743256,32.0,case2,DOM03,6.035466233744424
24,90,127.08254332984791,91.10537124271411,240,0.5,1389,2024-09-28 16:00:00,2024-09-28 16:00:00,14.10552685621357,52.485412716649236,536.0,case2,DOM03,101.09405941521909
24,93,126.52478751215342,21.97073538774876,29,0.5,1390,2024-09-28 16:00:00,2024-09-28 16:00:00,13.759853676938743,52.48262393756077,121.0,case2,DOM03,22.821606696346105
24,94,129.70271790218158,15.372596351443185,7,0.5,1391,2024-09-28 16:00:00,2024-09-28 16:00:00,13.726862981757217,52.49851358951091,66.0,case2,DOM03,12.448149107097873
24,95,132.8020050444264,67.97944612183375,98,0.5,1392,2024-09-28 16:00:00,2024-09-28 16:00:00,13.989897230609168,52.514010025222134,310.0,case2,DOM03,58.468579139399104
24,98,134.0755644021518,118.62102048517919,5,0.5,1393,2024-09-28 16:00:00,2024-09-28 16:00:00,14.243105102425895,52.520377822010765,166.0,case2,DOM03,31.3089810875492
24,100,139.1443439323837,15.608416199787117,10,0.5,1394,2024-09-28 16:00:00,2024-09-28 16:00:00,13.728042080998936,52.54572171966192,189.0,case2,DOM03,35.646972443053
24,103,139.18441693507296,30.15146215176493,22,0.5,1395,2024-09-28 16:00:00,2024-09-28 16:00:00,13.800757310758826,52.54592208467537,101.0,case2,DOM03,19.04944030025584
24,105,2.112528289870236,106.59862197576814,89,0.7,1396,2024-09-28 16:00:00,2024-09-28 16:00:00,14.182993109878842,51.86056264144935,329.0,case2,DOM03,62.05213721568486
24,107,11.392792244261667,101.07281869859382,10,0.7,1397,2024-09-28 16:00:00,2024-09-28 16:00:00,14.155364093492969,51.90696396122131,2386.0,case2,DOM03,450.0194510535686
25,9,5.234050688063084,71.38307507246584,7,0.5,1398,2024-09-28 16:05:00,2024-09-28 16:05:00,14.006915375362329,51.876170253440314,21.0,case2,DOM03,3.9607747158947784
25,11,7.4864498237445725,135.84661811008237,11,0.5,1399,2024-09-28 16:05:00,2024-09-28 16:05:00,14.329233090550412,51.887432249118724,76.0,case2,DOM03,14.334232305143006
25,12,10.030449447836006,75.93713665258315,17,0.5,1400,2024-09-28 16:05:00,2024-09-28 16:05:00,14.029685683262915,51.90015224723918,78.0,case2,DOM03,14.711448944752034
25,16,18.900401985559434,179.27970277991633,13,0.5,1401,2024-09-28 16:05:00,2024-09-28 16:05:00,14.546398513899582,51.944502009927795,45.0,case2,DOM03,8.487374391203096
25,17,23.47767694285427,52.17078653179291,7,0.5,1402,2024-09-28 16:05:00,2024-09-28 16:05:00,13.910853932658965,51.967388384714276,58.0,case2,DOM03,10.939282548661769
25,18,23.767736632425112,89.57187699555206,5,0.5,1403,2024-09-28 16:05:00,2024-09-28 16:05:00,14.09785938497776,51.968838683162126,85.0,case2,DOM03,16.031707183383624
25,19,26.59782297938418,74.53257630399852,10,0.5,1404,2024-09-28 16:05:00,2024-09-28 16:05:00,14.022662881519993,51.98298911489692,123.0,case2,DOM03,23.19882333595513
25,20,27.076170833834883,106.61649441989235,5,0.5,1405,2024-09-28 16:05:00,2024-09-28 16:05:00,14.183082472099462,51.98538085416917,18.0,case2,DOM03,3.3949497564812385
25,21,34.97394499201265,141.72104396098365,85,0.5,1406,2024-09-28 16:05:00,2024-09-28 16:05:00,14.358605219804918,52.02486972496006,244.0,case2,DOM03,46.020430032301235
25,25,36.0513701822282,86.84998635632876,17,0.5,1407,2024-09-28 16:05:00,2024-09-28 16:05:00,14.084249931781644,52.030256850911144,69.0,case2,DOM03,13.013974066511413
25,26,36.56674609721403,75.27817929391828,10,0.5,1408,2024-09-28 16:05:00,2024-09-28 16:05:00,14.026390896469591,52.03283373048607,100.0,case2,DOM03,18.860831980451323
25,31,48.51800338646037,152.19525041165687,11,0.5,1409,2024-09-28 16:05:00,2024-09-28 16:05:00,14.410976252058285,52.092590016932306,159.0,case2,DOM03,29.988722848917607
25,36,65.51618425396641,106.50342330180165,54,0.5,1410,2024-09-28 16:05:00,2024-09-28 16:05:00,14.182517116509008,52.17758092126983,202.0,case2,DOM03,38.09888060051168
25,38,62.80251499091513,159.76192129913426,9,0.5,1411,2024-09-28 16:05:00,2024-09-28 16:05:00,14.44880960649567,52.164012574954576,87.0,case2,DOM03,16.40892382299265
25,39,62.29529456354076,28.09013918546805,5,0.5,1412,2024-09-28 16:05:00,2024-09-28 16:05:00,13.79045069592734,52.161476472817704,22.0,case2,DOM03,4.149383035699291
25,40,63.151199135891275,71.90803070639038,8,0.5,1413,2024-09-28 16:05:00,2024-09-28 16:05:00,14.009540153531951,52.165755995679454,34.0,case2,DOM03,6.41268287335345
25,42,66.9490199840665,137.87030189230452,57,0.5,1414,2024-09-28 16:05:00,2024-09-28 16:05:00,14.339351509461522,52.184745099920335,269.0,case2,DOM03,50.73563802741406
25,43,66.68939735814274,154.04943191970062,12,0.5,1415,2024-09-28 16:05:00,2024-09-28 16:05:00,14.420247159598503,52.18344698679071,92.0,case2,DOM03,17.35196542201522
25,44,65.75841822552326,117.1669786379653,5,0.5,1416,2024-09-28 16:05:00,2024-09-28 16:05:00,14.235834893189827,52.17879209112762,69.0,case2,DOM03,13.013974066511413
25,45,66.11814973374119,166.67219193267536,10,0.5,1417,2024-09-28 16:05:00,2024-09-28 16:05:00,14.483360959663377,52.180590748668706,39.0,case2,DOM03,7.355724472376017
25,46,70.47010454130145,127.92492498212138,40,0.5,1418,2024-09-28 16:05:00,2024-09-28 16:05:00,14.289624624910608,52.20235052270651,211.0,case2,DOM03,39.79635547875229
25,47,72.61924993721335,6.140279825339866,45,0.5,1419,2024-09-28 16:05:00,2024-09-28 16:05:00,13.680701399126699,52.21309624968607,394.0,case2,DOM03,74.31167800297823
25,50,70.52508335113781,170.17119327237313,16,0.5,1420,2024-09-28 16:05:00,2024-09-28 16:05:00,14.500855966361867,52.20262541675569,58.0,case2,DOM03,10.939282548661769
25,51,75.26145231414742,77.54865860008788,37,0.5,1421,2024-09-28 16:05:00,2024-09-28 16:05:00,14.03774329300044,52.22630726157074,186.0,case2,DOM03,35.08114748363946
25,54,75.94039201431036,173.88273263234294,10,0.5,1422,2024-09-28 16:05:00,2024-09-28 16:05:00,14.519413663161714,52.22970196007155,47.0,case2,DOM03,8.864591030812122
25,58,82.22843976094039,7.663159331952946,96,0.5,1423,2024-09-28 16:05:00,2024-09-28 16:05:00,13.688315796659765,52.2611421988047,1.0,case2,DOM03,0.18860831980451326
25,59,80.24427027609129,179.17030911264177,13,0.5,1424,2024-09-28 16:05:00,2024-09-28 16:05:00,14.54585154556321,52.25122135138046,33.0,case2,DOM03,6.224074553548936
25,60,82.37006978483011,51.1359258951566,7,0.5,1425,2024-09-28 16:05:00,2024-09-28 16:05:00,13.905679629475783,52.26185034892415,92.0,case2,DOM03,17.35196542201522
25,62,101.56272837417923,68.96654307478637,612,0.5,1426,2024-09-28 16:05:00,2024-09-28 16:05:00,13.994832715373931,52.3578136418709,1413.0,case2,DOM03,266.5035558837772
25,63,97.93677359211078,15.288513626942178,398,0.5,1427,2024-09-28 16:05:00,2024-09-28 16:05:00,13.726442568134711,52.33968386796056,929.0,case2,DOM03,175.2171290983928
25,68,108.22073682361795,58.07525012008092,8,0.5,1428,2024-09-28 16:05:00,2024-09-28 16:05:00,13.940376250600405,52.39110368411809,28.0,case2,DOM03,5.281032954526371
25,71,111.01887519594254,61.72417357461012,7,0.5,1429,2024-09-28 16:05:00,2024-09-28 16:05:00,13.958620867873051,52.405094375979715,36.0,case2,DOM03,6.789899512962477
25,75,112.26118637297186,179.29388258051534,5,0.5,1430,2024-09-28 16:05:00,2024-09-28 16:05:00,14.546469412902576,52.41130593186486,22.0,case2,DOM03,4.149383035699291
25,76,117.89400841565389,96.35297798183417,5,0.5,1431,2024-09-28 16:05:00,2024-09-28 16:05:00,14.13176488990917,52.43947004207827,38.0,case2,DOM03,7.167116152571503
25,78,122.10960021324335,101.65705672006021,29,0.5,1432,2024-09-28 16:05:00,2024-09-28 16:05:00,14.158285283600302,52.460548001066215,325.0,case2,DOM03,61.2977039364668
25,79,125.8943139728831,33.07003471663193,21,0.5,1433,2024-09-28 16:05:00,2024-09-28 16:05:00,13.815350173583159,52.479471569864415,146.0,case2,DOM03,27.536814691458932
25,80,129.91773702292951,97.28392129439104,23,0.5,1434,2024-09-28 16:05:00,2024-09-28 16:05:00,14.136419606471955,52.499588685114645,1.0,case2,DOM03,0.18860831980451326
25,81,133.3818888026033,81.59429775072016,87,0.5,1435,2024-09-28 16:05:00,2024-09-28 16:05:00,14.057971488753601,52.51690944401302,299.0,case2,DOM03,56.39388762154946
25,82,132.3355674564809,130.3464453297023,10,0.5,1436,2024-09-28 16:05:00,2024-09-28 16:05:00,14.301732226648513,52.511677837282406,51.0,case2,DOM03,9.619024310030175
25,83,138.01686173272049,100.39215199536395,45,0.5,1437,2024-09-28 16:05:00,2024-09-28 16:05:00,14.15196075997682,52.5400843086636,174.0,case2,DOM03,32.8178476459853
25,84,136.47533255658425,118.48010538360258,6,0.5,1438,2024-09-28 16:05:00,2024-09-28 16:05:00,14.242400526918013,52.53237666278292,116.0,case2,DOM03,21.878565097323538
25,85,137.84011523037165,0.8575362000909621,8,0.5,1439,2024-09-28 16:05:00,2024-09-28 16:05:00,13.654287681000454,52.539200576151856,113.0,case2,DOM03,21.312740137909998
25,86,138.94823568776238,41.63281637299602,21,0.5,1440,2024-09-28 16:05:00,2024-09-28 16:05:00,13.85816408186498,52.54474117843881,69.0,case2,DOM03,13.013974066511413
25,87,139.88875706560333,51.11220243926427,10,0.5,1441,2024-09-28 16:05:00,2024-09-28 16:05:00,13.905561012196321,52.549443785328016,41.0,case2,DOM03,7.732941111985043
25,89,0.20838749933196232,116.44094442828815,16,0.7,1442,2024-09-28 16:05:00,2024-09-28 16:05:00,14.232204722141441,51.85104193749666,2548.0,case2,DOM03,480.5739988618997
25,91,15.240679555017001,7.025582751918355,12,0.7,1443,2024-09-28 16:05:00,2024-09-28 16:05:00,13.685127913759592,51.92620339777508,4115.0,case2,DOM03,776.1232359955719
26,5,20.39702136566142,20.128406280514934,1041,0.5,1444,2024-09-28 16:10:00,2024-09-28 16:10:00,13.750642031402574,51.95198510682831,1494.0,case2,DOM03,281.78082978794276
26,6,13.267446892092776,123.57174721265903,1078,0.5,1445,2024-09-28 16:10:00,2024-09-28 16:10:00,14.267858736063296,51.916337234460464,1627.0,case2,DOM03,306.865736321943
26,7,7.7224035693946345,84.31749132278472,24,0.5,1446,2024-09-28 16:10:00,2024-09-28 16:10:00,14.071587456613923,51.888612017846974,88.0,case2,DOM03,16.597532142797164
26,9,45.80477747465894,51.46776147756284,1361,0.5,1447,2024-09-28 16:10:00,2024-09-28 16:10:00,13.907338807387815,52.079023887373296,2714.0,case2,DOM03,511.88297994944895
26,11,26.19602052111402,84.49080064034912,18,0.5,1448,2024-09-28 16:10:00,2024-09-28 16:10:00,14.072454003201745,51.98098010260557,204.0,case2,DOM03,38.4760972401207
26,12,29.227598636336158,148.7778747089607,18,0.5,1449,2024-09-28 16:10:00,2024-09-28 16:10:00,14.393889373544804,51.99613799318168,80.0,case2,DOM03,15.08866558436106
26,15,37.48980859930242,145.02195575998604,14,0.5,1450,2024-09-28 16:10:00,2024-09-28 16:10:00,14.37510977879993,52.037449042996506,70.0,case2,DOM03,13.202582386315926
26,16,37.09028916734477,96.90661509564426,9,0.5,1451,2024-09-28 16:10:00,2024-09-28 16:10:00,14.13453307547822,52.03545144583672,71.0,case2,DOM03,13.39119070612044
26,18,39.55390596937549,156.96676530696382,41,0.5,1452,2024-09-28 16:10:00,2024-09-28 16:10:00,14.43483382653482,52.047769529846875,201.0,case2,DOM03,37.91027228070717
26,19,47.11455189632629,112.6268164182457,282,0.5,1453,2024-09-28 16:10:00,2024-09-28 16:10:00,14.213134082091228,52.085572759481636,926.0,case2,DOM03,174.65130413897924
26,20,41.821838002901806,143.17646110081793,6,0.5,1454,2024-09-28 16:10:00,2024-09-28 16:10:00,14.36588230550409,52.05910919001451,62.0,case2,DOM03,11.693715827879823
26,21,46.27564520595671,135.3272140383476,8,0.5,1455,2024-09-28 16:10:00,2024-09-28 16:10:00,14.326636070191737,52.081378226029784,77.0,case2,DOM03,14.52284062494752
26,24,50.003573035661326,156.1313649891083,7,0.5,1456,2024-09-28 16:10:00,2024-09-28 16:10:00,14.430656824945542,52.10001786517831,105.0,case2,DOM03,19.80387357947389
26,26,60.38034808031557,79.42815028114542,8,0.5,1457,2024-09-28 16:10:00,2024-09-28 16:10:00,14.047140751405728,52.15190174040158,120.0,case2,DOM03,22.63299837654159
26,30,64.03034364072329,148.6455642794711,18,0.5,1458,2024-09-28 16:10:00,2024-09-28 16:10:00,14.393227821397355,52.17015171820362,87.0,case2,DOM03,16.40892382299265
26,31,65.05883202287366,138.90184003130742,23,0.5,1459,2024-09-28 16:10:00,2024-09-28 16:10:00,14.344509200156537,52.17529416011437,393.0,case2,DOM03,74.1230696831737
26,33,69.8168355310017,40.06327950111024,33,0.5,1460,2024-09-28 16:10:00,2024-09-28 16:10:00,13.850316397505551,52.19908417765501,76.0,case2,DOM03,14.334232305143006
26,34,66.61673218687076,58.581005345019804,7,0.5,1461,2024-09-28 16:10:00,2024-09-28 16:10:00,13.942905026725098,52.18308366093436,40.0,case2,DOM03,7.54433279218053
26,37,71.69455426368505,7.157355406557794,44,0.5,1462,2024-09-28 16:10:00,2024-09-28 16:10:00,13.685786777032789,52.20847277131843,155.0,case2,DOM03,29.234289569699552
26,38,69.84056690298782,138.93948370856847,5,0.5,1463,2024-09-28 16:10:00,2024-09-28 16:10:00,14.344697418542843,52.19920283451494,152.0,case2,DOM03,28.668464610286012
26,39,73.17919346597412,86.1034416273436,6,0.5,1464,2024-09-28 16:10:00,2024-09-28 16:10:00,14.080517208136719,52.21589596732987,146.0,case2,DOM03,27.536814691458932
26,41,79.17489591159269,63.971717348041295,42,0.5,1465,2024-09-28 16:10:00,2024-09-28 16:10:00,13.969858586740207,52.24587447955796,162.0,case2,DOM03,30.554547808331147
26,43,77.75881535407419,17.51493063848551,20,0.5,1466,2024-09-28 16:10:00,2024-09-28 16:10:00,13.737574653192427,52.238794076770375,174.0,case2,DOM03,32.8178476459853
26,44,76.40972467346582,42.011221281927554,11,0.5,1467,2024-09-28 16:10:00,2024-09-28 16:10:00,13.860056106409637,52.23204862336733,112.0,case2,DOM03,21.124131818105482
26,46,83.96697782608693,20.49815090878126,41,0.5,1468,2024-09-28 16:10:00,2024-09-28 16:10:00,13.752490754543906,52.269834889130436,164.0,case2,DOM03,30.93176444794017
26,47,81.70703347740026,29.04902686727078,13,0.5,1469,2024-09-28 16:10:00,2024-09-28 16:10:00,13.795245134336353,52.258535167387,135.0,case2,DOM03,25.462123173609285
26,50,86.59594781615755,87.18275299598824,23,0.5,1470,2024-09-28 16:10:00,2024-09-28 16:10:00,14.085913764979942,52.28297973908079,263.0,case2,DOM03,49.60398810858698
26,51,86.04055866867672,6.692564216942397,6,0.5,1471,2024-09-28 16:10:00,2024-09-28 16:10:00,13.683462821084712,52.280202793343385,88.0,case2,DOM03,16.597532142797164
26,52,101.8930727031123,74.98450280307885,338,0.5,1472,2024-09-28 16:10:00,2024-09-28 16:10:00,14.024922514015394,52.35946536351556,713.0,case2,DOM03,134.47773202061794
26,55,95.39610676342664,28.815795159754064,289,0.5,1473,2024-09-28 16:10:00,2024-09-28 16:10:00,13.79407897579877,52.326980533817135,693.0,case2,DOM03,130.70556562452768
26,56,90.42808028154086,97.89759252855289,6,0.5,1474,2024-09-28 16:10:00,2024-09-28 16:10:00,14.139487962642765,52.302140401407705,46.0,case2,DOM03,8.67598271100761
26,57,96.11903784033153,2.2236251076204963,25,0.5,1475,2024-09-28 16:10:00,2024-09-28 16:10:00,13.661118125538103,52.33059518920166,61.0,case2,DOM03,11.505107508075309
26,59,95.5307897516582,93.14347297867414,5,0.5,1476,2024-09-28 16:10:00,2024-09-28 16:10:00,14.11571736489337,52.32765394875829,149.0,case2,DOM03,28.102639650872472
26,60,105.48277789443522,94.73450939058492,55,0.5,1477,2024-09-28 16:10:00,2024-09-28 16:10:00,14.123672546952925,52.37741388947218,158.0,case2,DOM03,29.800114529113092
26,62,104.36489548989054,25.487422092823966,35,0.5,1478,2024-09-28 16:10:00,2024-09-28 16:10:00,13.77743711046412,52.37182447744945,89.0,case2,DOM03,16.78614046260168
26,64,113.98546980365943,74.70238165139273,5,0.5,1479,2024-09-28 16:10:00,2024-09-28 16:10:00,14.023511908256964,52.4199273490183,75.0,case2,DOM03,14.145623985338494
26,66,124.25451323144149,44.90096663986844,12,0.5,1480,2024-09-28 16:10:00,2024-09-28 16:10:00,13.874504833199342,52.471272566157204,109.0,case2,DOM03,20.558306858691942
26,69,134.13174646676867,99.08820644644969,136,0.5,1481,2024-09-28 16:10:00,2024-09-28 16:10:00,14.145441032232249,52.52065873233384,786.0,case2,DOM03,148.2461393663474
26,70,131.54352964616893,82.7669331658988,7,0.5,1482,2024-09-28 16:10:00,2024-09-28 16:10:00,14.063834665829495,52.507717648230845,86.0,case2,DOM03,16.22031550318814
26,72,132.777608732133,129.39515344902472,6,0.5,1483,2024-09-28 16:10:00,2024-09-28 16:10:00,14.296975767245124,52.513888043660664,213.0,case2,DOM03,40.17357211836132
26,76,138.2489459657863,10.22649610031901,31,0.5,1484,2024-09-28 16:10:00,2024-09-28 16:10:00,13.701132480501595,52.54124472982893,169.0,case2,DOM03,31.87480604696274
26,77,138.22079131233602,52.48715596819913,27,0.5,1485,2024-09-28 16:10:00,2024-09-28 16:10:00,13.912435779840996,52.54110395656168,110.0,case2,DOM03,20.746915178496458
26,78,139.39733072794144,0.8469909696325069,7,0.5,1486,2024-09-28 16:10:00,2024-09-28 16:10:00,13.654234954848162,52.546986653639706,23.0,case2,DOM03,4.337991355503805
26,79,139.71368175091627,63.13059695403893,10,0.5,1487,2024-09-28 16:10:00,2024-09-28 16:10:00,13.965652984770195,52.548568408754576,34.0,case2,DOM03,6.41268287335345
27,6,26.04834997124758,42.88347435462054,2036,0.5,1488,2024-09-28 16:15:00,2024-09-28 16:15:00,13.864417371773103,51.98024174985623,3718.0,case2,DOM03,701.2457330331803
27,7,15.294000557295188,125.72155055635966,528,0.5,1489,2024-09-28 16:15:00,2024-09-28 16:15:00,14.278607752781799,51.92647000278647,928.0,case2,DOM03,175.0285207785883
27,8,9.517353423889688,143.3251125038428,356,0.5,1490,2024-09-28 16:15:00,2024-09-28 16:15:00,14.366625562519214,51.89758676711945,731.0,case2,DOM03,137.8726817770992
27,9,3.7336158208761443,91.21917079283395,9,0.5,1491,2024-09-28 16:15:00,2024-09-28 16:15:00,14.10609585396417,51.86866807910438,70.0,case2,DOM03,13.202582386315926
27,11,24.211380259333062,153.46013317596805,13,0.5,1492,2024-09-28 16:15:00,2024-09-28 16:15:00,14.417300665879841,51.97105690129666,63.0,case2,DOM03,11.882324147684335
27,14,31.182737340513633,90.38209510619949,7,0.5,1493,2024-09-28 16:15:00,2024-09-28 16:15:00,14.101910475530998,52.00591368670257,257.0,case2,DOM03,48.4723381897599
27,18,43.37287517704378,124.72782740453151,186,0.5,1494,2024-09-28 16:15:00,2024-09-28 16:15:00,14.273639137022657,52.06686437588522,766.0,case2,DOM03,144.47397297025714
27,23,38.43271413538319,167.2259113989822,9,0.5,1495,2024-09-28 16:15:00,2024-09-28 16:15:00,14.48612955699491,52.04216357067692,272.0,case2,DOM03,51.3014629868276
27,24,40.357541081530584,142.61551500434012,7,0.5,1496,2024-09-28 16:15:00,2024-09-28 16:15:00,14.3630775750217,52.05178770540765,84.0,case2,DOM03,15.843098863579113
27,25,46.14800937591659,52.19803485063917,20,0.5,1497,2024-09-28 16:15:00,2024-09-28 16:15:00,13.910990174253197,52.08074004687958,71.0,case2,DOM03,13.39119070612044
27,29,56.20975403250583,38.75578438908282,227,0.5,1498,2024-09-28 16:15:00,2024-09-28 16:15:00,13.843778921945415,52.13104877016253,573.0,case2,DOM03,108.07256724798609
27,30,48.24259104683921,101.33584948711965,13,0.5,1499,2024-09-28 16:15:00,2024-09-28 16:15:00,14.156679247435598,52.0912129552342,139.0,case2,DOM03,26.21655645282734
27,31,49.34910552532925,166.56912283365995,11,0.5,1500,2024-09-28 16:15:00,2024-09-28 16:15:00,14.4828456141683,52.096745527626645,101.0,case2,DOM03,19.04944030025584
27,36,56.65430551768974,129.45622339198457,5,0.5,1501,2024-09-28 16:15:00,2024-09-28 16:15:00,14.297281116959923,52.13327152758845,56.0,case2,DOM03,10.562065909052741
27,39,62.826147228033776,138.50224159967064,5,0.5,1502,2024-09-28 16:15:00,2024-09-28 16:15:00,14.342511207998353,52.164130736140166,116.0,case2,DOM03,21.878565097323538
27,40,63.2564747274774,132.1678859163429,11,0.5,1503,2024-09-28 16:15:00,2024-09-28 16:15:00,14.310839429581716,52.16628237363739,102.0,case2,DOM03,19.23804862006035
27,41,63.77883269696316,149.06958157681632,7,0.5,1504,2024-09-28 16:15:00,2024-09-28 16:15:00,14.395347907884082,52.168894163484815,200.0,case2,DOM03,37.721663960902646
27,43,65.38277676764882,11.629160080933305,10,0.5,1505,2024-09-28 16:15:00,2024-09-28 16:15:00,13.708145800404667,52.17691388383824,120.0,case2,DOM03,22.63299837654159
27,45,70.41168156082712,83.44262847694469,32,0.5,1506,2024-09-28 16:15:00,2024-09-28 16:15:00,14.067213142384723,52.20205840780414,101.0,case2,DOM03,19.04944030025584
27,47,72.29404170559995,24.227825047794447,42,0.5,1507,2024-09-28 16:15:00,2024-09-28 16:15:00,13.771139125238973,52.211470208528,271.0,case2,DOM03,51.11285466702309
27,48,73.51568436874136,128.48004067092683,18,0.5,1508,2024-09-28 16:15:00,2024-09-28 16:15:00,14.292400203354635,52.217578421843704,171.0,case2,DOM03,32.25202268657176
27,52,74.81795179797295,59.63023649224454,18,0.5,1509,2024-09-28 16:15:00,2024-09-28 16:15:00,13.948151182461222,52.22408975898986,119.0,case2,DOM03,22.444390056737078
27,53,78.8091457890539,74.37036533798229,22,0.5,1510,2024-09-28 16:15:00,2024-09-28 16:15:00,14.021851826689911,52.24404572894527,109.0,case2,DOM03,20.558306858691942
27,54,78.6611628776129,108.69199287649805,6,0.5,1511,2024-09-28 16:15:00,2024-09-28 16:15:00,14.193459964382491,52.243305814388066,49.0,case2,DOM03,9.24180767042115
27,55,93.65964408106296,39.044611143982976,341,0.5,1512,2024-09-28 16:15:00,2024-09-28 16:15:00,13.845223055719915,52.31829822040532,1133.0,case2,DOM03,213.69322633851348
27,56,81.54273248773221,5.228913101661419,17,0.5,1513,2024-09-28 16:15:00,2024-09-28 16:15:00,13.676144565508308,52.25771366243866,131.0,case2,DOM03,24.707689894391233
27,58,89.11750765702455,5.453538709735819,24,0.5,1514,2024-09-28 16:15:00,2024-09-28 16:15:00,13.677267693548679,52.295587538285126,109.0,case2,DOM03,20.558306858691942
27,59,89.14201783970995,99.53877785813683,5,0.5,1515,2024-09-28 16:15:00,2024-09-28 16:15:00,14.147693889290684,52.29571008919855,298.0,case2,DOM03,56.205279301744945
27,63,100.73798036845463,85.41830641416368,197,0.5,1516,2024-09-28 16:15:00,2024-09-28 16:15:00,14.077091532070819,52.35368990184227,363.0,case2,DOM03,68.46482008903831
27,64,94.06320445047245,59.89356593390881,6,0.5,1517,2024-09-28 16:15:00,2024-09-28 16:15:00,13.949467829669544,52.32031602225236,146.0,case2,DOM03,27.536814691458932
27,65,95.43944604509542,12.659145907624753,11,0.5,1518,2024-09-28 16:15:00,2024-09-28 16:15:00,13.713295729538125,52.32719723022548,73.0,case2,DOM03,13.768407345729466
27,69,105.41933352663575,103.64147839199308,7,0.5,1519,2024-09-28 16:15:00,2024-09-28 16:15:00,14.168207391959966,52.37709666763318,172.0,case2,DOM03,32.44063100637628
27,72,112.16874083431905,90.04484746459612,32,0.5,1520,2024-09-28 16:15:00,2024-09-28 16:15:00,14.10022423732298,52.41084370417159,254.0,case2,DOM03,47.90651323034637
27,74,127.54754689232283,127.82197198839643,28,0.5,1521,2024-09-28 16:15:00,2024-09-28 16:15:00,14.289109859941982,52.48773773446162,403.0,case2,DOM03,76.00915288121884
27,75,130.97055289581343,93.83039330271863,9,0.5,1522,2024-09-28 16:15:00,2024-09-28 16:15:00,14.119151966513593,52.50485276447907,91.0,case2,DOM03,17.163357102210703
27,76,133.19158374456524,106.87714502497126,101,0.5,1523,2024-09-28 16:15:00,2024-09-28 16:15:00,14.184385725124857,52.515957918722826,312.0,case2,DOM03,58.845795779008135
27,77,135.2805750525137,138.46015682751352,12,0.5,1524,2024-09-28 16:15:00,2024-09-28 16:15:00,14.342300784137567,52.52640287526257,111.0,case2,DOM03,20.93552349830097
27,79,138.19084072779438,20.93355541112894,22,0.5,1525,2024-09-28 16:15:00,2024-09-28 16:15:00,13.754667777055646,52.54095420363897,200.0,case2,DOM03,37.721663960902646
27,80,138.0187177944854,64.87787021213036,25,0.5,1526,2024-09-28 16:15:00,2024-09-28 16:15:00,13.974389351060651,52.540093588972425,114.0,case2,DOM03,21.50134845771451
27,81,139.32192888935998,131.74036969714072,27,0.5,1527,2024-09-28 16:15:00,2024-09-28 16:15:00,14.308701848485704,52.546609644446804,79.0,case2,DOM03,14.900057264556546
27,82,139.5059408639531,74.06998302641831,16,0.5,1528,2024-09-28 16:15:00,2024-09-28 16:15:00,14.02034991513209,52.547529704319764,42.0,case2,DOM03,7.921549431789557
28,5,19.837039723291607,49.234645336305874,1305,0.5,1529,2024-09-28 16:20:00,2024-09-28 16:20:00,13.89617322668153,51.94918519861646,2650.0,case2,DOM03,499.8120474819601
28,6,11.493877099730149,132.2631294332837,375,0.5,1530,2024-09-28 16:20:00,2024-09-28 16:20:00,14.311315647166419,51.90746938549865,795.0,case2,DOM03,149.94361424458802
28,7,8.808426079033138,154.83551913307937,266,0.5,1531,2024-09-28 16:20:00,2024-09-28 16:20:00,14.424177595665398,51.89404213039517,760.0,case2,DOM03,143.34232305143007
28,11,15.179174176756987,104.39694859732703,6,0.5,1532,2024-09-28 16:20:00,2024-09-28 16:20:00,14.171984742986636,51.925895870883785,152.0,case2,DOM03,28.668464610286012
28,14,17.33142893743592,123.61266971837537,6,0.5,1533,2024-09-28 16:20:00,2024-09-28 16:20:00,14.268063348591877,51.93665714468718,27.0,case2,DOM03,5.092424634721858
28,15,18.935409941166377,107.87916668015814,6,0.5,1534,2024-09-28 16:20:00,2024-09-28 16:20:00,14.18939583340079,51.94467704970583,70.0,case2,DOM03,13.202582386315926
28,16,24.993425751727663,31.190284123421073,57,0.5,1535,2024-09-28 16:20:00,2024-09-28 16:20:00,13.805951420617106,51.97496712875864,162.0,case2,DOM03,30.554547808331147
28,17,28.08914810038131,97.24843525939717,9,0.5,1536,2024-09-28 16:20:00,2024-09-28 16:20:00,14.136242176296985,51.99044574050191,125.0,case2,DOM03,23.576039975564157
28,18,28.465110045263195,154.31380053989508,9,0.5,1537,2024-09-28 16:20:00,2024-09-28 16:20:00,14.421569002699476,51.99232555022632,68.0,case2,DOM03,12.8253657467069
28,21,33.292748176956785,154.04294989845317,24,0.5,1538,2024-09-28 16:20:00,2024-09-28 16:20:00,14.420214749492265,52.01646374088479,93.0,case2,DOM03,17.54057374181973
28,25,37.557027811867336,72.11150664225246,18,0.5,1539,2024-09-28 16:20:00,2024-09-28 16:20:00,14.010557533211262,52.03778513905934,58.0,case2,DOM03,10.939282548661769
28,26,37.30613255930324,102.0201628522078,7,0.5,1540,2024-09-28 16:20:00,2024-09-28 16:20:00,14.160100814261039,52.036530662796515,162.0,case2,DOM03,30.554547808331147
28,28,36.4671763860603,120.03168435772541,5,0.5,1541,2024-09-28 16:20:00,2024-09-28 16:20:00,14.250158421788628,52.0323358819303,155.0,case2,DOM03,29.234289569699552
28,29,53.69077080396102,80.12838135838204,230,0.5,1542,2024-09-28 16:20:00,2024-09-28 16:20:00,14.050641906791911,52.118453854019805,491.0,case2,DOM03,92.606685024016
28,31,39.99021151560626,178.8667443465307,5,0.5,1543,2024-09-28 16:20:00,2024-09-28 16:20:00,14.544333721732654,52.04995105757803,106.0,case2,DOM03,19.992481899278403
28,33,41.84499647324541,138.08508612899976,7,0.5,1544,2024-09-28 16:20:00,2024-09-28 16:20:00,14.340425430644999,52.05922498236623,417.0,case2,DOM03,78.64966935848202
28,34,46.11130186603174,137.82762086991985,83,0.5,1545,2024-09-28 16:20:00,2024-09-28 16:20:00,14.3391381043496,52.08055650933016,271.0,case2,DOM03,51.11285466702309
28,36,45.71440643585623,107.50994410317153,20,0.5,1546,2024-09-28 16:20:00,2024-09-28 16:20:00,14.187549720515857,52.07857203217928,144.0,case2,DOM03,27.15959805184991
28,37,50.346416790276336,45.87240652761945,67,0.5,1547,2024-09-28 16:20:00,2024-09-28 16:20:00,13.879362032638097,52.10173208395138,187.0,case2,DOM03,35.26975580344398
28,39,50.33025813004434,90.62039141627334,28,0.5,1548,2024-09-28 16:20:00,2024-09-28 16:20:00,14.103101957081368,52.101651290650224,181.0,case2,DOM03,34.1381058846169
28,40,52.86168447908417,59.31533355924459,15,0.5,1549,2024-09-28 16:20:00,2024-09-28 16:20:00,13.946576667796222,52.114308422395425,131.0,case2,DOM03,24.707689894391233
28,42,57.29604280051429,63.048867389992964,25,0.5,1550,2024-09-28 16:20:00,2024-09-28 16:20:00,13.965244336949965,52.13648021400257,86.0,case2,DOM03,16.22031550318814
28,44,58.046585738918225,141.39247749462922,14,0.5,1551,2024-09-28 16:20:00,2024-09-28 16:20:00,14.356962387473146,52.140232928694594,196.0,case2,DOM03,36.9672306816846
28,45,59.32357623096952,76.1300759500045,23,0.5,1552,2024-09-28 16:20:00,2024-09-28 16:20:00,14.030650379750021,52.146617881154846,133.0,case2,DOM03,25.08490653400026
28,46,59.71811951512742,147.85112093493458,11,0.5,1553,2024-09-28 16:20:00,2024-09-28 16:20:00,14.389255604674673,52.148590597575634,372.0,case2,DOM03,70.16229496727892
28,50,66.32926876140286,96.79235995133706,23,0.5,1554,2024-09-28 16:20:00,2024-09-28 16:20:00,14.133961799756685,52.18164634380702,305.0,case2,DOM03,57.52553754037654
28,51,64.71831186643135,54.26274516461619,66,0.5,1555,2024-09-28 16:20:00,2024-09-28 16:20:00,13.921313725823081,52.17359155933215,478.0,case2,DOM03,90.15477686655733
28,54,70.82796503660556,32.932354255527,6,0.5,1556,2024-09-28 16:20:00,2024-09-28 16:20:00,13.814661771277635,52.20413982518303,266.0,case2,DOM03,50.16981306800052
28,56,74.98898214585846,139.71726062928593,41,0.5,1557,2024-09-28 16:20:00,2024-09-28 16:20:00,14.34858630314643,52.22494491072929,233.0,case2,DOM03,43.945738514451584
28,59,76.70648111202776,86.33034398535627,13,0.5,1558,2024-09-28 16:20:00,2024-09-28 16:20:00,14.081651719926782,52.23353240556014,220.0,case2,DOM03,41.493830356992916
28,60,90.33100391170633,49.26588046939799,294,0.5,1559,2024-09-28 16:20:00,2024-09-28 16:20:00,13.89632940234699,52.30165501955853,1203.0,case2,DOM03,226.89580872482944
28,64,90.1112847856256,17.371229761643903,5,0.5,1560,2024-09-28 16:20:00,2024-09-28 16:20:00,13.736856148808219,52.30055642392813,364.0,case2,DOM03,68.65342840884281
28,65,91.81062191250714,74.02317070962582,10,0.5,1561,2024-09-28 16:20:00,2024-09-28 16:20:00,14.020115853548129,52.30905310956254,51.0,case2,DOM03,9.619024310030175
28,67,100.55126443235793,97.97953633536288,140,0.5,1562,2024-09-28 16:20:00,2024-09-28 16:20:00,14.139897681676816,52.35275632216179,598.0,case2,DOM03,112.78777524309892
28,70,104.61381148721263,53.06378936129862,5,0.5,1563,2024-09-28 16:20:00,2024-09-28 16:20:00,13.915318946806494,52.37306905743606,69.0,case2,DOM03,13.013974066511413
28,72,110.73880427009351,99.11978461800244,17,0.5,1564,2024-09-28 16:20:00,2024-09-28 16:20:00,14.145598923090011,52.40369402135047,243.0,case2,DOM03,45.83182171249672
28,73,125.62725360751233,137.2969790461631,49,0.5,1565,2024-09-28 16:20:00,2024-09-28 16:20:00,14.336484895230816,52.47813626803756,455.0,case2,DOM03,85.81678551105354
28,75,132.17359354896735,117.48093123658614,61,0.5,1566,2024-09-28 16:20:00,2024-09-28 16:20:00,14.23740465618293,52.51086796774484,296.0,case2,DOM03,55.82806266213592
28,77,134.39332938845203,130.17802217410255,10,0.5,1567,2024-09-28 16:20:00,2024-09-28 16:20:00,14.300890110870514,52.52196664694226,95.0,case2,DOM03,17.91779038142876
28,78,133.9269285145907,146.87561039165206,6,0.5,1568,2024-09-28 16:20:00,2024-09-28 16:20:00,14.38437805195826,52.51963464257295,54.0,case2,DOM03,10.184849269443715
28,79,137.37422505196108,76.57231892567879,35,0.5,1569,2024-09-28 16:20:00,2024-09-28 16:20:00,14.032861594628393,52.5368711252598,122.0,case2,DOM03,23.010215016150617
28,80,138.33000752083422,31.341395650927485,16,0.5,1570,2024-09-28 16:20:00,2024-09-28 16:20:00,13.806706978254637,52.54165003760417,234.0,case2,DOM03,44.1343468342561
28,81,139.03998776820623,144.53182924631116,22,0.5,1571,2024-09-28 16:20:00,2024-09-28 16:20:00,14.372659146231555,52.54519993884103,149.0,case2,DOM03,28.102639650872472
28,82,139.00594653546696,84.69724925662193,17,0.5,1572,2024-09-28 16:20:00,2024-09-28 16:20:00,14.073486246283109,52.545029732677335,45.0,case2,DOM03,8.487374391203096
29,6,2.5224493179599574,59.5848398453567,155,0.5,1573,2024-09-28 16:25:00,2024-09-28 16:25:00,13.947924199226783,51.8626122465898,284.0,case2,DOM03,53.56476282448176
29,7,4.319671735826632,110.66123929371277,19,0.5,1574,2024-09-28 16:25:00,2024-09-28 16:25:00,14.203306196468564,51.87159835867913,88.0,case2,DOM03,16.597532142797164
29,8,7.889731002166477,138.7586800378003,270,0.5,1575,2024-09-28 16:25:00,2024-09-28 16:25:00,14.343793400189002,51.88944865501083,552.0,case2,DOM03,104.1117925320913
29,9,1.7533971673756366,150.2459868169952,36,0.5,1576,2024-09-28 16:25:00,2024-09-28 16:25:00,14.401229934084975,51.85876698583688,116.0,case2,DOM03,21.878565097323538
29,11,6.627106067219555,4.068176630532719,50,0.5,1577,2024-09-28 16:25:00,2024-09-28 16:25:00,13.670340883152663,51.8831355303361,157.0,case2,DOM03,29.61150620930858
29,12,7.785886498046446,165.62316279382904,113,0.5,1578,2024-09-28 16:25:00,2024-09-28 16:25:00,14.478115813969145,51.88892943249023,438.0,case2,DOM03,82.6104440743768
29,13,20.518190114102385,50.19445592916558,491,0.5,1579,2024-09-28 16:25:00,2024-09-28 16:25:00,13.900972279645828,51.95259095057051,1.0,case2,DOM03,0.18860831980451326
29,14,9.623600921093894,9.867408236062166,7,0.5,1580,2024-09-28 16:25:00,2024-09-28 16:25:00,13.69933704118031,51.89811800460547,285.0,case2,DOM03,53.75337114428628
29,16,21.87843794027388,83.64055694849773,368,0.5,1581,2024-09-28 16:25:00,2024-09-28 16:25:00,14.068202784742489,51.95939218970137,898.0,case2,DOM03,169.3702711844529
29,19,18.03443025201387,118.03654244217135,7,0.5,1582,2024-09-28 16:25:00,2024-09-28 16:25:00,14.240182712210856,51.940172151260064,137.0,case2,DOM03,25.839339813218313
29,22,23.24834357153481,40.5138127188209,21,0.5,1583,2024-09-28 16:25:00,2024-09-28 16:25:00,13.852569063594105,51.96624171785768,98.0,case2,DOM03,18.4836153408423
29,23,25.341658611902886,105.13978176385821,7,0.5,1584,2024-09-28 16:25:00,2024-09-28 16:25:00,14.175698908819292,51.97670829305952,72.0,case2,DOM03,13.579799025924954
29,25,25.44149539245963,158.96821625627396,5,0.5,1585,2024-09-28 16:25:00,2024-09-28 16:25:00,14.44484108128137,51.9772074769623,203.0,case2,DOM03,38.28748892031619
29,27,29.98701635920543,37.86977270404914,12,0.5,1586,2024-09-28 16:25:00,2024-09-28 16:25:00,13.839348863520245,51.999935081796025,44.0,case2,DOM03,8.298766071398582
29,28,32.74623748207011,73.42825147973517,39,0.5,1587,2024-09-28 16:25:00,2024-09-28 16:25:00,14.017141257398675,52.01373118741035,169.0,case2,DOM03,31.87480604696274
29,29,31.897525331082548,111.64916551707283,30,0.5,1588,2024-09-28 16:25:00,2024-09-28 16:25:00,14.208245827585365,52.009487626655414,131.0,case2,DOM03,24.707689894391233
29,30,31.75764014706587,162.5776657631535,11,0.5,1589,2024-09-28 16:25:00,2024-09-28 16:25:00,14.462888328815767,52.00878820073533,115.0,case2,DOM03,21.689956777519026
29,33,34.90533953214468,40.06605801193248,15,0.5,1590,2024-09-28 16:25:00,2024-09-28 16:25:00,13.850330290059663,52.024526697660725,1028.0,case2,DOM03,193.8893527590396
29,34,37.169061944863905,60.964747564375536,10,0.5,1591,2024-09-28 16:25:00,2024-09-28 16:25:00,13.954823737821878,52.035845309724316,45.0,case2,DOM03,8.487374391203096
29,35,41.59664382096228,117.82528616745259,18,0.5,1592,2024-09-28 16:25:00,2024-09-28 16:25:00,14.239126430837263,52.05798321910481,178.0,case2,DOM03,33.57228092520336
29,36,40.383171408062296,164.81560931463014,19,0.5,1593,2024-09-28 16:25:00,2024-09-28 16:25:00,14.474078046573151,52.051915857040306,481.0,case2,DOM03,90.72060182597087
29,37,41.538231468296125,158.02291430092083,7,0.5,1594,2024-09-28 16:25:00,2024-09-28 16:25:00,14.440114571504603,52.05769115734148,365.0,case2,DOM03,68.84203672864733
29,38,47.55645756959717,93.12258617906133,107,0.5,1595,2024-09-28 16:25:00,2024-09-28 16:25:00,14.115612930895306,52.087782287847986,1089.0,case2,DOM03,205.39446026711494
29,40,48.10531738546867,54.47432970197645,26,0.5,1596,2024-09-28 16:25:00,2024-09-28 16:25:00,13.922371648509882,52.090526586927346,230.0,case2,DOM03,43.37991355503805
29,42,58.662066016375626,70.07420685699157,147,0.5,1597,2024-09-28 16:25:00,2024-09-28 16:25:00,14.000371034284958,52.14331033008188,1.0,case2,DOM03,0.18860831980451326
29,46,58.878067710965134,151.37448722699455,10,0.5,1598,2024-09-28 16:25:00,2024-09-28 16:25:00,14.406872436134972,52.14439033855483,390.0,case2,DOM03,73.55724472376018
29,47,61.191891530423135,97.6867778889076,55,0.5,1599,2024-09-28 16:25:00,2024-09-28 16:25:00,14.138433889444538,52.155959457652116,386.0,case2,DOM03,72.80281144454212
29,48,67.84000733411618,108.6027751001363,17,0.5,1600,2024-09-28 16:25:00,2024-09-28 16:25:00,14.193013875500682,52.18920003667058,252.0,case2,DOM03,47.52929659073734
29,49,70.70644712575412,145.52857835016098,5,0.5,1601,2024-09-28 16:25:00,2024-09-28 16:25:00,14.377642891750805,52.20353223562877,118.0,case2,DOM03,22.255781736932565
29,50,75.13219674195594,82.14683477722818,21,0.5,1602,2024-09-28 16:25:00,2024-09-28 16:25:00,14.060734173886141,52.22566098370978,308.0,case2,DOM03,58.09136249979008
29,51,75.79864176341916,155.3248170957429,8,0.5,1603,2024-09-28 16:25:00,2024-09-28 16:25:00,14.426624085478714,52.228993208817094,162.0,case2,DOM03,30.554547808331147
29,56,85.11955319585725,58.2962831421969,134,0.5,1604,2024-09-28 16:25:00,2024-09-28 16:25:00,13.941481415710983,52.275597765979285,481.0,case2,DOM03,90.72060182597087
29,59,84.01903841401717,43.61752654826685,17,0.5,1605,2024-09-28 16:25:00,2024-09-28 16:25:00,13.868087632741334,52.27009519207009,122.0,case2,DOM03,23.010215016150617
29,61,94.29424833519984,73.98181096839453,55,0.5,1606,2024-09-28 16:25:00,2024-09-28 16:25:00,14.019909054841973,52.321471241676,436.0,case2,DOM03,82.23322743476777
29,62,98.50284648191494,57.750005243598736,46,0.5,1607,2024-09-28 16:25:00,2024-09-28 16:25:00,13.938750026217994,52.34251423240958,730.0,case2,DOM03,137.68407345729466
29,63,100.44699318852234,111.40241350550058,51,0.5,1608,2024-09-28 16:25:00,2024-09-28 16:25:00,14.207012067527502,52.352234965942614,453.0,case2,DOM03,85.4395688714445
29,66,100.09667515940268,98.16443714137128,6,0.5,1609,2024-09-28 16:25:00,2024-09-28 16:25:00,14.140822185706856,52.35048337579701,84.0,case2,DOM03,15.843098863579113
29,70,123.72694196917085,145.38660073816277,50,0.5,1610,2024-09-28 16:25:00,2024-09-28 16:25:00,14.376933003690814,52.46863470984585,508.0,case2,DOM03,95.81302646069274
29,72,131.7819119285295,128.39193208040362,56,0.5,1611,2024-09-28 16:25:00,2024-09-28 16:25:00,14.291959660402018,52.508909559642646,361.0,case2,DOM03,68.0876034494293
29,74,138.5725909403747,156.28685549042223,45,0.5,1612,2024-09-28 16:25:00,2024-09-28 16:25:00,14.43143427745211,52.542862954701874,202.0,case2,DOM03,38.09888060051168
29,76,137.02838063439066,87.17107442036087,17,0.5,1613,2024-09-28 16:25:00,2024-09-28 16:25:00,14.085855372101806,52.53514190317195,128.0,case2,DOM03,24.141864934977697
29,78,138.191879732233,95.15352230594907,14,0.5,1614,2024-09-28 16:25:00,2024-09-28 16:25:00,14.125767611529746,52.540959398661165,57.0,case2,DOM03,10.750674228857255
29,79,139.06676777570644,38.4042276217258,5,0.5,1615,2024-09-28 16:25:00,2024-09-28 16:25:00,13.84202113810863,52.545333838878534,236.0,case2,DOM03,44.51156347386513
30,5,2.663858850869205,15.461663916187891,66,0.5,1616,2024-09-28 16:30:00,2024-09-28 16:30:00,13.72730831958094,51.863319294254346,491.0,case2,DOM03,92.606685024016
30,6,2.712438058499172,71.36528220744741,109,0.5,1617,2024-09-28 16:30:00,2024-09-28 16:30:00,14.006826411037238,51.8635621902925,236.0,case2,DOM03,44.51156347386513
30,8,5.908796277592611,145.82610038318063,214,0.5,1618,2024-09-28 16:30:00,2024-09-28 16:30:00,14.379130501915904,51.87954398138797,572.0,case2,DOM03,107.88395892818157
30,10,1.2837578964166716,160.5092647652431,36,0.5,1619,2024-09-28 16:30:00,2024-09-28 16:30:00,14.452546323826216,51.85641878948208,87.0,case2,DOM03,16.40892382299265
30,12,5.62922587168272,175.851516258395,75,0.5,1620,2024-09-28 16:30:00,2024-09-28 16:30:00,14.529257581291974,51.87814612935841,232.0,case2,DOM03,43.757130194647075
30,13,6.481640758946639,48.14875418607774,88,0.5,1621,2024-09-28 16:30:00,2024-09-28 16:30:00,13.890743770930388,51.88240820379473,1564.0,case2,DOM03,294.9834121742587
30,16,18.512813067484636,81.39268574471168,530,0.5,1622,2024-09-28 16:30:00,2024-09-28 16:30:00,14.056963428723558,51.94256406533742,1.0,case2,DOM03,0.18860831980451326
30,19,16.0,105.7648647835243,7,0.5,1623,2024-09-28 16:30:00,2024-09-28 16:30:00,14.178824323917622,51.93,106.0,case2,DOM03,19.992481899278403
30,23,23.385695500746323,84.78251901343378,9,0.5,1624,2024-09-28 16:30:00,2024-09-28 16:30:00,14.073912595067169,51.966928477503735,49.0,case2,DOM03,9.24180767042115
30,25,27.695088986488187,120.12449943451118,14,0.5,1625,2024-09-28 16:30:00,2024-09-28 16:30:00,14.250622497172555,51.98847544493244,69.0,case2,DOM03,13.013974066511413
30,26,33.735380110874026,63.249172769817285,101,0.5,1626,2024-09-28 16:30:00,2024-09-28 16:30:00,13.966245863849087,52.018676900554375,256.0,case2,DOM03,48.283729869955394
30,27,30.288872932770154,48.61244654780973,7,0.5,1627,2024-09-28 16:30:00,2024-09-28 16:30:00,13.893062232739048,52.001444364663854,178.0,case2,DOM03,33.57228092520336
30,30,31.330840200422966,172.52174116211052,6,0.5,1628,2024-09-28 16:30:00,2024-09-28 16:30:00,14.512608705810553,52.006654201002114,401.0,case2,DOM03,75.63193624160981
30,33,34.672883854406756,50.15141234124823,11,0.5,1629,2024-09-28 16:30:00,2024-09-28 16:30:00,13.90075706170624,52.023364419272035,51.0,case2,DOM03,9.619024310030175
30,34,36.242950232970436,126.98753250165393,12,0.5,1630,2024-09-28 16:30:00,2024-09-28 16:30:00,14.28493766250827,52.03121475116485,160.0,case2,DOM03,30.17733116872212
30,38,37.64281962063679,74.4924569904592,5,0.5,1631,2024-09-28 16:30:00,2024-09-28 16:30:00,14.022462284952296,52.03821409810318,75.0,case2,DOM03,14.145623985338494
30,40,41.7593580562741,110.05367994960311,95,0.5,1632,2024-09-28 16:30:00,2024-09-28 16:30:00,14.200268399748015,52.05879679028137,324.0,case2,DOM03,61.109095616662295
30,43,45.02071949042746,62.42954174879668,15,0.5,1633,2024-09-28 16:30:00,2024-09-28 16:30:00,13.962147708743984,52.07510359745214,161.0,case2,DOM03,30.36593948852663
30,48,46.6268654681724,97.82089157734256,6,0.5,1634,2024-09-28 16:30:00,2024-09-28 16:30:00,14.139104457886713,52.083134327340865,207.0,case2,DOM03,39.04192219953425
30,49,57.724445837643195,79.0335492563506,160,0.5,1635,2024-09-28 16:30:00,2024-09-28 16:30:00,14.045167746281752,52.138622229188215,972.0,case2,DOM03,183.32728684998688
30,52,50.94692116727575,158.99337328422976,6,0.5,1636,2024-09-28 16:30:00,2024-09-28 16:30:00,14.444966866421149,52.10473460583638,827.0,case2,DOM03,155.97908047833246
30,56,56.197278599727376,107.96594665798762,9,0.5,1637,2024-09-28 16:30:00,2024-09-28 16:30:00,14.189829733289937,52.130986392998636,374.0,case2,DOM03,70.53951160688796
30,57,58.552749490553275,93.40730089383172,16,0.5,1638,2024-09-28 16:30:00,2024-09-28 16:30:00,14.117036504469159,52.14276374745277,108.0,case2,DOM03,20.36969853888743
30,63,65.46698919562621,120.62792765279994,10,0.5,1639,2024-09-28 16:30:00,2024-09-28 16:30:00,14.253139638264,52.17733494597813,203.0,case2,DOM03,38.28748892031619
30,67,77.01153989918522,108.81081997886909,8,0.5,1640,2024-09-28 16:30:00,2024-09-28 16:30:00,14.194054099894345,52.235057699495925,103.0,case2,DOM03,19.426656939864863
30,68,85.38795196051903,66.75688903070244,224,0.5,1641,2024-09-28 16:30:00,2024-09-28 16:30:00,13.983784445153512,52.276939759802595,1253.0,case2,DOM03,236.3262247150551
30,69,94.96223851491726,85.47680473367393,36,0.5,1642,2024-09-28 16:30:00,2024-09-28 16:30:00,14.077384023668369,52.324811192574586,578.0,case2,DOM03,109.01560884700866
30,70,96.82764964924567,1.2500137582455053,6,0.5,1643,2024-09-28 16:30:00,2024-09-28 16:30:00,13.656250068791227,52.33413824824623,85.0,case2,DOM03,16.031707183383624
30,71,100.48162076259484,122.58138712294424,33,0.5,1644,2024-09-28 16:30:00,2024-09-28 16:30:00,14.262906935614721,52.35240810381298,380.0,case2,DOM03,71.67116152571504
30,76,121.99920125849607,153.6594129582168,18,0.5,1645,2024-09-28 16:30:00,2024-09-28 16:30:00,14.418297064791084,52.45999600629248,276.0,case2,DOM03,52.05589626604565
30,78,131.67158845655254,139.88040974786875,46,0.5,1646,2024-09-28 16:30:00,2024-09-28 16:30:00,14.349402048739343,52.508357942282764,324.0,case2,DOM03,61.109095616662295
30,80,137.86091257101324,166.31995962200153,74,0.5,1647,2024-09-28 16:30:00,2024-09-28 16:30:00,14.481599798110008,52.539304562855065,359.0,case2,DOM03,67.71038680982025
30,82,136.35745971577916,97.52100445015647,9,0.5,1648,2024-09-28 16:30:00,2024-09-28 16:30:00,14.137605022250783,52.5317872985789,167.0,case2,DOM03,31.49758940735371
31,5,2.5699861152010977,25.422480545687417,51,0.5,1649,2024-09-28 16:35:00,2024-09-28 16:35:00,13.777112402728436,51.862849930576004,417.0,case2,DOM03,78.64966935848202
31,10,3.701953450473087,155.52959640301924,182,0.5,1650,2024-09-28 16:35:00,2024-09-28 16:35:00,14.427647982015097,51.86850976725236,378.0,case2,DOM03,71.293944886106
31,11,0.3131565592489216,169.44739562806717,10,0.5,1651,2024-09-28 16:35:00,2024-09-28 16:35:00,14.497236978140336,51.85156578279624,27.0,case2,DOM03,5.092424634721858
31,12,1.0002430996797254,178.95053486510562,11,0.5,1652,2024-09-28 16:35:00,2024-09-28 16:35:00,14.544752674325528,51.8550012154984,74.0,case2,DOM03,13.95701566553398
31,13,4.210864330377527,58.382239624279244,75,0.5,1653,2024-09-28 16:35:00,2024-09-28 16:35:00,13.941911198121396,51.87105432165188,210.0,case2,DOM03,39.60774715894778
31,15,5.0423400103660745,80.57861021380629,34,0.5,1654,2024-09-28 16:35:00,2024-09-28 16:35:00,14.05289305106903,51.87521170005183,158.0,case2,DOM03,29.800114529113092
31,18,14.45495864191196,87.02529968483549,391,0.5,1655,2024-09-28 16:35:00,2024-09-28 16:35:00,14.085126498424179,51.92227479320956,1.0,case2,DOM03,0.18860831980451326
31,22,14.828439684465206,117.8925888195594,6,0.5,1656,2024-09-28 16:35:00,2024-09-28 16:35:00,14.239462944097797,51.924142198422324,187.0,case2,DOM03,35.26975580344398
31,24,23.26776790756143,112.24662481707168,68,0.5,1657,2024-09-28 16:35:00,2024-09-28 16:35:00,14.211233124085359,51.96633883953781,1090.0,case2,DOM03,205.58306858691944
31,25,22.243896136182823,62.01952444586246,10,0.5,1658,2024-09-28 16:35:00,2024-09-28 16:35:00,13.960097622229313,51.96121948068092,191.0,case2,DOM03,36.02418908266203
31,29,32.32728877407467,170.8464171549274,23,0.5,1659,2024-09-28 16:35:00,2024-09-28 16:35:00,14.504232085774637,52.01163644387037,527.0,case2,DOM03,99.39658453697848
31,31,37.15471518623178,76.16058675491142,51,0.5,1660,2024-09-28 16:35:00,2024-09-28 16:35:00,14.030802933774556,52.03577357593115,382.0,case2,DOM03,72.04837816532407
31,32,37.60947287475724,120.60870405011778,104,0.5,1661,2024-09-28 16:35:00,2024-09-28 16:35:00,14.25304352025059,52.03804736437378,700.0,case2,DOM03,132.02582386315927
31,33,34.755498047856506,61.10943112126622,11,0.5,1662,2024-09-28 16:35:00,2024-09-28 16:35:00,13.95554715560633,52.02377749023928,59.0,case2,DOM03,11.127890868466283
31,34,35.89618529148073,88.75766006853769,21,0.5,1663,2024-09-28 16:35:00,2024-09-28 16:35:00,14.09378830034269,52.0294809264574,159.0,case2,DOM03,29.988722848917607
31,36,41.95125138342317,127.11031307319186,6,0.5,1664,2024-09-28 16:35:00,2024-09-28 16:35:00,14.28555156536596,52.05975625691712,50.0,case2,DOM03,9.430415990225661
31,40,59.05447165267694,92.33709506778567,152,0.5,1665,2024-09-28 16:35:00,2024-09-28 16:35:00,14.111685475338929,52.14527235826339,1036.0,case2,DOM03,195.39821931747574
31,41,58.300612053031806,124.28576075996052,9,0.5,1666,2024-09-28 16:35:00,2024-09-28 16:35:00,14.271428803799802,52.14150306026516,252.0,case2,DOM03,47.52929659073734
31,43,62.6923036242892,118.27207196487429,12,0.5,1667,2024-09-28 16:35:00,2024-09-28 16:35:00,14.241360359824371,52.163461518121444,128.0,case2,DOM03,24.141864934977697
31,46,74.19735900946509,105.96012756168552,36,0.5,1668,2024-09-28 16:35:00,2024-09-28 16:35:00,14.179800637808427,52.220986795047324,316.0,case2,DOM03,59.600229058226184
31,48,84.91977756523231,78.66649608787176,184,0.5,1669,2024-09-28 16:35:00,2024-09-28 16:35:00,14.043332480439359,52.27459888782616,688.0,case2,DOM03,129.76252402550512
31,50,79.03617905175958,59.755649417775416,10,0.5,1670,2024-09-28 16:35:00,2024-09-28 16:35:00,13.948778247088876,52.2451808952588,58.0,case2,DOM03,10.939282548661769
31,51,84.56511594728106,56.772623366184646,13,0.5,1671,2024-09-28 16:35:00,2024-09-28 16:35:00,13.933863116830924,52.272825579736406,347.0,case2,DOM03,65.4470869721661
31,55,96.28534816569714,95.9802737116311,7,0.5,1672,2024-09-28 16:35:00,2024-09-28 16:35:00,14.129901368558157,52.33142674082848,339.0,case2,DOM03,63.93822041372999
31,56,100.3866012670661,82.664351488066,5,0.5,1673,2024-09-28 16:35:00,2024-09-28 16:35:00,14.06332175744033,52.35193300633533,297.0,case2,DOM03,56.016670981940436
31,61,131.87251068258215,151.20932229414063,40,0.5,1674,2024-09-28 16:35:00,2024-09-28 16:35:00,14.406046611470703,52.509362553412906,130.0,case2,DOM03,24.519081574586725
31,62,134.03064603452884,178.11324624743514,25,0.5,1675,2024-09-28 16:35:00,2024-09-28 16:35:00,14.540566231237177,52.520153230172646,235.0,case2,DOM03,44.32295515406061
31,63,134.46250451132647,162.382083336101,9,0.5,1676,2024-09-28 16:35:00,2024-09-28 16:35:00,14.461910416680505,52.52231252255663,209.0,case2,DOM03,39.419138839143265
31,64,137.26370173714906,138.70906620398435,13,0.5,1677,2024-09-28 16:35:00,2024-09-28 16:35:00,14.343545331019921,52.536318508685746,190.0,case2,DOM03,35.83558076285752
31,65,137.62897258055887,171.5946613864642,18,0.5,1678,2024-09-28 16:35:00,2024-09-28 16:35:00,14.507973306932321,52.53814486290279,1.0,case2,DOM03,0.18860831980451326
32,5,1.3965353930318092,35.89979486413224,33,0.5,1679,2024-09-28 16:40:00,2024-09-28 16:40:00,13.82949897432066,51.85698267696516,177.0,case2,DOM03,33.38367260539884
32,6,1.4775579924220386,67.90725170460595,48,0.5,1680,2024-09-28 16:40:00,2024-09-28 16:40:00,13.98953625852303,51.85738778996211,341.0,case2,DOM03,64.31543705333902
32,8,9.209568209891101,105.8391478733104,224,0.5,1681,2024-09-28 16:40:00,2024-09-28 16:40:00,14.179195739366552,51.89604784104946,895.0,case2,DOM03,168.80444622503936
32,9,2.1401423604112755,161.54692354245975,46,0.5,1682,2024-09-28 16:40:00,2024-09-28 16:40:00,14.4577346177123,51.86070071180205,1.0,case2,DOM03,0.18860831980451326
32,11,12.657787894072941,86.03124661744864,179,0.5,1683,2024-09-28 16:40:00,2024-09-28 16:40:00,14.080156233087243,51.91328893947036,1.0,case2,DOM03,0.18860831980451326
32,15,10.175905834272003,158.49304351103166,5,0.5,1684,2024-09-28 16:40:00,2024-09-28 16:40:00,14.442465217555158,51.90087952917136,344.0,case2,DOM03,64.88126201275256
32,20,20.931821971126098,119.44420623520656,32,0.5,1685,2024-09-28 16:40:00,2024-09-28 16:40:00,14.247221031176032,51.954659109855626,342.0,case2,DOM03,64.50404537314353
32,21,20.635922945515677,72.829056227038,14,0.5,1686,2024-09-28 16:40:00,2024-09-28 16:40:00,14.01414528113519,51.95317961472758,170.0,case2,DOM03,32.06341436676725
32,22,32.58239264914274,134.60349346896942,19,0.5,1687,2024-09-28 16:40:00,2024-09-28 16:40:00,14.323017467344847,52.01291196324571,191.0,case2,DOM03,36.02418908266203
32,23,36.01935577430928,88.16652250638131,46,0.5,1688,2024-09-28 16:40:00,2024-09-28 16:40:00,14.090832612531907,52.030096778871545,358.0,case2,DOM03,67.52177849001575
32,24,31.021151050979725,97.3357578093373,6,0.5,1689,2024-09-28 16:40:00,2024-09-28 16:40:00,14.136678789046687,52.0051057552549,93.0,case2,DOM03,17.54057374181973
32,25,36.79272802073381,126.77611441567119,59,0.5,1690,2024-09-28 16:40:00,2024-09-28 16:40:00,14.283880572078356,52.033963640103664,566.0,case2,DOM03,106.7523090093545
32,29,44.983794010939825,92.64255916859106,31,0.5,1691,2024-09-28 16:40:00,2024-09-28 16:40:00,14.113212795842955,52.0749189700547,130.0,case2,DOM03,24.519081574586725
32,31,52.89045346120274,109.36787225287347,80,0.5,1692,2024-09-28 16:40:00,2024-09-28 16:40:00,14.196839361264367,52.114452267306014,1.0,case2,DOM03,0.18860831980451326
32,32,58.85843907225093,114.07296587795642,11,0.5,1693,2024-09-28 16:40:00,2024-09-28 16:40:00,14.220364829389784,52.14429219536126,497.0,case2,DOM03,93.73833494284308
32,33,61.86576722829613,95.8624522934092,40,0.5,1694,2024-09-28 16:40:00,2024-09-28 16:40:00,14.129312261467046,52.159328836141476,319.0,case2,DOM03,60.16605401763972
32,38,62.751184762821765,128.4947638980346,6,0.5,1695,2024-09-28 16:40:00,2024-09-28 16:40:00,14.292473819490173,52.16375592381411,161.0,case2,DOM03,30.36593948852663
32,40,74.38820238025554,116.95541701765247,33,0.5,1696,2024-09-28 16:40:00,2024-09-28 16:40:00,14.234777085088261,52.22194101190128,466.0,case2,DOM03,87.89147702890317
32,43,85.57194546035045,92.97684333336595,126,0.5,1697,2024-09-28 16:40:00,2024-09-28 16:40:00,14.11488421666683,52.27785972730175,1536.0,case2,DOM03,289.70237921973234
32,45,82.79249238543625,67.9298966430496,30,0.5,1698,2024-09-28 16:40:00,2024-09-28 16:40:00,13.989649483215247,52.26396246192718,426.0,case2,DOM03,80.34714423672264
32,47,83.78271763801489,78.02670230001252,18,0.5,1699,2024-09-28 16:40:00,2024-09-28 16:40:00,14.040133511500063,52.268913588190074,93.0,case2,DOM03,17.54057374181973
32,53,137.77927854678254,149.38103380137883,23,0.5,1700,2024-09-28 16:40:00,2024-09-28 16:40:00,14.396905169006894,52.53889639273391,368.0,case2,DOM03,69.40786168806088
